variant_name,master_seed,size_tag,family,dim,cfg,n_runs,drop_bal_acc_mean,drop_bal_acc_std
m1_hist_byteent,42,size_q1000_id500_ood500,classical,6,linear,15,-0.02632887034669286,0.021669343586455767
m1_hist_byteent,42,size_q1000_id500_ood500,classical,8,rbf_gscale,15,-0.013466864993866689,0.03283478437441444
m1_hist_byteent,42,size_q1000_id500_ood500,classical,12,rbf_gscale,15,-0.006972218371629491,0.05060823008345087
m1_hist_byteent,42,size_q1000_id500_ood500,classical,10,rbf_gscale,15,-0.004552273111342852,0.040281765051052625
m1_hist_byteent,42,size_q1000_id500_ood500,classical,10,linear,15,0.013783171080404721,0.06343326471899274
m1_hist_byteent,42,size_q1000_id500_ood500,classical,6,rbf_gscale,15,0.02047982726457611,0.056844162140350075
m1_hist_byteent,42,size_q1000_id500_ood500,classical,8,linear,15,0.021417414865471676,0.06115503730793697
m1_hist_byteent,42,size_q1000_id500_ood500,classical,4,linear,15,0.02230929538909603,0.043057683181587696
m1_hist_byteent,42,size_q1000_id500_ood500,classical,12,linear,15,0.023346503875068824,0.068066091550404
m1_hist_byteent,42,size_q1000_id500_ood500,classical,4,rbf_gscale,15,0.02798555744890898,0.05885409293267215
m1_hist_byteent,42,size_q1000_id500_ood500,quantum,12,pauli_xz_r1_full__d12,15,-0.011161094568711416,0.030363347990549516
m1_hist_byteent,42,size_q1000_id500_ood500,quantum,4,zmap_r2__d4,15,-0.008655958290120617,0.019564522705740942
m1_hist_byteent,42,size_q1000_id500_ood500,quantum,4,zz_r1_full__d4,15,-0.007489754276614025,0.021880808333110235
m1_hist_byteent,42,size_q1000_id500_ood500,quantum,6,pauli_xz_r1_full__d6,15,-0.0069000119489185385,0.013472419289840104
m1_hist_byteent,42,size_q1000_id500_ood500,quantum,8,pauli_xz_r1_full__d8,15,-0.006282859047313782,0.016639657988999027
m1_hist_byteent,42,size_q1000_id500_ood500,quantum,10,pauli_xz_r1_full__d10,15,-0.0016976158769743898,0.01928159902888412
m1_hist_byteent,42,size_q1000_id500_ood500,quantum,8,zmap_r2__d8,15,-0.0007870145243582094,0.03481153673069406
m1_hist_byteent,42,size_q1000_id500_ood500,quantum,6,zmap_r2__d6,15,0.0048039714094913885,0.010838761342863714
m1_hist_byteent,42,size_q1000_id500_ood500,quantum,10,zmap_r2__d10,15,0.006618126271079783,0.028426064392949306
m1_hist_byteent,42,size_q1000_id500_ood500,quantum,12,zmap_r2__d12,15,0.010598554748283669,0.0315632968912075
m1_hist_byteent,42,size_q1000_id500_ood500,quantum,6,zz_r1_full__d6,15,0.017696720749689688,0.02597063039752065
m1_hist_byteent,42,size_q1000_id500_ood500,quantum,4,zz_r2_full__d4,15,0.025360485759882458,0.019534416196593907
m1_hist_byteent,42,size_q1000_id500_ood500,quantum,12,zz_r1_full__d12,15,0.02862284703500039,0.025220234097188352
m1_hist_byteent,42,size_q1000_id500_ood500,quantum,8,zz_r2_full__d8,15,0.033754055791305214,0.03485846587238324
m1_hist_byteent,42,size_q1000_id500_ood500,quantum,8,zz_r1_full__d8,15,0.03601501912362137,0.02859791009647918
m1_hist_byteent,42,size_q1000_id500_ood500,quantum,10,zz_r1_full__d10,15,0.03780013839507392,0.028947741003433735
m1_hist_byteent,42,size_q1000_id500_ood500,quantum,6,zz_r2_full__d6,15,0.04310061931969968,0.03073679019784829
m1_hist_byteent,42,size_q1000_id500_ood500,quantum,10,zz_r2_full__d10,15,0.04428770098532282,0.03949191268180869
m1_hist_byteent,42,size_q1000_id500_ood500,quantum,12,zz_r2_full__d12,15,0.04601210057319109,0.03503730087860222
m1_hist_byteent,42,size_q1000_id500_ood500,quantum,4,pauli_xz_r1_full__d4,15,0.07012682180498916,0.08964736309630397
m1_hist_byteent,42,size_q2000_id1000_ood1000,classical,4,linear,15,-0.04416671578258098,0.027460377638621785
m1_hist_byteent,42,size_q2000_id1000_ood1000,classical,8,rbf_gscale,15,-0.02912622254818887,0.013152353103607402
m1_hist_byteent,42,size_q2000_id1000_ood1000,classical,6,rbf_gscale,15,-0.025222394304850834,0.01968106688766981
m1_hist_byteent,42,size_q2000_id1000_ood1000,classical,12,linear,15,-0.008066385032401476,0.057423543616948444
m1_hist_byteent,42,size_q2000_id1000_ood1000,classical,12,rbf_gscale,15,-0.006413906200623032,0.05856687869863716
m1_hist_byteent,42,size_q2000_id1000_ood1000,classical,6,linear,15,-0.0007308644717190245,0.04398044475934693
m1_hist_byteent,42,size_q2000_id1000_ood1000,classical,10,rbf_gscale,15,0.0009966366431630588,0.05801007087597702
m1_hist_byteent,42,size_q2000_id1000_ood1000,classical,10,linear,15,0.0031406979319893225,0.057144098698996025
m1_hist_byteent,42,size_q2000_id1000_ood1000,classical,8,linear,15,0.0058814075097326874,0.058208080007240245
m1_hist_byteent,42,size_q2000_id1000_ood1000,classical,4,rbf_gscale,15,0.0377519169919559,0.06706044821890489
m1_hist_byteent,42,size_q2000_id1000_ood1000,quantum,4,zz_r2_full__d4,15,0.005763625152014747,0.035426629838982454
m1_hist_byteent,42,size_q2000_id1000_ood1000,quantum,6,zmap_r2__d6,15,0.01779582937058377,0.07119582051251323
m1_hist_byteent,42,size_q2000_id1000_ood1000,quantum,4,zz_r1_full__d4,15,0.018925535185527687,0.06329165191920952
m1_hist_byteent,42,size_q2000_id1000_ood1000,quantum,4,zmap_r2__d4,15,0.020806720709859346,0.08012844675229813
m1_hist_byteent,42,size_q2000_id1000_ood1000,quantum,12,zmap_r2__d12,15,0.022841030347338642,0.0177852673011543
m1_hist_byteent,42,size_q2000_id1000_ood1000,quantum,6,pauli_xz_r1_full__d6,15,0.026291502144432603,0.07198939773501695
m1_hist_byteent,42,size_q2000_id1000_ood1000,quantum,12,zz_r1_full__d12,15,0.029551980188988813,0.010051190564990589
m1_hist_byteent,42,size_q2000_id1000_ood1000,quantum,6,zz_r1_full__d6,15,0.029861081870223894,0.025352226760567496
m1_hist_byteent,42,size_q2000_id1000_ood1000,quantum,12,pauli_xz_r1_full__d12,15,0.031414851130419905,0.059791080054899665
m1_hist_byteent,42,size_q2000_id1000_ood1000,quantum,10,zz_r1_full__d10,15,0.032188223609091106,0.013249043298173046
m1_hist_byteent,42,size_q2000_id1000_ood1000,quantum,8,pauli_xz_r1_full__d8,15,0.03237853440735121,0.07008236602284108
m1_hist_byteent,42,size_q2000_id1000_ood1000,quantum,8,zz_r2_full__d8,15,0.03385653808182361,0.023590479524624394
m1_hist_byteent,42,size_q2000_id1000_ood1000,quantum,8,zz_r1_full__d8,15,0.03558641997131707,0.03057206252755572
m1_hist_byteent,42,size_q2000_id1000_ood1000,quantum,4,pauli_xz_r1_full__d4,15,0.03717156688337666,0.06946360389383842
m1_hist_byteent,42,size_q2000_id1000_ood1000,quantum,6,zz_r2_full__d6,15,0.03786639126461471,0.02963032503192325
m1_hist_byteent,42,size_q2000_id1000_ood1000,quantum,10,zmap_r2__d10,15,0.04202037205104825,0.05271940330538898
m1_hist_byteent,42,size_q2000_id1000_ood1000,quantum,10,zz_r2_full__d10,15,0.04218393944958796,0.018602531293711567
m1_hist_byteent,42,size_q2000_id1000_ood1000,quantum,8,zmap_r2__d8,15,0.04245663136242288,0.0760665960699818
m1_hist_byteent,42,size_q2000_id1000_ood1000,quantum,12,zz_r2_full__d12,15,0.046446848031598154,0.010982002803649674
m1_hist_byteent,42,size_q2000_id1000_ood1000,quantum,10,pauli_xz_r1_full__d10,15,0.05229353089004181,0.07431963075894683
m1_hist_byteent,42,size_q4000_id1800_ood1800,classical,4,linear,15,-0.03642221913677342,0.024559105801106623
m1_hist_byteent,42,size_q4000_id1800_ood1800,classical,10,rbf_gscale,15,-0.033336989683565056,0.020088802553899582
m1_hist_byteent,42,size_q4000_id1800_ood1800,classical,12,rbf_gscale,15,-0.02951102595827728,0.021245411820350682
m1_hist_byteent,42,size_q4000_id1800_ood1800,classical,12,linear,15,-0.02342989492429298,0.017476089749467787
m1_hist_byteent,42,size_q4000_id1800_ood1800,classical,6,linear,15,-0.02059908400816192,0.016701574333976347
m1_hist_byteent,42,size_q4000_id1800_ood1800,classical,10,linear,15,-0.014394614202703004,0.016068688884157044
m1_hist_byteent,42,size_q4000_id1800_ood1800,classical,8,linear,15,-0.013502474070500824,0.015150812208074725
m1_hist_byteent,42,size_q4000_id1800_ood1800,classical,8,rbf_gscale,15,-0.010905595840125315,0.013935030216197375
m1_hist_byteent,42,size_q4000_id1800_ood1800,classical,6,rbf_gscale,15,-0.010311914260464228,0.01095278873949195
m1_hist_byteent,42,size_q4000_id1800_ood1800,classical,4,rbf_gscale,15,0.016489907729447296,0.05602453090053126
m1_hist_byteent,42,size_q4000_id1800_ood1800,quantum,4,zmap_r2__d4,15,-0.009925605297462402,0.011258117847140595
m1_hist_byteent,42,size_q4000_id1800_ood1800,quantum,6,zmap_r2__d6,15,-0.009881119422899693,0.019129923623591928
m1_hist_byteent,42,size_q4000_id1800_ood1800,quantum,6,pauli_xz_r1_full__d6,15,-0.009620302728808872,0.012706319131065152
m1_hist_byteent,42,size_q4000_id1800_ood1800,quantum,8,pauli_xz_r1_full__d8,15,0.005306287048560199,0.019948610365432645
m1_hist_byteent,42,size_q4000_id1800_ood1800,quantum,8,zmap_r2__d8,15,0.010228310380456306,0.01193270882651179
m1_hist_byteent,42,size_q4000_id1800_ood1800,quantum,4,pauli_xz_r1_full__d4,15,0.013741998926779771,0.056452248444295014
m1_hist_byteent,42,size_q4000_id1800_ood1800,quantum,10,pauli_xz_r1_full__d10,15,0.02658765733216845,0.019095975597774144
m1_hist_byteent,42,size_q4000_id1800_ood1800,quantum,12,pauli_xz_r1_full__d12,15,0.02898646728703924,0.017123288889389472
m1_hist_byteent,42,size_q4000_id1800_ood1800,quantum,4,zz_r2_full__d4,15,0.03351789652274136,0.02368460421038798
m1_hist_byteent,42,size_q4000_id1800_ood1800,quantum,10,zmap_r2__d10,15,0.03417632731414082,0.011633612836377373
m1_hist_byteent,42,size_q4000_id1800_ood1800,quantum,6,zz_r1_full__d6,15,0.03532454087328831,0.012871471077925021
m1_hist_byteent,42,size_q4000_id1800_ood1800,quantum,4,zz_r1_full__d4,15,0.038120044290186075,0.037012949062247315
m1_hist_byteent,42,size_q4000_id1800_ood1800,quantum,12,zmap_r2__d12,15,0.03839512738836341,0.00886583052471506
m1_hist_byteent,42,size_q4000_id1800_ood1800,quantum,10,zz_r1_full__d10,15,0.04018750085268734,0.01472444799430818
m1_hist_byteent,42,size_q4000_id1800_ood1800,quantum,8,zz_r1_full__d8,15,0.04260112943954138,0.0161336089515948
m1_hist_byteent,42,size_q4000_id1800_ood1800,quantum,8,zz_r2_full__d8,15,0.042676693535260456,0.015286273124456585
m1_hist_byteent,42,size_q4000_id1800_ood1800,quantum,12,zz_r1_full__d12,15,0.044983469153162245,0.012940412189748562
m1_hist_byteent,42,size_q4000_id1800_ood1800,quantum,6,zz_r2_full__d6,15,0.04656811406454871,0.011182573886250758
m1_hist_byteent,42,size_q4000_id1800_ood1800,quantum,10,zz_r2_full__d10,15,0.04664232406719439,0.007432037668106455
m1_hist_byteent,42,size_q4000_id1800_ood1800,quantum,12,zz_r2_full__d12,15,0.0549962696300069,0.01231593835833697
m1_hist_byteent,123,size_q1000_id500_ood500,classical,6,linear,15,-0.021710166904783113,0.022960192904982534
m1_hist_byteent,123,size_q1000_id500_ood500,classical,4,linear,15,-0.0030394304474531397,0.03135866179604796
m1_hist_byteent,123,size_q1000_id500_ood500,classical,12,rbf_gscale,15,0.003902029273809937,0.03218942831815753
m1_hist_byteent,123,size_q1000_id500_ood500,classical,8,rbf_gscale,15,0.005113276769665287,0.03449958498996863
m1_hist_byteent,123,size_q1000_id500_ood500,classical,12,linear,15,0.016356719003442585,0.06887039232101197
m1_hist_byteent,123,size_q1000_id500_ood500,classical,10,rbf_gscale,15,0.017720395504068166,0.027910810690157706
m1_hist_byteent,123,size_q1000_id500_ood500,classical,10,linear,15,0.02069651836091484,0.07486780895607173
m1_hist_byteent,123,size_q1000_id500_ood500,classical,4,rbf_gscale,15,0.030904810569819353,0.08623896292941122
m1_hist_byteent,123,size_q1000_id500_ood500,classical,6,rbf_gscale,15,0.03709534988391869,0.08449198602839365
m1_hist_byteent,123,size_q1000_id500_ood500,classical,8,linear,15,0.041353117567370444,0.06022665100036977
m1_hist_byteent,123,size_q1000_id500_ood500,quantum,4,zz_r1_full__d4,15,-0.004727471613962253,0.02100118520544062
m1_hist_byteent,123,size_q1000_id500_ood500,quantum,10,pauli_xz_r1_full__d10,15,0.00171762648290803,0.03259613705690041
m1_hist_byteent,123,size_q1000_id500_ood500,quantum,8,zmap_r2__d8,15,0.0028168874671270715,0.03905689617092457
m1_hist_byteent,123,size_q1000_id500_ood500,quantum,6,zmap_r2__d6,15,0.004799184136954282,0.03716932043705612
m1_hist_byteent,123,size_q1000_id500_ood500,quantum,8,pauli_xz_r1_full__d8,15,0.005972138253329406,0.03591402779906532
m1_hist_byteent,123,size_q1000_id500_ood500,quantum,12,pauli_xz_r1_full__d12,15,0.008264431185649901,0.035782771542780846
m1_hist_byteent,123,size_q1000_id500_ood500,quantum,4,zz_r2_full__d4,15,0.008482118778924375,0.025228023621518155
m1_hist_byteent,123,size_q1000_id500_ood500,quantum,6,zz_r1_full__d6,15,0.013643943591945354,0.04543412991513546
m1_hist_byteent,123,size_q1000_id500_ood500,quantum,8,zz_r1_full__d8,15,0.01420449086799569,0.04063559833009603
m1_hist_byteent,123,size_q1000_id500_ood500,quantum,10,zmap_r2__d10,15,0.017779220793734632,0.036937530511706
m1_hist_byteent,123,size_q1000_id500_ood500,quantum,12,zmap_r2__d12,15,0.02085057452732353,0.03464866354917389
m1_hist_byteent,123,size_q1000_id500_ood500,quantum,4,pauli_xz_r1_full__d4,15,0.02825065527480297,0.06266928489071472
m1_hist_byteent,123,size_q1000_id500_ood500,quantum,4,zmap_r2__d4,15,0.029631721135386525,0.064875483035828
m1_hist_byteent,123,size_q1000_id500_ood500,quantum,6,pauli_xz_r1_full__d6,15,0.03595677722714965,0.07258706155026423
m1_hist_byteent,123,size_q1000_id500_ood500,quantum,10,zz_r1_full__d10,15,0.03897860340014385,0.05657352395169299
m1_hist_byteent,123,size_q1000_id500_ood500,quantum,8,zz_r2_full__d8,15,0.042243641760214855,0.057711231546310394
m1_hist_byteent,123,size_q1000_id500_ood500,quantum,6,zz_r2_full__d6,15,0.042333524247116984,0.05670194478803186
m1_hist_byteent,123,size_q1000_id500_ood500,quantum,12,zz_r1_full__d12,15,0.04411412300257707,0.05718483249827403
m1_hist_byteent,123,size_q1000_id500_ood500,quantum,10,zz_r2_full__d10,15,0.05796525442671128,0.06226880229701001
m1_hist_byteent,123,size_q1000_id500_ood500,quantum,12,zz_r2_full__d12,15,0.08516744301641796,0.050466192881611555
m1_hist_byteent,123,size_q2000_id1000_ood1000,classical,6,linear,15,-0.03127121818851986,0.022108536503852288
m1_hist_byteent,123,size_q2000_id1000_ood1000,classical,12,rbf_gscale,15,-0.030628552157637556,0.02304813575713301
m1_hist_byteent,123,size_q2000_id1000_ood1000,classical,4,linear,15,-0.02886444176565172,0.03217670579696829
m1_hist_byteent,123,size_q2000_id1000_ood1000,classical,10,rbf_gscale,15,-0.023743971704933076,0.017249927142753314
m1_hist_byteent,123,size_q2000_id1000_ood1000,classical,12,linear,15,-0.021577499719043703,0.015007650884012753
m1_hist_byteent,123,size_q2000_id1000_ood1000,classical,8,linear,15,-0.021117025137544366,0.014854088398639541
m1_hist_byteent,123,size_q2000_id1000_ood1000,classical,10,linear,15,-0.021101744095247475,0.01930110073121679
m1_hist_byteent,123,size_q2000_id1000_ood1000,classical,8,rbf_gscale,15,-0.017178055636289137,0.02258480697806769
m1_hist_byteent,123,size_q2000_id1000_ood1000,classical,6,rbf_gscale,15,-0.016903763402117012,0.017793047728739558
m1_hist_byteent,123,size_q2000_id1000_ood1000,classical,4,rbf_gscale,15,-0.01148214223888735,0.012073513662153998
m1_hist_byteent,123,size_q2000_id1000_ood1000,quantum,6,pauli_xz_r1_full__d6,15,-0.009435212834262512,0.01667708196559145
m1_hist_byteent,123,size_q2000_id1000_ood1000,quantum,6,zmap_r2__d6,15,-0.005324327886893328,0.021828629520251382
m1_hist_byteent,123,size_q2000_id1000_ood1000,quantum,6,zz_r1_full__d6,15,0.018018213183024524,0.03681298256348859
m1_hist_byteent,123,size_q2000_id1000_ood1000,quantum,4,zz_r2_full__d4,15,0.01866359915687527,0.031024652454978756
m1_hist_byteent,123,size_q2000_id1000_ood1000,quantum,12,zmap_r2__d12,15,0.01999081108131797,0.023201339912019028
m1_hist_byteent,123,size_q2000_id1000_ood1000,quantum,8,pauli_xz_r1_full__d8,15,0.02539260211344602,0.057946822784985336
m1_hist_byteent,123,size_q2000_id1000_ood1000,quantum,4,zmap_r2__d4,15,0.026364955249165913,0.05465365613814807
m1_hist_byteent,123,size_q2000_id1000_ood1000,quantum,8,zz_r1_full__d8,15,0.029061912675752453,0.029727285544876376
m1_hist_byteent,123,size_q2000_id1000_ood1000,quantum,6,zz_r2_full__d6,15,0.0336648797164276,0.03984918507080562
m1_hist_byteent,123,size_q2000_id1000_ood1000,quantum,10,zz_r1_full__d10,15,0.035905727853253036,0.025227073114662383
m1_hist_byteent,123,size_q2000_id1000_ood1000,quantum,8,zmap_r2__d8,15,0.03641147970266208,0.05579334939768146
m1_hist_byteent,123,size_q2000_id1000_ood1000,quantum,10,pauli_xz_r1_full__d10,15,0.03925108777585206,0.0650656493792423
m1_hist_byteent,123,size_q2000_id1000_ood1000,quantum,4,zz_r1_full__d4,15,0.041369093473214553,0.05969388712417424
m1_hist_byteent,123,size_q2000_id1000_ood1000,quantum,12,zz_r1_full__d12,15,0.04284722510051028,0.02851418748491293
m1_hist_byteent,123,size_q2000_id1000_ood1000,quantum,12,pauli_xz_r1_full__d12,15,0.04320373701625617,0.06373164633561607
m1_hist_byteent,123,size_q2000_id1000_ood1000,quantum,10,zmap_r2__d10,15,0.04596120683077298,0.06105679822735712
m1_hist_byteent,123,size_q2000_id1000_ood1000,quantum,8,zz_r2_full__d8,15,0.048178679130974664,0.03130356196274829
m1_hist_byteent,123,size_q2000_id1000_ood1000,quantum,10,zz_r2_full__d10,15,0.050403158579260414,0.026016612580564334
m1_hist_byteent,123,size_q2000_id1000_ood1000,quantum,12,zz_r2_full__d12,15,0.06759251766589693,0.028689704188647417
m1_hist_byteent,123,size_q2000_id1000_ood1000,quantum,4,pauli_xz_r1_full__d4,15,0.07080529207726262,0.07945388450691392
m1_hist_byteent,123,size_q4000_id1800_ood1800,classical,4,linear,15,-0.04915155649867775,0.020092207633170944
m1_hist_byteent,123,size_q4000_id1800_ood1800,classical,12,rbf_gscale,15,-0.02916671272166372,0.024429279375387126
m1_hist_byteent,123,size_q4000_id1800_ood1800,classical,10,rbf_gscale,15,-0.02427558573822024,0.027645207517873353
m1_hist_byteent,123,size_q4000_id1800_ood1800,classical,8,rbf_gscale,15,-0.019682541337874875,0.01633016532909772
m1_hist_byteent,123,size_q4000_id1800_ood1800,classical,6,rbf_gscale,15,-0.016961517408543687,0.01769236544371293
m1_hist_byteent,123,size_q4000_id1800_ood1800,classical,10,linear,15,-0.013934456277331734,0.015650812868842644
m1_hist_byteent,123,size_q4000_id1800_ood1800,classical,4,rbf_gscale,15,-0.012482989730060345,0.014468018987029343
m1_hist_byteent,123,size_q4000_id1800_ood1800,classical,12,linear,15,-0.007636204940712436,0.00932392257064878
m1_hist_byteent,123,size_q4000_id1800_ood1800,classical,8,linear,15,-0.0029659560377114516,0.01231541371638772
m1_hist_byteent,123,size_q4000_id1800_ood1800,classical,6,linear,15,-0.0010011874365128738,0.02012780749718599
m1_hist_byteent,123,size_q4000_id1800_ood1800,quantum,6,zmap_r2__d6,15,-0.014580171868436076,0.010626900373360787
m1_hist_byteent,123,size_q4000_id1800_ood1800,quantum,4,pauli_xz_r1_full__d4,15,-0.011045958784430961,0.012793530764500939
m1_hist_byteent,123,size_q4000_id1800_ood1800,quantum,6,pauli_xz_r1_full__d6,15,-0.009485914219802901,0.013258416798953131
m1_hist_byteent,123,size_q4000_id1800_ood1800,quantum,4,zmap_r2__d4,15,-0.007990240450594472,0.00831119356091852
m1_hist_byteent,123,size_q4000_id1800_ood1800,quantum,8,zmap_r2__d8,15,0.008380822092592121,0.02173886745792457
m1_hist_byteent,123,size_q4000_id1800_ood1800,quantum,8,pauli_xz_r1_full__d8,15,0.009002555527317487,0.020915411233194122
m1_hist_byteent,123,size_q4000_id1800_ood1800,quantum,10,pauli_xz_r1_full__d10,15,0.020419052575847477,0.015791506996100723
m1_hist_byteent,123,size_q4000_id1800_ood1800,quantum,12,pauli_xz_r1_full__d12,15,0.02053337322005864,0.008707485169656411
m1_hist_byteent,123,size_q4000_id1800_ood1800,quantum,12,zmap_r2__d12,15,0.023018372388662386,0.00980203642881045
m1_hist_byteent,123,size_q4000_id1800_ood1800,quantum,10,zmap_r2__d10,15,0.02356744088587838,0.010099905604585607
m1_hist_byteent,123,size_q4000_id1800_ood1800,quantum,4,zz_r2_full__d4,15,0.027049530918916525,0.022633182417519996
m1_hist_byteent,123,size_q4000_id1800_ood1800,quantum,4,zz_r1_full__d4,15,0.028526239574672915,0.023530762899702955
m1_hist_byteent,123,size_q4000_id1800_ood1800,quantum,6,zz_r2_full__d6,15,0.028538897977343526,0.013111171242705345
m1_hist_byteent,123,size_q4000_id1800_ood1800,quantum,8,zz_r1_full__d8,15,0.03546579130082923,0.008589012229540817
m1_hist_byteent,123,size_q4000_id1800_ood1800,quantum,10,zz_r1_full__d10,15,0.03615394596239554,0.013392657851548386
m1_hist_byteent,123,size_q4000_id1800_ood1800,quantum,8,zz_r2_full__d8,15,0.03737605631404588,0.010658032065407956
m1_hist_byteent,123,size_q4000_id1800_ood1800,quantum,6,zz_r1_full__d6,15,0.04008345821926763,0.01192152364889811
m1_hist_byteent,123,size_q4000_id1800_ood1800,quantum,12,zz_r1_full__d12,15,0.044694434838368144,0.013684868471277666
m1_hist_byteent,123,size_q4000_id1800_ood1800,quantum,10,zz_r2_full__d10,15,0.048430925956389224,0.013934171025762526
m1_hist_byteent,123,size_q4000_id1800_ood1800,quantum,12,zz_r2_full__d12,15,0.05552995705466135,0.013591522203673826
m1_hist_byteent,999,size_q1000_id500_ood500,classical,6,linear,15,-0.0361151372069796,0.03187253108513079
m1_hist_byteent,999,size_q1000_id500_ood500,classical,12,rbf_gscale,15,-0.018675839363415835,0.03750880022167885
m1_hist_byteent,999,size_q1000_id500_ood500,classical,8,rbf_gscale,15,-0.013982596832551052,0.03967346852744455
m1_hist_byteent,999,size_q1000_id500_ood500,classical,4,rbf_gscale,15,-0.011946993341731904,0.037061720594618645
m1_hist_byteent,999,size_q1000_id500_ood500,classical,10,rbf_gscale,15,-0.011176373175395816,0.043572705643173094
m1_hist_byteent,999,size_q1000_id500_ood500,classical,4,linear,15,-0.006304278526702079,0.03672182976439793
m1_hist_byteent,999,size_q1000_id500_ood500,classical,6,rbf_gscale,15,0.00951050883100446,0.036197412224291486
m1_hist_byteent,999,size_q1000_id500_ood500,classical,12,linear,15,0.03315961289588858,0.03594489201717906
m1_hist_byteent,999,size_q1000_id500_ood500,classical,8,linear,15,0.04106052915111837,0.019832320415890163
m1_hist_byteent,999,size_q1000_id500_ood500,classical,10,linear,15,0.04667058229102568,0.021048874696743478
m1_hist_byteent,999,size_q1000_id500_ood500,quantum,4,zmap_r2__d4,15,-0.026588444486086125,0.02234564403234627
m1_hist_byteent,999,size_q1000_id500_ood500,quantum,12,pauli_xz_r1_full__d12,15,-0.021780445254334403,0.03931909045090439
m1_hist_byteent,999,size_q1000_id500_ood500,quantum,8,pauli_xz_r1_full__d8,15,-0.02055357781822096,0.029653794074354797
m1_hist_byteent,999,size_q1000_id500_ood500,quantum,4,pauli_xz_r1_full__d4,15,-0.018248214007427887,0.028570618034693053
m1_hist_byteent,999,size_q1000_id500_ood500,quantum,6,pauli_xz_r1_full__d6,15,-0.01635061835716708,0.022130180617840247
m1_hist_byteent,999,size_q1000_id500_ood500,quantum,10,pauli_xz_r1_full__d10,15,-0.015284266728229875,0.027349848272171927
m1_hist_byteent,999,size_q1000_id500_ood500,quantum,8,zmap_r2__d8,15,-0.013190753028844293,0.019760650343108577
m1_hist_byteent,999,size_q1000_id500_ood500,quantum,4,zz_r1_full__d4,15,-0.012146003909869706,0.032158390311145826
m1_hist_byteent,999,size_q1000_id500_ood500,quantum,10,zmap_r2__d10,15,-0.011604797148135285,0.021441448598877397
m1_hist_byteent,999,size_q1000_id500_ood500,quantum,6,zmap_r2__d6,15,-0.009646450616034552,0.02001958770641397
m1_hist_byteent,999,size_q1000_id500_ood500,quantum,12,zmap_r2__d12,15,-0.009609176876307513,0.029469923451679855
m1_hist_byteent,999,size_q1000_id500_ood500,quantum,4,zz_r2_full__d4,15,0.0015316114640618439,0.023919242717459082
m1_hist_byteent,999,size_q1000_id500_ood500,quantum,6,zz_r1_full__d6,15,0.003515250309365858,0.02477202185352483
m1_hist_byteent,999,size_q1000_id500_ood500,quantum,8,zz_r1_full__d8,15,0.015680191655648358,0.01718527820103015
m1_hist_byteent,999,size_q1000_id500_ood500,quantum,6,zz_r2_full__d6,15,0.02291513497823714,0.034013262062461955
m1_hist_byteent,999,size_q1000_id500_ood500,quantum,10,zz_r1_full__d10,15,0.025928651862367657,0.021830994324167713
m1_hist_byteent,999,size_q1000_id500_ood500,quantum,12,zz_r1_full__d12,15,0.026663459326694006,0.028051661331505797
m1_hist_byteent,999,size_q1000_id500_ood500,quantum,8,zz_r2_full__d8,15,0.030703726777619254,0.01847773319246372
m1_hist_byteent,999,size_q1000_id500_ood500,quantum,10,zz_r2_full__d10,15,0.05659986230436185,0.03673316877355783
m1_hist_byteent,999,size_q1000_id500_ood500,quantum,12,zz_r2_full__d12,15,0.0761600023102948,0.027307034182548446
m1_hist_byteent,999,size_q2000_id1000_ood1000,classical,12,rbf_gscale,15,-0.030825027102142775,0.016643797951748075
m1_hist_byteent,999,size_q2000_id1000_ood1000,classical,8,rbf_gscale,15,-0.023895348475359915,0.013480140685200988
m1_hist_byteent,999,size_q2000_id1000_ood1000,classical,10,rbf_gscale,15,-0.018938799065866752,0.022171776597658843
m1_hist_byteent,999,size_q2000_id1000_ood1000,classical,6,rbf_gscale,15,-0.01838114517321021,0.01280145983598465
m1_hist_byteent,999,size_q2000_id1000_ood1000,classical,4,linear,15,-0.016983908051597055,0.058722644389031214
m1_hist_byteent,999,size_q2000_id1000_ood1000,classical,6,linear,15,-0.011358989149318936,0.04796256192257291
m1_hist_byteent,999,size_q2000_id1000_ood1000,classical,12,linear,15,-0.004162530230464571,0.04320046884889955
m1_hist_byteent,999,size_q2000_id1000_ood1000,classical,8,linear,15,0.0004546237176374183,0.03983714038117606
m1_hist_byteent,999,size_q2000_id1000_ood1000,classical,10,linear,15,0.01291489345306569,0.04339147354754993
m1_hist_byteent,999,size_q2000_id1000_ood1000,classical,4,rbf_gscale,15,0.027620325646678007,0.05617980495463614
m1_hist_byteent,999,size_q2000_id1000_ood1000,quantum,6,zmap_r2__d6,15,-0.016241489703561672,0.013731116876605722
m1_hist_byteent,999,size_q2000_id1000_ood1000,quantum,8,pauli_xz_r1_full__d8,15,-0.007983560101252962,0.012994980598726903
m1_hist_byteent,999,size_q2000_id1000_ood1000,quantum,8,zmap_r2__d8,15,-0.004716031162771439,0.01258322625934547
m1_hist_byteent,999,size_q2000_id1000_ood1000,quantum,4,zz_r1_full__d4,15,0.006021921924416506,0.03390549484791488
m1_hist_byteent,999,size_q2000_id1000_ood1000,quantum,10,pauli_xz_r1_full__d10,15,0.006953523092529945,0.027962816579762635
m1_hist_byteent,999,size_q2000_id1000_ood1000,quantum,10,zmap_r2__d10,15,0.008900692062666075,0.013032024553933262
m1_hist_byteent,999,size_q2000_id1000_ood1000,quantum,12,pauli_xz_r1_full__d12,15,0.00935596040826625,0.02584341710191968
m1_hist_byteent,999,size_q2000_id1000_ood1000,quantum,6,pauli_xz_r1_full__d6,15,0.013865392017135643,0.0516644085289399
m1_hist_byteent,999,size_q2000_id1000_ood1000,quantum,12,zmap_r2__d12,15,0.01627415725668569,0.018089097862864938
m1_hist_byteent,999,size_q2000_id1000_ood1000,quantum,4,pauli_xz_r1_full__d4,15,0.018566613320494762,0.06409954555634649
m1_hist_byteent,999,size_q2000_id1000_ood1000,quantum,4,zmap_r2__d4,15,0.019955589866458158,0.04271680357054217
m1_hist_byteent,999,size_q2000_id1000_ood1000,quantum,4,zz_r2_full__d4,15,0.026805169848586354,0.019859282038108154
m1_hist_byteent,999,size_q2000_id1000_ood1000,quantum,12,zz_r1_full__d12,15,0.028425868277016743,0.0061073401839837
m1_hist_byteent,999,size_q2000_id1000_ood1000,quantum,10,zz_r1_full__d10,15,0.03260929098918486,0.01299090434511992
m1_hist_byteent,999,size_q2000_id1000_ood1000,quantum,8,zz_r1_full__d8,15,0.03299008257562357,0.016901587723186534
m1_hist_byteent,999,size_q2000_id1000_ood1000,quantum,10,zz_r2_full__d10,15,0.03809107838876504,0.013614068402932349
m1_hist_byteent,999,size_q2000_id1000_ood1000,quantum,8,zz_r2_full__d8,15,0.039023025256553566,0.023149533734546708
m1_hist_byteent,999,size_q2000_id1000_ood1000,quantum,6,zz_r2_full__d6,15,0.039804048753134716,0.010659324587868236
m1_hist_byteent,999,size_q2000_id1000_ood1000,quantum,6,zz_r1_full__d6,15,0.04000945109740658,0.020019374583086846
m1_hist_byteent,999,size_q2000_id1000_ood1000,quantum,12,zz_r2_full__d12,15,0.05394882782374786,0.01983649389614016
m1_hist_byteent,999,size_q4000_id1800_ood1800,classical,12,rbf_gscale,15,-0.04071313471056722,0.011940615943383926
m1_hist_byteent,999,size_q4000_id1800_ood1800,classical,4,linear,15,-0.038494485000158764,0.029088529196385302
m1_hist_byteent,999,size_q4000_id1800_ood1800,classical,10,rbf_gscale,15,-0.03403795588198303,0.015737214032246354
m1_hist_byteent,999,size_q4000_id1800_ood1800,classical,8,rbf_gscale,15,-0.024454076075647223,0.00531112756066099
m1_hist_byteent,999,size_q4000_id1800_ood1800,classical,6,rbf_gscale,15,-0.016914526355952964,0.009763953009595348
m1_hist_byteent,999,size_q4000_id1800_ood1800,classical,4,rbf_gscale,15,-0.015755097500351933,0.006699596897546085
m1_hist_byteent,999,size_q4000_id1800_ood1800,classical,6,linear,15,-0.0041204241450499834,0.057006394704708994
m1_hist_byteent,999,size_q4000_id1800_ood1800,classical,12,linear,15,-0.0035112342641188195,0.04795436161889581
m1_hist_byteent,999,size_q4000_id1800_ood1800,classical,8,linear,15,0.0041333031983556015,0.05183935813327172
m1_hist_byteent,999,size_q4000_id1800_ood1800,classical,10,linear,15,0.0056394445826700055,0.04782228975014623
m1_hist_byteent,999,size_q4000_id1800_ood1800,quantum,4,pauli_xz_r1_full__d4,15,-0.019148991412742778,0.014980311784285275
m1_hist_byteent,999,size_q4000_id1800_ood1800,quantum,6,pauli_xz_r1_full__d6,15,-0.01756396816307417,0.01277110574414406
m1_hist_byteent,999,size_q4000_id1800_ood1800,quantum,6,zmap_r2__d6,15,-0.012007833434509863,0.012857146536193211
m1_hist_byteent,999,size_q4000_id1800_ood1800,quantum,8,pauli_xz_r1_full__d8,15,-0.008234050887159502,0.020592936213825193
m1_hist_byteent,999,size_q4000_id1800_ood1800,quantum,4,zmap_r2__d4,15,-0.006955907084522206,0.008146665972562743
m1_hist_byteent,999,size_q4000_id1800_ood1800,quantum,8,zmap_r2__d8,15,-0.0054807107731915435,0.01259092904504022
m1_hist_byteent,999,size_q4000_id1800_ood1800,quantum,4,zz_r1_full__d4,15,0.0123281617789045,0.01927580317728964
m1_hist_byteent,999,size_q4000_id1800_ood1800,quantum,10,pauli_xz_r1_full__d10,15,0.017510527086270062,0.020414912838587835
m1_hist_byteent,999,size_q4000_id1800_ood1800,quantum,4,zz_r2_full__d4,15,0.023011680230857867,0.012488661662822328
m1_hist_byteent,999,size_q4000_id1800_ood1800,quantum,12,pauli_xz_r1_full__d12,15,0.024978096639237557,0.018598734977076082
m1_hist_byteent,999,size_q4000_id1800_ood1800,quantum,10,zmap_r2__d10,15,0.030002453157873473,0.013350373784672272
m1_hist_byteent,999,size_q4000_id1800_ood1800,quantum,12,zmap_r2__d12,15,0.03202164320217389,0.01391971878223034
m1_hist_byteent,999,size_q4000_id1800_ood1800,quantum,6,zz_r1_full__d6,15,0.03441701786570823,0.01890214405451668
m1_hist_byteent,999,size_q4000_id1800_ood1800,quantum,8,zz_r1_full__d8,15,0.03964333892124481,0.013945669947725364
m1_hist_byteent,999,size_q4000_id1800_ood1800,quantum,10,zz_r1_full__d10,15,0.039645676130145906,0.007570586518666957
m1_hist_byteent,999,size_q4000_id1800_ood1800,quantum,8,zz_r2_full__d8,15,0.04662153903875477,0.01899058881077329
m1_hist_byteent,999,size_q4000_id1800_ood1800,quantum,12,zz_r1_full__d12,15,0.04663664638337326,0.0065264923471822596
m1_hist_byteent,999,size_q4000_id1800_ood1800,quantum,10,zz_r2_full__d10,15,0.04792135883350386,0.007437444242716341
m1_hist_byteent,999,size_q4000_id1800_ood1800,quantum,12,zz_r2_full__d12,15,0.05454651523877914,0.0042749962877253085
m1_hist_byteent,999,size_q4000_id1800_ood1800,quantum,6,zz_r2_full__d6,15,0.05740849893899551,0.059298794664012826
m2_hist_byteent,42,size_q1000_id500_ood500,classical,8,linear,15,-0.07244765342833542,0.04085598172284386
m2_hist_byteent,42,size_q1000_id500_ood500,classical,6,linear,15,-0.06701415539284454,0.043059564282368415
m2_hist_byteent,42,size_q1000_id500_ood500,classical,10,linear,15,-0.06096708005844204,0.03828676690025285
m2_hist_byteent,42,size_q1000_id500_ood500,classical,10,rbf_gscale,15,-0.05434046394036754,0.019475545776188246
m2_hist_byteent,42,size_q1000_id500_ood500,classical,12,linear,15,-0.04741634093781335,0.05965068361022441
m2_hist_byteent,42,size_q1000_id500_ood500,classical,8,rbf_gscale,15,-0.0360109540171776,0.03670118581903654
m2_hist_byteent,42,size_q1000_id500_ood500,classical,12,rbf_gscale,15,-0.006384534743910416,0.06380829158015794
m2_hist_byteent,42,size_q1000_id500_ood500,classical,4,linear,15,0.05664411697523997,0.09252847969495948
m2_hist_byteent,42,size_q1000_id500_ood500,classical,6,rbf_gscale,15,0.0631606232279518,0.044018527420903994
m2_hist_byteent,42,size_q1000_id500_ood500,classical,4,rbf_gscale,15,0.13613197981442424,0.08001576706761175
m2_hist_byteent,42,size_q1000_id500_ood500,quantum,8,pauli_xz_r1_full__d8,15,0.047808002463616606,0.035489250345206676
m2_hist_byteent,42,size_q1000_id500_ood500,quantum,10,pauli_xz_r1_full__d10,15,0.05410512003537691,0.04807106987924094
m2_hist_byteent,42,size_q1000_id500_ood500,quantum,10,zmap_r2__d10,15,0.06413608249689477,0.02236729494904146
m2_hist_byteent,42,size_q1000_id500_ood500,quantum,12,pauli_xz_r1_full__d12,15,0.08232384953206981,0.05168467476146171
m2_hist_byteent,42,size_q1000_id500_ood500,quantum,8,zmap_r2__d8,15,0.09097359765964552,0.023365474031162747
m2_hist_byteent,42,size_q1000_id500_ood500,quantum,12,zmap_r2__d12,15,0.09735805073051594,0.022430122096102335
m2_hist_byteent,42,size_q1000_id500_ood500,quantum,6,zmap_r2__d6,15,0.11759173176315106,0.03388618536801874
m2_hist_byteent,42,size_q1000_id500_ood500,quantum,6,pauli_xz_r1_full__d6,15,0.12152399736232807,0.038972973415117386
m2_hist_byteent,42,size_q1000_id500_ood500,quantum,10,zz_r1_full__d10,15,0.16601116782357422,0.03719035700415685
m2_hist_byteent,42,size_q1000_id500_ood500,quantum,12,zz_r1_full__d12,15,0.17016038985144294,0.04093130435338828
m2_hist_byteent,42,size_q1000_id500_ood500,quantum,4,pauli_xz_r1_full__d4,15,0.17525263357134396,0.05340216793258948
m2_hist_byteent,42,size_q1000_id500_ood500,quantum,4,zz_r2_full__d4,15,0.17634644147990075,0.09809826792216289
m2_hist_byteent,42,size_q1000_id500_ood500,quantum,4,zmap_r2__d4,15,0.17701440300765015,0.062233076327375486
m2_hist_byteent,42,size_q1000_id500_ood500,quantum,8,zz_r1_full__d8,15,0.20607966401078623,0.0832080033012839
m2_hist_byteent,42,size_q1000_id500_ood500,quantum,6,zz_r1_full__d6,15,0.2116642294145827,0.1169863285203999
m2_hist_byteent,42,size_q1000_id500_ood500,quantum,12,zz_r2_full__d12,15,0.22710509396690853,0.060165711791349864
m2_hist_byteent,42,size_q1000_id500_ood500,quantum,8,zz_r2_full__d8,15,0.2285086103030869,0.07551760323564718
m2_hist_byteent,42,size_q1000_id500_ood500,quantum,6,zz_r2_full__d6,15,0.23114672498294112,0.09826635240285447
m2_hist_byteent,42,size_q1000_id500_ood500,quantum,4,zz_r1_full__d4,15,0.2342255034282172,0.12059919059823968
m2_hist_byteent,42,size_q1000_id500_ood500,quantum,10,zz_r2_full__d10,15,0.23551298682329602,0.08823084184962114
m2_hist_byteent,42,size_q2000_id1000_ood1000,classical,12,linear,15,-0.07703625675625186,0.0154566922991211
m2_hist_byteent,42,size_q2000_id1000_ood1000,classical,8,linear,15,-0.04799133453657137,0.031281790112043975
m2_hist_byteent,42,size_q2000_id1000_ood1000,classical,10,linear,15,-0.04197895702426402,0.033848669743950344
m2_hist_byteent,42,size_q2000_id1000_ood1000,classical,10,rbf_gscale,15,0.014677889049433117,0.027632825998795144
m2_hist_byteent,42,size_q2000_id1000_ood1000,classical,12,rbf_gscale,15,0.015159855726056515,0.024712007885284545
m2_hist_byteent,42,size_q2000_id1000_ood1000,classical,6,linear,15,0.029943876152529917,0.07516730907321537
m2_hist_byteent,42,size_q2000_id1000_ood1000,classical,8,rbf_gscale,15,0.06529235844396827,0.0498252065674249
m2_hist_byteent,42,size_q2000_id1000_ood1000,classical,4,linear,15,0.11514117878035032,0.0949889097289966
m2_hist_byteent,42,size_q2000_id1000_ood1000,classical,4,rbf_gscale,15,0.13016933738847605,0.016874596141645284
m2_hist_byteent,42,size_q2000_id1000_ood1000,classical,6,rbf_gscale,15,0.13291031544662196,0.015180194905944371
m2_hist_byteent,42,size_q2000_id1000_ood1000,quantum,10,pauli_xz_r1_full__d10,15,0.05617202325966889,0.015858979191000815
m2_hist_byteent,42,size_q2000_id1000_ood1000,quantum,12,pauli_xz_r1_full__d12,15,0.06161297094430514,0.019530656523498644
m2_hist_byteent,42,size_q2000_id1000_ood1000,quantum,8,pauli_xz_r1_full__d8,15,0.08333268852102878,0.03029375409756874
m2_hist_byteent,42,size_q2000_id1000_ood1000,quantum,12,zmap_r2__d12,15,0.08486120008329788,0.02932487455683052
m2_hist_byteent,42,size_q2000_id1000_ood1000,quantum,12,zz_r1_full__d12,15,0.089148850796348,0.016494467497588833
m2_hist_byteent,42,size_q2000_id1000_ood1000,quantum,10,zz_r1_full__d10,15,0.09197181816432297,0.027563741919188502
m2_hist_byteent,42,size_q2000_id1000_ood1000,quantum,10,zmap_r2__d10,15,0.10322543800092647,0.02976047020325294
m2_hist_byteent,42,size_q2000_id1000_ood1000,quantum,8,zz_r1_full__d8,15,0.10943742314407404,0.02825256623163443
m2_hist_byteent,42,size_q2000_id1000_ood1000,quantum,8,zmap_r2__d8,15,0.11095574984078967,0.02836727854348787
m2_hist_byteent,42,size_q2000_id1000_ood1000,quantum,6,zmap_r2__d6,15,0.11310810909326562,0.03309636027010661
m2_hist_byteent,42,size_q2000_id1000_ood1000,quantum,6,pauli_xz_r1_full__d6,15,0.11987013455087177,0.02415495756745756
m2_hist_byteent,42,size_q2000_id1000_ood1000,quantum,4,zmap_r2__d4,15,0.14411799701484532,0.06397583814472321
m2_hist_byteent,42,size_q2000_id1000_ood1000,quantum,4,zz_r1_full__d4,15,0.15650901037757328,0.01399668401986604
m2_hist_byteent,42,size_q2000_id1000_ood1000,quantum,6,zz_r1_full__d6,15,0.1667409450237698,0.0192620895619797
m2_hist_byteent,42,size_q2000_id1000_ood1000,quantum,8,zz_r2_full__d8,15,0.1724880404796954,0.03947520924981356
m2_hist_byteent,42,size_q2000_id1000_ood1000,quantum,6,zz_r2_full__d6,15,0.17652751720888607,0.008862527142897958
m2_hist_byteent,42,size_q2000_id1000_ood1000,quantum,4,pauli_xz_r1_full__d4,15,0.17941255142926743,0.03497679714360658
m2_hist_byteent,42,size_q2000_id1000_ood1000,quantum,10,zz_r2_full__d10,15,0.18685122570733506,0.04067372743806874
m2_hist_byteent,42,size_q2000_id1000_ood1000,quantum,4,zz_r2_full__d4,15,0.19257037197579988,0.08806642968574865
m2_hist_byteent,42,size_q2000_id1000_ood1000,quantum,12,zz_r2_full__d12,15,0.19757655486650957,0.05413926242292719
m2_hist_byteent,42,size_q4000_id1800_ood1800,classical,12,linear,15,-0.0677982403538702,0.029700369272164358
m2_hist_byteent,42,size_q4000_id1800_ood1800,classical,10,linear,15,-0.06422224982637137,0.03035380971224965
m2_hist_byteent,42,size_q4000_id1800_ood1800,classical,8,linear,15,-0.04515406754241481,0.06612614583479724
m2_hist_byteent,42,size_q4000_id1800_ood1800,classical,4,linear,15,-0.010616088500409737,0.10554398951502786
m2_hist_byteent,42,size_q4000_id1800_ood1800,classical,6,linear,15,-0.0019156808704565967,0.1727634397273863
m2_hist_byteent,42,size_q4000_id1800_ood1800,classical,8,rbf_gscale,15,0.025517567005710513,0.03156589404793002
m2_hist_byteent,42,size_q4000_id1800_ood1800,classical,10,rbf_gscale,15,0.028748053410054923,0.015267266315230921
m2_hist_byteent,42,size_q4000_id1800_ood1800,classical,12,rbf_gscale,15,0.04559453838679348,0.01608754313365246
m2_hist_byteent,42,size_q4000_id1800_ood1800,classical,6,rbf_gscale,15,0.0656653167799249,0.06265141954344587
m2_hist_byteent,42,size_q4000_id1800_ood1800,classical,4,rbf_gscale,15,0.12075708267072344,0.043044737335931824
m2_hist_byteent,42,size_q4000_id1800_ood1800,quantum,8,pauli_xz_r1_full__d8,15,0.03244665184610307,0.026328121703298648
m2_hist_byteent,42,size_q4000_id1800_ood1800,quantum,10,pauli_xz_r1_full__d10,15,0.04808849329533383,0.02106721385921055
m2_hist_byteent,42,size_q4000_id1800_ood1800,quantum,8,zmap_r2__d8,15,0.05718598714541206,0.03589284674195503
m2_hist_byteent,42,size_q4000_id1800_ood1800,quantum,12,pauli_xz_r1_full__d12,15,0.061839761997338254,0.017755152620199884
m2_hist_byteent,42,size_q4000_id1800_ood1800,quantum,6,pauli_xz_r1_full__d6,15,0.06801917352505456,0.028751998330039125
m2_hist_byteent,42,size_q4000_id1800_ood1800,quantum,10,zmap_r2__d10,15,0.0697999510818718,0.02119987044756877
m2_hist_byteent,42,size_q4000_id1800_ood1800,quantum,12,zmap_r2__d12,15,0.07080524438764124,0.031210218797028996
m2_hist_byteent,42,size_q4000_id1800_ood1800,quantum,6,zmap_r2__d6,15,0.07262592543801892,0.03681003020236684
m2_hist_byteent,42,size_q4000_id1800_ood1800,quantum,4,zmap_r2__d4,15,0.08836382764566864,0.0246116935366726
m2_hist_byteent,42,size_q4000_id1800_ood1800,quantum,4,pauli_xz_r1_full__d4,15,0.09983764145362851,0.016306227955168492
m2_hist_byteent,42,size_q4000_id1800_ood1800,quantum,12,zz_r1_full__d12,15,0.1171236792674819,0.020739010177254602
m2_hist_byteent,42,size_q4000_id1800_ood1800,quantum,8,zz_r1_full__d8,15,0.1255425837549685,0.03061729445635512
m2_hist_byteent,42,size_q4000_id1800_ood1800,quantum,6,zz_r1_full__d6,15,0.13330099494707057,0.0276441904597021
m2_hist_byteent,42,size_q4000_id1800_ood1800,quantum,10,zz_r1_full__d10,15,0.13407605715468918,0.03275276929706454
m2_hist_byteent,42,size_q4000_id1800_ood1800,quantum,4,zz_r1_full__d4,15,0.14155186404052886,0.04018260334124719
m2_hist_byteent,42,size_q4000_id1800_ood1800,quantum,4,zz_r2_full__d4,15,0.15309110068207582,0.020088186217708283
m2_hist_byteent,42,size_q4000_id1800_ood1800,quantum,8,zz_r2_full__d8,15,0.16468845735013918,0.010719295497088709
m2_hist_byteent,42,size_q4000_id1800_ood1800,quantum,12,zz_r2_full__d12,15,0.1821361094330706,0.04611951903128448
m2_hist_byteent,42,size_q4000_id1800_ood1800,quantum,10,zz_r2_full__d10,15,0.18307602227290562,0.03613152272729374
m2_hist_byteent,42,size_q4000_id1800_ood1800,quantum,6,zz_r2_full__d6,15,0.19641101803161706,0.014480212725267796
m2_hist_byteent,123,size_q1000_id500_ood500,classical,8,rbf_gscale,15,-0.0374326049473642,0.01405635649934605
m2_hist_byteent,123,size_q1000_id500_ood500,classical,10,rbf_gscale,15,-0.024019765354398027,0.015282692065229435
m2_hist_byteent,123,size_q1000_id500_ood500,classical,12,rbf_gscale,15,-0.020310347559758534,0.011985325915522463
m2_hist_byteent,123,size_q1000_id500_ood500,classical,6,rbf_gscale,15,-0.009099732265189031,0.01843752590929831
m2_hist_byteent,123,size_q1000_id500_ood500,classical,10,linear,15,0.0052582430640429004,0.017198255926046672
m2_hist_byteent,123,size_q1000_id500_ood500,classical,4,rbf_gscale,15,0.011919436560286245,0.012725873874120516
m2_hist_byteent,123,size_q1000_id500_ood500,classical,8,linear,15,0.015754420979997418,0.012165864878725948
m2_hist_byteent,123,size_q1000_id500_ood500,classical,12,linear,15,0.018464842065151657,0.014336596734067996
m2_hist_byteent,123,size_q1000_id500_ood500,classical,4,linear,15,0.0245123385174282,0.011353532359350738
m2_hist_byteent,123,size_q1000_id500_ood500,classical,6,linear,15,0.026531800922695293,0.0138728813226632
m2_hist_byteent,123,size_q1000_id500_ood500,quantum,6,pauli_xz_r1_full__d6,15,-0.039483173049679035,0.01668785157064288
m2_hist_byteent,123,size_q1000_id500_ood500,quantum,8,pauli_xz_r1_full__d8,15,-0.037365624846909105,0.022016079976719526
m2_hist_byteent,123,size_q1000_id500_ood500,quantum,8,zmap_r2__d8,15,-0.03669867641024227,0.028002729002204237
m2_hist_byteent,123,size_q1000_id500_ood500,quantum,6,zmap_r2__d6,15,-0.0362166795820507,0.01973353960039944
m2_hist_byteent,123,size_q1000_id500_ood500,quantum,4,zz_r2_full__d4,15,-0.028472019057931775,0.037943328265674627
m2_hist_byteent,123,size_q1000_id500_ood500,quantum,4,zz_r1_full__d4,15,-0.02402187676503518,0.036106475085297976
m2_hist_byteent,123,size_q1000_id500_ood500,quantum,10,zmap_r2__d10,15,-0.02027501974327528,0.023989847783260083
m2_hist_byteent,123,size_q1000_id500_ood500,quantum,6,zz_r1_full__d6,15,-0.019149794586060497,0.036779126751064095
m2_hist_byteent,123,size_q1000_id500_ood500,quantum,12,zmap_r2__d12,15,-0.017845386729314773,0.02232101168732674
m2_hist_byteent,123,size_q1000_id500_ood500,quantum,10,pauli_xz_r1_full__d10,15,-0.015623019324769616,0.02341484499059278
m2_hist_byteent,123,size_q1000_id500_ood500,quantum,12,pauli_xz_r1_full__d12,15,-0.013720814281173221,0.022065222924943406
m2_hist_byteent,123,size_q1000_id500_ood500,quantum,8,zz_r1_full__d8,15,-0.012753290141357797,0.026980316497990053
m2_hist_byteent,123,size_q1000_id500_ood500,quantum,8,zz_r2_full__d8,15,-0.010110984097415909,0.021633754142054422
m2_hist_byteent,123,size_q1000_id500_ood500,quantum,4,zmap_r2__d4,15,-0.01000631931583651,0.029093889962531136
m2_hist_byteent,123,size_q1000_id500_ood500,quantum,6,zz_r2_full__d6,15,-0.006304544287761571,0.030807557149471473
m2_hist_byteent,123,size_q1000_id500_ood500,quantum,10,zz_r1_full__d10,15,-0.00199077134059078,0.01910753908738109
m2_hist_byteent,123,size_q1000_id500_ood500,quantum,12,zz_r1_full__d12,15,-0.0015337646435814368,0.021791164069063527
m2_hist_byteent,123,size_q1000_id500_ood500,quantum,4,pauli_xz_r1_full__d4,15,0.0012580564463270383,0.01603858766700649
m2_hist_byteent,123,size_q1000_id500_ood500,quantum,10,zz_r2_full__d10,15,0.004907778597361956,0.015982740831248666
m2_hist_byteent,123,size_q1000_id500_ood500,quantum,12,zz_r2_full__d12,15,0.005344513057708023,0.016075678209330944
m2_hist_byteent,123,size_q2000_id1000_ood1000,classical,12,rbf_gscale,15,-0.03176824031776234,0.018380542212168643
m2_hist_byteent,123,size_q2000_id1000_ood1000,classical,10,rbf_gscale,15,-0.025765173195028558,0.02186565883434225
m2_hist_byteent,123,size_q2000_id1000_ood1000,classical,8,rbf_gscale,15,-0.02263025529339855,0.01267123149409608
m2_hist_byteent,123,size_q2000_id1000_ood1000,classical,6,rbf_gscale,15,-0.01980316654840153,0.020478098631069756
m2_hist_byteent,123,size_q2000_id1000_ood1000,classical,4,rbf_gscale,15,-0.0035937063897344412,0.015227017533682193
m2_hist_byteent,123,size_q2000_id1000_ood1000,classical,12,linear,15,-0.0009419017991636247,0.01402248111830982
m2_hist_byteent,123,size_q2000_id1000_ood1000,classical,10,linear,15,0.006823923640455054,0.016929631636008864
m2_hist_byteent,123,size_q2000_id1000_ood1000,classical,8,linear,15,0.00767208681430509,0.00997818835787501
m2_hist_byteent,123,size_q2000_id1000_ood1000,classical,4,linear,15,0.009947983011803914,0.005043510948860553
m2_hist_byteent,123,size_q2000_id1000_ood1000,classical,6,linear,15,0.017845518307046882,0.00938908242637108
m2_hist_byteent,123,size_q2000_id1000_ood1000,quantum,6,pauli_xz_r1_full__d6,15,-0.037311621522964966,0.008002693260122108
m2_hist_byteent,123,size_q2000_id1000_ood1000,quantum,8,pauli_xz_r1_full__d8,15,-0.03694124078760548,0.011539087866039643
m2_hist_byteent,123,size_q2000_id1000_ood1000,quantum,6,zmap_r2__d6,15,-0.03672548829623819,0.012933888246317634
m2_hist_byteent,123,size_q2000_id1000_ood1000,quantum,8,zmap_r2__d8,15,-0.027697965658432966,0.009008063816825106
m2_hist_byteent,123,size_q2000_id1000_ood1000,quantum,4,zz_r1_full__d4,15,-0.023403847303140008,0.01701975723318373
m2_hist_byteent,123,size_q2000_id1000_ood1000,quantum,4,zmap_r2__d4,15,-0.021642210868141908,0.012912062786402813
m2_hist_byteent,123,size_q2000_id1000_ood1000,quantum,4,zz_r2_full__d4,15,-0.02086745426109391,0.01519204462737537
m2_hist_byteent,123,size_q2000_id1000_ood1000,quantum,6,zz_r1_full__d6,15,-0.0159293356523315,0.010730679925195935
m2_hist_byteent,123,size_q2000_id1000_ood1000,quantum,4,pauli_xz_r1_full__d4,15,-0.012082053213222444,0.020618036753289378
m2_hist_byteent,123,size_q2000_id1000_ood1000,quantum,12,pauli_xz_r1_full__d12,15,-0.007890661846157433,0.0229836323208445
m2_hist_byteent,123,size_q2000_id1000_ood1000,quantum,10,pauli_xz_r1_full__d10,15,-0.006276393187647722,0.021763906297371714
m2_hist_byteent,123,size_q2000_id1000_ood1000,quantum,12,zmap_r2__d12,15,-0.005916854409624084,0.025110118622998723
m2_hist_byteent,123,size_q2000_id1000_ood1000,quantum,6,zz_r2_full__d6,15,-0.005153040072563823,0.024396518700757486
m2_hist_byteent,123,size_q2000_id1000_ood1000,quantum,10,zmap_r2__d10,15,-0.004401028771374183,0.02568765093191597
m2_hist_byteent,123,size_q2000_id1000_ood1000,quantum,8,zz_r1_full__d8,15,-0.0031510590504983506,0.02195050657712042
m2_hist_byteent,123,size_q2000_id1000_ood1000,quantum,8,zz_r2_full__d8,15,0.00595188889996281,0.01789065121856818
m2_hist_byteent,123,size_q2000_id1000_ood1000,quantum,10,zz_r1_full__d10,15,0.00963436292797799,0.014519735547296552
m2_hist_byteent,123,size_q2000_id1000_ood1000,quantum,12,zz_r2_full__d12,15,0.010086607846605622,0.02596586328577719
m2_hist_byteent,123,size_q2000_id1000_ood1000,quantum,12,zz_r1_full__d12,15,0.010971480546384171,0.015563828886154076
m2_hist_byteent,123,size_q2000_id1000_ood1000,quantum,10,zz_r2_full__d10,15,0.0126903590150657,0.018041285774688824
m2_hist_byteent,123,size_q4000_id1800_ood1800,classical,12,rbf_gscale,15,-0.03431407240790889,0.020225945346487226
m2_hist_byteent,123,size_q4000_id1800_ood1800,classical,10,rbf_gscale,15,-0.010164085866258107,0.03761936621365111
m2_hist_byteent,123,size_q4000_id1800_ood1800,classical,6,rbf_gscale,15,-0.008737219947094666,0.03403517208148708
m2_hist_byteent,123,size_q4000_id1800_ood1800,classical,8,rbf_gscale,15,-0.003840752253405063,0.03463422896635253
m2_hist_byteent,123,size_q4000_id1800_ood1800,classical,4,rbf_gscale,15,0.01491068783918464,0.013876757093585934
m2_hist_byteent,123,size_q4000_id1800_ood1800,classical,10,linear,15,0.016669967875731252,0.04303116132880354
m2_hist_byteent,123,size_q4000_id1800_ood1800,classical,12,linear,15,0.019122639013625275,0.041268751916764476
m2_hist_byteent,123,size_q4000_id1800_ood1800,classical,4,linear,15,0.026343100231859484,0.016766127334169593
m2_hist_byteent,123,size_q4000_id1800_ood1800,classical,6,linear,15,0.034848612759046826,0.014825158008683234
m2_hist_byteent,123,size_q4000_id1800_ood1800,classical,8,linear,15,0.03828919211974937,0.014616475176285759
m2_hist_byteent,123,size_q4000_id1800_ood1800,quantum,10,zmap_r2__d10,15,-0.018024009384047704,0.008360238470018724
m2_hist_byteent,123,size_q4000_id1800_ood1800,quantum,6,zmap_r2__d6,15,-0.01763225027236275,0.015051774886938754
m2_hist_byteent,123,size_q4000_id1800_ood1800,quantum,12,zmap_r2__d12,15,-0.01731449448023598,0.008324046232214631
m2_hist_byteent,123,size_q4000_id1800_ood1800,quantum,10,pauli_xz_r1_full__d10,15,-0.016319745308062447,0.00973138968148468
m2_hist_byteent,123,size_q4000_id1800_ood1800,quantum,6,zz_r1_full__d6,15,-0.01626333930019286,0.009588538557703707
m2_hist_byteent,123,size_q4000_id1800_ood1800,quantum,12,pauli_xz_r1_full__d12,15,-0.01617872119933763,0.01078003284087071
m2_hist_byteent,123,size_q4000_id1800_ood1800,quantum,6,pauli_xz_r1_full__d6,15,-0.015941308357722672,0.01754322543664922
m2_hist_byteent,123,size_q4000_id1800_ood1800,quantum,4,zz_r1_full__d4,15,-0.013022511705882311,0.020832664596445182
m2_hist_byteent,123,size_q4000_id1800_ood1800,quantum,4,zz_r2_full__d4,15,-0.012794994742921607,0.010427149470295844
m2_hist_byteent,123,size_q4000_id1800_ood1800,quantum,6,zz_r2_full__d6,15,-0.012629095289111247,0.009564745989126312
m2_hist_byteent,123,size_q4000_id1800_ood1800,quantum,8,zz_r1_full__d8,15,-0.01156563544658032,0.010518567549444418
m2_hist_byteent,123,size_q4000_id1800_ood1800,quantum,12,zz_r1_full__d12,15,-0.007734480451664627,0.012359394203952195
m2_hist_byteent,123,size_q4000_id1800_ood1800,quantum,10,zz_r1_full__d10,15,-0.007262127558712561,0.00893926289494918
m2_hist_byteent,123,size_q4000_id1800_ood1800,quantum,8,zz_r2_full__d8,15,-0.00522121829355171,0.01309692329265299
m2_hist_byteent,123,size_q4000_id1800_ood1800,quantum,10,zz_r2_full__d10,15,-0.004678264094183297,0.008969576567802102
m2_hist_byteent,123,size_q4000_id1800_ood1800,quantum,8,pauli_xz_r1_full__d8,15,-0.003991727591388594,0.026217624646853184
m2_hist_byteent,123,size_q4000_id1800_ood1800,quantum,12,zz_r2_full__d12,15,-0.0038964487341954716,0.008622891409951261
m2_hist_byteent,123,size_q4000_id1800_ood1800,quantum,8,zmap_r2__d8,15,-0.0035375950335060874,0.020353827632317367
m2_hist_byteent,123,size_q4000_id1800_ood1800,quantum,4,pauli_xz_r1_full__d4,15,-0.0033706206925061323,0.02223448657095646
m2_hist_byteent,123,size_q4000_id1800_ood1800,quantum,4,zmap_r2__d4,15,0.0013031965123240527,0.021938731915254563
m2_hist_byteent,999,size_q1000_id500_ood500,classical,10,rbf_gscale,15,-0.003767590587680858,0.02450549330729678
m2_hist_byteent,999,size_q1000_id500_ood500,classical,8,rbf_gscale,15,-0.0035851325419675507,0.021735013694931863
m2_hist_byteent,999,size_q1000_id500_ood500,classical,12,rbf_gscale,15,-0.0011755244108197615,0.02327435724221095
m2_hist_byteent,999,size_q1000_id500_ood500,classical,8,linear,15,-0.0009500307512044337,0.022032719174234314
m2_hist_byteent,999,size_q1000_id500_ood500,classical,6,rbf_gscale,15,0.004725622655524541,0.015097755095848814
m2_hist_byteent,999,size_q1000_id500_ood500,classical,12,linear,15,0.01164009889337146,0.019565600172610817
m2_hist_byteent,999,size_q1000_id500_ood500,classical,10,linear,15,0.015112876695690346,0.013701589477124835
m2_hist_byteent,999,size_q1000_id500_ood500,classical,4,rbf_gscale,15,0.027970030039503956,0.012223544661966543
m2_hist_byteent,999,size_q1000_id500_ood500,classical,4,linear,15,0.029194551787214994,0.025748127103884418
m2_hist_byteent,999,size_q1000_id500_ood500,classical,6,linear,15,0.03761876525464793,0.012612481946854446
m2_hist_byteent,999,size_q1000_id500_ood500,quantum,6,pauli_xz_r1_full__d6,15,-0.01956855555290986,0.01796033163570955
m2_hist_byteent,999,size_q1000_id500_ood500,quantum,8,pauli_xz_r1_full__d8,15,-0.017397007387606946,0.01723152234925178
m2_hist_byteent,999,size_q1000_id500_ood500,quantum,12,pauli_xz_r1_full__d12,15,-0.016885628605018167,0.018346702904686856
m2_hist_byteent,999,size_q1000_id500_ood500,quantum,6,zmap_r2__d6,15,-0.01487866927467867,0.014137581497672266
m2_hist_byteent,999,size_q1000_id500_ood500,quantum,12,zmap_r2__d12,15,-0.014100394436559282,0.012655223306870323
m2_hist_byteent,999,size_q1000_id500_ood500,quantum,10,zmap_r2__d10,15,-0.011424594916652176,0.01050672495120911
m2_hist_byteent,999,size_q1000_id500_ood500,quantum,10,pauli_xz_r1_full__d10,15,-0.010782954807284173,0.025043358280728713
m2_hist_byteent,999,size_q1000_id500_ood500,quantum,8,zmap_r2__d8,15,-0.009407101458281452,0.01754167703479801
m2_hist_byteent,999,size_q1000_id500_ood500,quantum,6,zz_r1_full__d6,15,-0.008731382410003218,0.025781854413652792
m2_hist_byteent,999,size_q1000_id500_ood500,quantum,8,zz_r1_full__d8,15,-0.0007291004977120652,0.016004535082063273
m2_hist_byteent,999,size_q1000_id500_ood500,quantum,8,zz_r2_full__d8,15,0.001263187927065923,0.005488627816742766
m2_hist_byteent,999,size_q1000_id500_ood500,quantum,6,zz_r2_full__d6,15,0.004682294472385588,0.013848271772522836
m2_hist_byteent,999,size_q1000_id500_ood500,quantum,4,zz_r2_full__d4,15,0.005659453957753439,0.0340317204389189
m2_hist_byteent,999,size_q1000_id500_ood500,quantum,4,zmap_r2__d4,15,0.008755122869900338,0.037445217996752295
m2_hist_byteent,999,size_q1000_id500_ood500,quantum,4,zz_r1_full__d4,15,0.009125947011919,0.03671008931665089
m2_hist_byteent,999,size_q1000_id500_ood500,quantum,10,zz_r1_full__d10,15,0.013168423321933641,0.016089908753005967
m2_hist_byteent,999,size_q1000_id500_ood500,quantum,12,zz_r1_full__d12,15,0.020236304217035653,0.012318408883389816
m2_hist_byteent,999,size_q1000_id500_ood500,quantum,10,zz_r2_full__d10,15,0.021806500867222533,0.012685783380921151
m2_hist_byteent,999,size_q1000_id500_ood500,quantum,4,pauli_xz_r1_full__d4,15,0.023726937599696494,0.019700109609822523
m2_hist_byteent,999,size_q1000_id500_ood500,quantum,12,zz_r2_full__d12,15,0.029826993637058475,0.008121369683166948
m2_hist_byteent,999,size_q2000_id1000_ood1000,classical,12,rbf_gscale,15,-0.023026638324971715,0.039922498505738105
m2_hist_byteent,999,size_q2000_id1000_ood1000,classical,10,rbf_gscale,15,-0.019944635188951797,0.04008657950524765
m2_hist_byteent,999,size_q2000_id1000_ood1000,classical,6,rbf_gscale,15,-0.019938186725174868,0.0335091193114601
m2_hist_byteent,999,size_q2000_id1000_ood1000,classical,8,rbf_gscale,15,-0.014086902046142468,0.04084157394422977
m2_hist_byteent,999,size_q2000_id1000_ood1000,classical,4,linear,15,0.0030331259904877506,0.01858350201625086
m2_hist_byteent,999,size_q2000_id1000_ood1000,classical,12,linear,15,0.007438095982993653,0.032320702932437585
m2_hist_byteent,999,size_q2000_id1000_ood1000,classical,4,rbf_gscale,15,0.008119019710334508,0.019664415736192015
m2_hist_byteent,999,size_q2000_id1000_ood1000,classical,6,linear,15,0.010135766103358668,0.013358236118134163
m2_hist_byteent,999,size_q2000_id1000_ood1000,classical,10,linear,15,0.011502864710267468,0.028359034204069277
m2_hist_byteent,999,size_q2000_id1000_ood1000,classical,8,linear,15,0.02325443469842845,0.017915698731462402
m2_hist_byteent,999,size_q2000_id1000_ood1000,quantum,12,pauli_xz_r1_full__d12,15,-0.03493832061644604,0.026037395561403814
m2_hist_byteent,999,size_q2000_id1000_ood1000,quantum,6,zz_r1_full__d6,15,-0.03028744058734765,0.019829132543199294
m2_hist_byteent,999,size_q2000_id1000_ood1000,quantum,10,zmap_r2__d10,15,-0.02975094691645379,0.022810540785970074
m2_hist_byteent,999,size_q2000_id1000_ood1000,quantum,12,zmap_r2__d12,15,-0.029255316483767876,0.023414589651461405
m2_hist_byteent,999,size_q2000_id1000_ood1000,quantum,6,pauli_xz_r1_full__d6,15,-0.02799182308794639,0.03516734983487303
m2_hist_byteent,999,size_q2000_id1000_ood1000,quantum,6,zmap_r2__d6,15,-0.025587310303536625,0.04295888307288207
m2_hist_byteent,999,size_q2000_id1000_ood1000,quantum,4,zmap_r2__d4,15,-0.02405989614624693,0.03691644560508991
m2_hist_byteent,999,size_q2000_id1000_ood1000,quantum,8,pauli_xz_r1_full__d8,15,-0.023490448983684707,0.04568444432565412
m2_hist_byteent,999,size_q2000_id1000_ood1000,quantum,8,zmap_r2__d8,15,-0.022155437874856278,0.037179267546026774
m2_hist_byteent,999,size_q2000_id1000_ood1000,quantum,4,zz_r1_full__d4,15,-0.02166037788598827,0.0424691715898149
m2_hist_byteent,999,size_q2000_id1000_ood1000,quantum,10,pauli_xz_r1_full__d10,15,-0.021060604230349566,0.041318528394557304
m2_hist_byteent,999,size_q2000_id1000_ood1000,quantum,6,zz_r2_full__d6,15,-0.0170655679556129,0.015941697790915296
m2_hist_byteent,999,size_q2000_id1000_ood1000,quantum,8,zz_r1_full__d8,15,-0.01264690584246253,0.022275714814207155
m2_hist_byteent,999,size_q2000_id1000_ood1000,quantum,4,zz_r2_full__d4,15,-0.007912624271937462,0.03380336346113009
m2_hist_byteent,999,size_q2000_id1000_ood1000,quantum,8,zz_r2_full__d8,15,-0.007612502195798521,0.01847735568191791
m2_hist_byteent,999,size_q2000_id1000_ood1000,quantum,4,pauli_xz_r1_full__d4,15,-0.006202151648333043,0.02280460685355101
m2_hist_byteent,999,size_q2000_id1000_ood1000,quantum,12,zz_r1_full__d12,15,0.0011563994858432736,0.024366798124376757
m2_hist_byteent,999,size_q2000_id1000_ood1000,quantum,10,zz_r1_full__d10,15,0.0017041710335465644,0.02379516818431486
m2_hist_byteent,999,size_q2000_id1000_ood1000,quantum,10,zz_r2_full__d10,15,0.004986832903181626,0.02496742681359317
m2_hist_byteent,999,size_q2000_id1000_ood1000,quantum,12,zz_r2_full__d12,15,0.007530746751655408,0.022302138072881162
m2_hist_byteent,999,size_q4000_id1800_ood1800,classical,12,rbf_gscale,15,-0.009238908682026089,0.03194070546537383
m2_hist_byteent,999,size_q4000_id1800_ood1800,classical,4,rbf_gscale,15,0.00047637315569495355,0.010385145472493659
m2_hist_byteent,999,size_q4000_id1800_ood1800,classical,10,rbf_gscale,15,0.0008363497773945961,0.023909349752866703
m2_hist_byteent,999,size_q4000_id1800_ood1800,classical,6,rbf_gscale,15,0.003593478063322686,0.011312871694320449
m2_hist_byteent,999,size_q4000_id1800_ood1800,classical,8,rbf_gscale,15,0.011840106982682482,0.016823983578913047
m2_hist_byteent,999,size_q4000_id1800_ood1800,classical,10,linear,15,0.013017039574443067,0.0213802181284513
m2_hist_byteent,999,size_q4000_id1800_ood1800,classical,12,linear,15,0.016505551541913164,0.022588386931136278
m2_hist_byteent,999,size_q4000_id1800_ood1800,classical,4,linear,15,0.017531466156322135,0.008319583517998332
m2_hist_byteent,999,size_q4000_id1800_ood1800,classical,8,linear,15,0.01759949665795823,0.014736702125940622
m2_hist_byteent,999,size_q4000_id1800_ood1800,classical,6,linear,15,0.019384686529253004,0.013533934657950754
m2_hist_byteent,999,size_q4000_id1800_ood1800,quantum,12,pauli_xz_r1_full__d12,15,-0.02988410575012684,0.008157765758410897
m2_hist_byteent,999,size_q4000_id1800_ood1800,quantum,12,zmap_r2__d12,15,-0.02418452708713694,0.00881610567683282
m2_hist_byteent,999,size_q4000_id1800_ood1800,quantum,10,pauli_xz_r1_full__d10,15,-0.020430876126949316,0.016530744306806736
m2_hist_byteent,999,size_q4000_id1800_ood1800,quantum,6,zz_r2_full__d6,15,-0.016506644361606225,0.03165847067151296
m2_hist_byteent,999,size_q4000_id1800_ood1800,quantum,8,zz_r1_full__d8,15,-0.015175320017407535,0.0169109127411895
m2_hist_byteent,999,size_q4000_id1800_ood1800,quantum,10,zz_r1_full__d10,15,-0.014234034676396619,0.017035502385509802
m2_hist_byteent,999,size_q4000_id1800_ood1800,quantum,6,zz_r1_full__d6,15,-0.012951977504157376,0.030972341172997714
m2_hist_byteent,999,size_q4000_id1800_ood1800,quantum,12,zz_r1_full__d12,15,-0.012197810061693671,0.01709445494315925
m2_hist_byteent,999,size_q4000_id1800_ood1800,quantum,10,zmap_r2__d10,15,-0.01158431101908044,0.022180860753061513
m2_hist_byteent,999,size_q4000_id1800_ood1800,quantum,4,zz_r1_full__d4,15,-0.007343733196929847,0.016582401521541754
m2_hist_byteent,999,size_q4000_id1800_ood1800,quantum,4,pauli_xz_r1_full__d4,15,-0.006655049259398904,0.011597238624391978
m2_hist_byteent,999,size_q4000_id1800_ood1800,quantum,6,zmap_r2__d6,15,-0.0058171526309444,0.02749538982221854
m2_hist_byteent,999,size_q4000_id1800_ood1800,quantum,12,zz_r2_full__d12,15,-0.0055251870980602465,0.017377653618372135
m2_hist_byteent,999,size_q4000_id1800_ood1800,quantum,8,zz_r2_full__d8,15,-0.005081552529240229,0.020924242740032635
m2_hist_byteent,999,size_q4000_id1800_ood1800,quantum,10,zz_r2_full__d10,15,-0.004691738857974677,0.017562066958305356
m2_hist_byteent,999,size_q4000_id1800_ood1800,quantum,6,pauli_xz_r1_full__d6,15,0.0005110230691580009,0.018320134918637997
m2_hist_byteent,999,size_q4000_id1800_ood1800,quantum,4,zz_r2_full__d4,15,0.0026565103993360316,0.028509740262823886
m2_hist_byteent,999,size_q4000_id1800_ood1800,quantum,4,zmap_r2__d4,15,0.0028098972352466798,0.013092988771476872
m2_hist_byteent,999,size_q4000_id1800_ood1800,quantum,8,pauli_xz_r1_full__d8,15,0.007022922294550164,0.017117511675199565
m2_hist_byteent,999,size_q4000_id1800_ood1800,quantum,8,zmap_r2__d8,15,0.00835579225842067,0.03146918887505431
