sel_gd_lam1e-4,sel_gd_lam1e-2,sel_kta_ood_q_minus_c,sel_kta_drop_q_minus_c,sel_eff_rank_q,sel_novelty_ratio_q_minus_c,fam_kta_ood_best_q_minus_best_c,fam_kta_id_best_q_minus_best_c,fam_kta_train_best_q_minus_best_c,fam_gd_median_lam1e-4,fam_eff_rank_max_q,fam_novelty_ratio_mean_q_minus_c,apriori_eff_rank_q_at_best_train_kta,apriori_gd1e-2_vs_rbf_at_best_train_kta,variant,master_seed,size_tag,qsplit_seed,delta_ood,winner
7.649329196023283,2.226804540262599,0.0875217514015888,-0.0885014431370924,18.01675324748497,-0.03812744660294776,0.048007250591262096,0.02234319859704892,0.021807282231027403,23.77996658924232,195.0653115618977,-0.11586498582080673,4.922719237832053,2.5699484491071845,m1_hist_byteent,42,size_q1000_id500_ood500,7,0.0362,quantum
8.744546838743922,2.283448384018416,0.0862593691068922,-0.0697265648196797,22.79575429951693,-0.13565379554885781,0.052156104551890195,0.026962183007762597,0.02100091429117161,21.99161875386113,238.17406597899372,-0.1406007191923775,3.250043882231946,1.8541241097988308,m1_hist_byteent,42,size_q1000_id500_ood500,42,0.0362,quantum
7.317331843500666,2.1353824282959533,0.0739010259010466,-0.059601713878715795,21.344554974492915,-0.12963648218972157,0.06647360853842929,0.026233203126891702,0.029503621593857693,23.414589392892985,213.6245245027951,-0.20281658873200759,4.858624150072192,2.2922264814672837,m1_hist_byteent,42,size_q1000_id500_ood500,123,0.0362,quantum
7.790049112293438,2.1554577853593497,0.09878364609182029,-0.0872354033192536,23.20939106902517,-0.13822182322386423,0.05590267494733479,0.029765150791596792,0.030174790296861403,23.36015336492535,194.9344529063421,-0.16772807772498277,4.757656337748236,2.1163863733514128,m1_hist_byteent,42,size_q1000_id500_ood500,999,0.0362,quantum
8.519924056087309,2.276189369816707,0.0842981477441553,-0.06182562450795331,15.62470810642531,-0.21062572627647824,0.04330919565464558,0.0298644181337619,0.024350411742607693,21.618834218950397,155.21941103695193,-0.2359240829637358,99.85946576206024,2.500853760346515,m1_hist_byteent,42,size_q1000_id500_ood500,2024,0.0362,quantum
18.51698356035242,2.348784634297449,0.11494358152441661,-0.1166812841398758,137.5023081427995,-0.35154798214753835,0.05336339310367741,0.00875196731446401,0.011920895017191194,21.717965258677122,225.2669683075136,-0.2667660499675032,13.333245453965848,2.417527415157184,m1_hist_byteent,42,size_q2000_id1000_ood1000,7,0.0525,quantum
17.440456796236138,2.2106700458841524,0.0866389475843367,-0.06514483069700709,113.05397733018016,-0.38147121587952415,0.002517832005498599,0.015603182415286812,0.013434896330853707,21.801707544176764,191.83334108177328,-0.17962793682816502,3.926630111202861,1.8227248642506173,m1_hist_byteent,42,size_q2000_id1000_ood1000,42,0.0525,quantum
17.27907046054181,2.2619152176382777,0.048302841698647986,-0.049799601171664994,96.83086261511072,-0.368802193965452,0.006294532872673703,-0.007181361296542302,-0.010779476496542414,23.468932192710856,160.35514058874062,-0.16462174453589762,5.279377795913904,1.960581196737838,m1_hist_byteent,42,size_q2000_id1000_ood1000,123,0.0525,quantum
15.044149908610002,2.490918255514404,0.08111012589854431,-0.0886515168152132,96.07293346035225,-0.32983495949760955,0.0677685709305109,0.0002550339397943968,-0.011947385198854993,23.702732047802364,162.98936090878183,-0.15117059677303912,4.922653318898736,1.9451487170618809,m1_hist_byteent,42,size_q2000_id1000_ood1000,999,0.0525,quantum
17.18386049518575,2.14491999253035,0.0666861751103562,-0.0575093294755606,141.59848349990207,-0.3781210283834744,0.04044895559596512,-0.008298362469077503,-0.010909672991247704,21.562571709480537,237.06047790162592,-0.1775379203880828,6.557071617270724,2.114458999498741,m1_hist_byteent,42,size_q2000_id1000_ood1000,2024,0.0525,quantum
19.668361822517312,2.5056477681987745,-0.0007279836400785888,0.027777924007103008,99.09895066163192,-0.3244749012091961,0.0032942868878376996,0.006467861000714101,0.009012709756708898,21.73141750256626,168.9133726842752,-0.21362441593076253,55.92520303688495,2.6703055524183545,m1_hist_byteent,42,size_q4000_id1800_ood1800,7,0.0078,quantum
16.27699987719279,2.417029015863553,-0.002392372562907391,-0.0078989180945499,86.08690294292164,-0.2876812558265325,0.003625972577584291,0.004306077951812301,-0.0015456855473620912,22.817766369585442,147.76916988181566,-0.13184615193575422,6.768830713540179,2.494942015291212,m1_hist_byteent,42,size_q4000_id1800_ood1800,42,0.0078,quantum
18.455924082790723,2.5333156441400204,0.049897167316694,-0.0456256942029649,97.51775370325583,-0.3306468410378829,0.04524796480209889,0.010713732726118405,0.013234654902206197,22.347918760825934,157.99264918436876,-0.20030270799692074,8.829536609986903,2.618125322986093,m1_hist_byteent,42,size_q4000_id1800_ood1800,123,0.0078,quantum
18.148808942241043,2.3050087233421657,-0.019906874887293896,0.0142840195729044,114.9710073965399,-0.32064740068674036,-0.0196248100124862,0.008249364337549595,0.0007659469888764009,21.48347910646848,196.2096262311367,-0.163564904996925,4.426683185815385,1.8487379893281592,m1_hist_byteent,42,size_q4000_id1800_ood1800,999,0.0078,quantum
19.1073817581291,2.4132611394350514,-0.003618082367752018,0.0322795385978383,116.88238540415982,-0.3116392868860337,-0.002642146929592193,0.011111638425186907,0.005754542427369697,22.048000880174456,207.29400115802775,-0.20775646733707132,3.657056033869107,1.7610920210087124,m1_hist_byteent,42,size_q4000_id1800_ood1800,2024,0.0078,quantum
7.843788985317447,2.187054736441409,0.051746653326118386,-0.06524915565929951,21.56333569238367,-0.047690195558812376,0.07465283803722218,0.00769548608248731,0.011271180749677395,24.18600067980846,168.29071735316765,-0.1573909782956281,4.990476235544824,2.145802716856946,m1_hist_byteent,123,size_q1000_id500_ood500,7,0.0204,quantum
7.027876514456975,2.082484693628972,0.03970158407771579,-0.033507961586308393,20.585848907784204,-0.0379796632049042,0.03970158407771579,0.020293136353340208,0.001968852698075396,24.003305555607973,171.64032323520334,-0.13466596543934373,3.525576333009456,1.9578197648920168,m1_hist_byteent,123,size_q1000_id500_ood500,42,0.0204,quantum
7.629820932185598,2.3365291519202547,0.038252235101526214,-0.06646074312967751,28.09748641213603,-0.09486087885225791,0.06191110817357749,-0.0117997631826596,-0.016398461625645996,23.73167238145581,234.59370185319125,-0.1465930464351547,5.03870064027829,2.3211448357572504,m1_hist_byteent,123,size_q1000_id500_ood500,123,0.0204,quantum
7.382723621957219,2.0583568131400543,0.054488283302429205,-0.0528407177110745,17.93788297171001,-0.090970687820361,0.0646129443814351,0.023402436289728407,0.018582702216408314,23.61223934081547,139.36989840726733,-0.18823636885690265,4.367055293086012,1.9500254156313277,m1_hist_byteent,123,size_q1000_id500_ood500,999,0.0204,quantum
7.110617144044608,2.114221995641181,0.009769290788171708,0.020442508072213705,11.382045410988392,-0.14697990530288974,0.028898083002031505,0.010050578167441995,0.011985294867402504,20.4039999284703,141.89584489862608,-0.15173616581896832,2.644166877049276,1.745465722055728,m1_hist_byteent,123,size_q1000_id500_ood500,2024,0.0204,quantum
15.156140706532629,2.4441807727893043,0.05378724649325592,-0.07012169851960251,80.70116511020936,-0.33397969939412386,0.05378724649325592,-0.01087742978479829,-0.005791875244694697,23.559387978284832,164.43567524849752,-0.21914292558147752,6.174219643596433,2.2086753138484,m1_hist_byteent,123,size_q2000_id1000_ood1000,7,0.0099,quantum
17.34212280131682,2.340023692778257,0.030567776767645494,-0.051457541956483006,105.0434176393633,-0.2848054481217066,0.0309726410780784,0.011352687080091212,0.010107705046694004,20.804813231704493,223.99007847664475,-0.1533916803987363,4.118932979471152,1.9471551370932407,m1_hist_byteent,123,size_q2000_id1000_ood1000,42,0.0099,quantum
15.959197820753632,2.3866008981749096,0.032300512023374084,-0.0531230733813133,90.53265043683308,-0.2930975322241799,0.03746177660278201,0.0028337498626641033,-0.029670401676982303,21.740095605603166,183.81905388778603,-0.16329623357985612,6.992768792302365,2.0470359548452217,m1_hist_byteent,123,size_q2000_id1000_ood1000,123,0.0099,quantum
17.81698073337963,2.423115128143296,0.04674912152170002,-0.066781863428873,108.69830732399012,-0.2591874076381615,0.06848041601092311,0.0020756338063297047,0.009734484322856604,21.162151368928367,226.66531815586237,-0.2128652162096254,6.511662234668199,2.046261538748692,m1_hist_byteent,123,size_q2000_id1000_ood1000,999,0.0099,quantum
16.20865693252401,2.4739832161060558,0.040607182475348114,-0.026585218602194906,73.91995245048038,-0.2687382414890578,0.046767177441799396,0.018592139800723217,0.01418332721954331,21.0291897868203,148.2011350342699,-0.14407745974701813,3.7830150464819656,1.8712925926549249,m1_hist_byteent,123,size_q2000_id1000_ood1000,2024,0.0099,quantum
17.668813640655156,2.694130531347047,0.033593102733331895,-0.01244038000335991,74.35897763233483,-0.28579996068225655,0.03552209626497839,0.013327888329261503,0.012970271296134192,25.16440250999828,161.53931361806966,-0.20193777004749547,14.048600783301492,3.245846965453796,m1_hist_byteent,123,size_q4000_id1800_ood1800,7,0.0123,quantum
18.86111941160625,2.6575807763630017,0.01731507393263601,-0.00781072621499021,72.39348910130332,-0.2514682023081578,0.01767252850904122,0.006431107641195588,0.0076966071447789886,21.38792779371979,156.7100045861104,-0.18432764484836106,72.39348910130332,2.6575807763630017,m1_hist_byteent,123,size_q4000_id1800_ood1800,42,0.0123,quantum
18.220313298599688,2.501107102294769,0.04611196368959561,-0.040263389821853506,73.72152316141282,-0.2993797235019334,0.0473138466371644,0.013150290518715399,0.0219280622713606,22.171425848390705,141.79732621529706,-0.19620725911975978,9.607248469222483,2.669666262993856,m1_hist_byteent,123,size_q4000_id1800_ood1800,123,0.0123,quantum
18.292479117568984,2.372894492774726,0.00951069762350909,0.005366321655148595,115.45496530825552,-0.3021851610331511,0.010203514640699213,0.017657051599748702,0.01791347577990951,21.573875342688247,238.67667085631447,-0.22990318131905374,16.850806224476273,2.3871047274045343,m1_hist_byteent,123,size_q4000_id1800_ood1800,999,0.0123,quantum
16.85698766997415,2.244455497172216,-0.013869056548055286,-0.005963085628181791,89.18514734920738,-0.29261169312395474,-0.013196968280027505,-0.0095733693625248,-0.009870273615589203,23.053583055921827,191.71632865300387,-0.1552524209555104,5.477251395989493,1.916065852703487,m1_hist_byteent,123,size_q4000_id1800_ood1800,2024,0.0123,quantum
6.566791307794192,1.9415254967175888,0.0673176116251485,-0.0677595440483499,20.603299854941937,-0.06493496553470979,0.07490139794803509,0.0013082065399097897,0.0014203147777729908,20.5854651592743,181.8069462225963,-0.13705309882386352,3.681090741983154,1.650284790732813,m1_hist_byteent,999,size_q1000_id500_ood500,7,0.0305,quantum
7.917828018854758,2.148029481510266,0.0638660571164564,-0.0834569599307323,19.890396068418728,-0.08256277166545745,0.0638660571164564,0.0253195782107066,0.02372955175359849,23.01562907277477,210.8872241973145,-0.12106080763926519,3.830085108095056,2.0311605410774662,m1_hist_byteent,999,size_q1000_id500_ood500,42,0.0305,quantum
7.572281598959788,2.07157490369176,0.039894148880948596,-0.0391581765881424,22.78444764076688,-0.11088763947843239,0.04824184237179861,0.011023333884731507,0.006243526392580606,20.995792010454274,256.7160660363723,-0.153402052405198,3.805184942008042,1.9736866940772275,m1_hist_byteent,999,size_q1000_id500_ood500,123,0.0305,quantum
7.402235191875357,2.1963507692852984,0.04319562229183961,-0.0249576615827608,25.066916839704543,-0.08525685362864865,0.05650473432093271,0.031094015250623108,0.0416555150334114,21.787396458731287,217.0021217073211,-0.14376419091139003,4.304405295145941,2.058060540272169,m1_hist_byteent,999,size_q1000_id500_ood500,999,0.0305,quantum
5.511245690400161,1.8422261225641845,0.053960105916295686,-0.046479583308197805,13.56724498467055,-0.06398451773713176,0.064918801553599,0.010124603184840097,0.010531879386821097,20.43703239337423,132.75841713454116,-0.14865453359125325,3.160114069235565,1.616745130359578,m1_hist_byteent,999,size_q1000_id500_ood500,2024,0.0305,quantum
19.132432722904607,2.439626977192622,0.0007892719143753057,0.0184273821710757,111.72383900165418,-0.35765546075109567,0.001049734399283686,0.0251636478736198,0.011697230779635692,21.754133231533867,181.54353342658197,-0.24826948168721674,8.788485225554439,1.9237707094466872,m1_hist_byteent,999,size_q2000_id1000_ood1000,7,0.0117,quantum
18.118256700075392,2.3473309498543613,0.012355367475752999,-0.0277453266699529,97.46025728134887,-0.3411103981216602,0.01917835685744479,-0.006587508832309602,-0.005006227947586095,21.436128059007245,153.86901205562825,-0.2204206170846006,8.135777345324144,1.7063667269189224,m1_hist_byteent,999,size_q2000_id1000_ood1000,42,0.0117,quantum
18.20381372764813,2.3987005568131923,0.05480431148352141,-0.062437178534044596,123.17595987558464,-0.29407378055706734,0.05716547435646821,0.023923039013712816,0.025075528513620007,22.89357006741566,205.61667828202908,-0.21932539885758906,6.250219157870302,2.48887435702568,m1_hist_byteent,999,size_q2000_id1000_ood1000,123,0.0117,quantum
16.36806005264833,2.516774577549278,0.039180678387974816,-0.02577284632049401,92.62271528180317,-0.29791802694879443,0.0414325682334826,0.010720246643649303,0.0020530327935548015,20.85178011415345,156.7856290205215,-0.20780876319529873,3.800096017002373,1.84250534606689,m1_hist_byteent,999,size_q2000_id1000_ood1000,999,0.0117,quantum
16.22119871939442,2.3603323028941454,0.061688945992226796,-0.0660781349686798,152.62749634824735,-0.29398086692790715,0.0741803951295108,0.012205107816749897,0.009821510236462397,20.13393671716628,263.20202534117595,-0.17726867006551328,5.051929852787339,2.1813995554537446,m1_hist_byteent,999,size_q2000_id1000_ood1000,2024,0.0117,quantum
19.024037598063217,2.465558854972888,0.01171864650069901,-0.0079826246788567,79.29368617123185,-0.26193869091050626,0.011586767454252689,0.020821879523639897,0.01834048825574809,21.463988977069317,180.7174838926521,-0.1996751527325642,10.130875905079536,2.340256849738159,m1_hist_byteent,999,size_q4000_id1800_ood1800,7,-0.0101,classical
17.071772853340686,2.4333243079352145,0.0027136891519297934,-0.01711598129842011,82.56112139928206,-0.2706326480845862,0.0034744372884553953,-0.0018862358234490867,-0.00029927566764449687,21.17961639727706,177.19253622749605,-0.1594740408187254,4.636109389528033,1.8392698278340411,m1_hist_byteent,999,size_q4000_id1800_ood1800,42,-0.0101,classical
16.797180019798713,2.502615388047556,0.016332303755848793,-0.028891183717866697,72.02874141830927,-0.28646886406367533,0.016387396754629913,-0.009774226366631389,0.006792272474649197,23.232224304606895,167.01302364216394,-0.15382900081366546,6.460724949278722,2.336307652828246,m1_hist_byteent,999,size_q4000_id1800_ood1800,123,-0.0101,classical
19.50226524612979,2.7246678006156646,0.024568274190375106,-0.011827701447741604,65.48671845248245,-0.23962885809916157,0.02664522410703679,0.019857760173998706,0.02348325903236409,22.637760289475118,136.37773327067492,-0.18196859624781458,65.48671845248245,2.7246678006156646,m1_hist_byteent,999,size_q4000_id1800_ood1800,999,-0.0101,classical
16.238283313938645,2.712318698135604,0.020101477847044302,0.0020622755946586996,58.64506330998864,-0.2770657799276245,0.021614824478613293,0.012514467146282501,-0.0025441392311438965,25.238368954410504,122.4598340933804,-0.16194739284247894,5.241068848331019,2.361672161698643,m1_hist_byteent,999,size_q4000_id1800_ood1800,2024,-0.0101,classical
6.6259905273079145,2.192071281982336,0.015593414321620203,-0.0012647700180652977,9.623203295481416,-0.06410539152585881,0.0412006287617049,0.017498319484363492,0.0021329327567949086,21.81974448670349,165.18105228910545,-0.13915657222159017,2.470723557364047,1.5849744373169248,m2_hist_byteent,42,size_q1000_id500_ood500,7,-0.0613,classical
4.879338546598585,1.7105454321949836,-0.0032859309652397,0.0092197747936273,13.00350258909122,-0.08349727574992283,0.015012730346471909,0.0031943177718575105,0.004969548355058501,21.52048683187867,132.99125139142677,-0.13347318352368742,3.857754189103106,2.151421923703303,m2_hist_byteent,42,size_q1000_id500_ood500,42,-0.0613,classical
6.172547711807847,2.0314707120215814,0.030086058435194088,-0.0111313318739438,10.21238586497937,-0.054936137493507675,0.013639756309243606,-0.01987178516124971,-0.011532900918403505,22.127622489729607,141.86568940778264,-0.12424406869802795,4.858760370319359,1.882449408973543,m2_hist_byteent,42,size_q1000_id500_ood500,123,-0.0613,classical
5.906679945833012,1.9611266003738237,0.025685956820902495,-0.031045670153043596,13.151508183654654,-0.07824059213082535,0.035058297435784896,-0.0053687498135517875,0.0023069174806496784,19.926462257868444,182.42173767670573,-0.1515438442281951,4.090669470405483,2.1031857634956435,m2_hist_byteent,42,size_q1000_id500_ood500,999,-0.0613,classical
5.980383356234282,2.1790858110171856,0.018539051525442704,-0.008033290186967901,14.04673826648977,-0.06305549763304541,0.0431297583128475,0.0014828188344840065,0.0325127793519695,23.187098285590643,181.9062468196061,-0.15578345726891263,3.580190520623414,2.114559021451482,m2_hist_byteent,42,size_q1000_id500_ood500,2024,-0.0613,classical
21.89326616369506,3.414558997594006,0.014900571587882508,-0.0479246994723756,13.4963407521057,-0.08721863590877066,-0.0005771755888913932,-0.034248081167950487,-0.014195568252867802,22.237559106996418,109.19638242785643,-0.1275041140252713,5.793738939418437,1.9980530698313048,m2_hist_byteent,42,size_q2000_id1000_ood1000,7,-0.0609,classical
21.259570658829848,3.2566879559694564,0.027015155033897287,-0.031202487600112398,14.5091356131063,-0.09485979178527715,0.016454433117910103,-0.01977839865632941,-0.007914394491483998,21.390076404657307,158.02545018917598,-0.11053689556872859,5.379094187202202,1.857790974692913,m2_hist_byteent,42,size_q2000_id1000_ood1000,42,-0.0609,classical
23.2197181694024,3.342913543779312,0.0015229329922125112,-0.0261868769570292,13.750126227714892,-0.07663793727911739,-0.007293154137603092,-0.03258571634436408,-0.01859238763807959,23.21502415265129,100.15501427249364,-0.08819727647661635,7.531768285902274,2.461606412740136,m2_hist_byteent,42,size_q2000_id1000_ood1000,123,-0.0609,classical
21.49144807127597,3.184273967651936,0.0278893848049684,-0.0346412721362778,16.22488795141324,-0.08088358219172742,0.015480972255173794,-0.008361075364310105,-0.004403102490291189,21.502454431901043,136.99251347424595,-0.09766168868742009,4.90116676703909,1.8512657990459391,m2_hist_byteent,42,size_q2000_id1000_ood1000,999,-0.0609,classical
23.34282924992578,3.3334373361174845,-0.03428518414869379,0.0053727177779615,15.32975581147177,-0.06864281973586994,-0.032512221290980095,-0.03099114782251569,-0.026051924610413002,22.032338657588724,148.17457549393964,-0.1040256363656048,5.123167128852737,1.98774778498208,m2_hist_byteent,42,size_q2000_id1000_ood1000,2024,-0.0609,classical
22.834038435239904,3.442691724549961,-0.0038911989062886954,0.0240482132131212,10.346744193994008,-0.026524875216007437,0.025368917325248902,0.009065723537593912,0.004983772488818997,22.570421047579895,161.63389667740503,-0.06350743412907689,77.16286881662384,2.440084536415041,m2_hist_byteent,42,size_q4000_id1800_ood1800,7,-0.0555,classical
22.99436099171669,3.55372925968189,0.018582161433231797,0.0054031625065037,9.442067762507214,-0.06456079392430936,0.029579480164003205,0.011010061859983891,0.006848160555345595,22.50420121716334,148.31373622108978,-0.07619706063978082,68.72873657932433,2.5180961257793117,m2_hist_byteent,42,size_q4000_id1800_ood1800,42,-0.0555,classical
22.14370013715366,3.292038835253755,0.011374032321937788,-0.0024750977306545003,14.163824321930017,-0.07058702976598241,0.018173335290639206,-0.011794644444186889,-0.007543170347867001,22.124480050410057,131.7265572032134,-0.08560022303991721,131.7265572032134,2.223854892069037,m2_hist_byteent,42,size_q4000_id1800_ood1800,123,-0.0555,classical
22.65885442291001,3.4468520780720504,0.003348837244499102,0.0143017315123823,10.721899610382428,-0.043252285978104044,0.0239404376819745,0.0061300486051221875,-0.002983110954624113,22.83818827985523,119.93047891950332,-0.06962341811563455,73.43353387930739,2.512636788167542,m2_hist_byteent,42,size_q4000_id1800_ood1800,999,-0.0555,classical
25.29731882133481,3.39097903149561,0.005525524534743094,0.0022560018142855007,12.974736416176546,-0.032546895049357594,0.010475425447597803,0.0183345604321542,0.005868110614345612,23.91261423670613,139.23236426253368,-0.06988673082524499,84.98807819137618,2.522415761598919,m2_hist_byteent,42,size_q4000_id1800_ood1800,2024,-0.0555,classical
15.053105650416397,2.372133439252293,0.021111662555668702,-0.0279383295206241,64.56852113068419,-0.16641830647035727,0.029926055932155,-0.007684392874163393,0.020988998183947602,24.143699153997744,104.01613340253266,-0.10982421805439335,4.952494763876585,2.259902293729638,m2_hist_byteent,123,size_q1000_id500_ood500,7,0.0568,quantum
16.271994272060088,2.488401227020276,0.034384947195996995,-0.0259255267565235,75.25166513136881,-0.16730380789333787,0.03897087822685749,-0.0015657993535150017,0.010958495199179602,20.497971503700512,117.6006707300514,-0.149448797166015,4.478811254007239,2.01475187187796,m2_hist_byteent,123,size_q1000_id500_ood500,42,0.0568,quantum
15.26636802977928,2.518537804983432,-0.0004562041333965039,-0.0111054240777702,71.55284481644753,-0.1349372145262978,0.0014297635286930899,0.0007446356215943112,0.0004066437349418972,22.08525184369673,122.22780446758588,-0.10215869092257224,71.55284481644753,2.518537804983432,m2_hist_byteent,123,size_q1000_id500_ood500,123,0.0568,quantum
18.825935494145675,2.4222593877380367,0.08308109686995821,-0.031059536965162098,79.35284648941217,-0.19812676944999696,0.0559780988856097,0.0021177586258664116,0.006406792536018599,22.35274691184688,123.54514875373324,-0.13370133920889649,79.35284648941217,2.4222593877380367,m2_hist_byteent,123,size_q1000_id500_ood500,999,0.0568,quantum
17.83351255498961,2.2642268066657443,0.030241832444396904,-0.0098653388705226,98.64546102902816,-0.10348884394624869,0.056701460362755585,0.0023489859834444904,0.009819616338578793,22.474538173037814,162.79253636712534,-0.10477635741900782,3.0329937983173227,1.5943815534850307,m2_hist_byteent,123,size_q1000_id500_ood500,2024,0.0568,quantum
16.927840730261746,2.057009503106324,-0.028273844419359206,-0.0012349194829503994,221.30811495556836,-0.18491274796183976,-0.0012078156725549988,-0.0153405265511746,-0.003271946613139176,21.641580219812425,221.30811495556836,-0.11592973459842715,5.4106121975334185,1.9472871259583924,m2_hist_byteent,123,size_q2000_id1000_ood1000,7,0.0417,quantum
18.087970153316437,2.143335331872341,-0.0019688532500178046,-0.049398275867802606,133.83786477821783,-0.3208315231925686,0.0211084721664513,-0.026568842268658216,-0.016779707119321002,23.301899413417182,133.83786477821783,-0.12688706042126796,4.295833262377236,2.2564307847883107,m2_hist_byteent,123,size_q2000_id1000_ood1000,42,0.0417,quantum
18.926554027981336,2.2332958360044035,-0.025603164139698986,0.009015334269103201,131.84527209982298,-0.1495156385841534,-0.0003453945049851914,-0.030676303798039498,-0.001640121122583299,23.369925330428927,131.84527209982298,-0.06799767580825633,5.879917561061873,1.8449339022590403,m2_hist_byteent,123,size_q2000_id1000_ood1000,123,0.0417,quantum
18.99671414362505,2.3386969868015406,0.017392394176794612,-0.0033451510460408007,141.5446224374654,-0.22162292718011822,0.020925432783869005,-0.006580558933708902,0.0053938312143714945,21.393052557779775,141.5446224374654,-0.1112255832050909,68.62416207332963,2.5356033057081167,m2_hist_byteent,123,size_q2000_id1000_ood1000,999,0.0417,quantum
17.36910781904544,2.1125378980277114,-0.009586889899169795,-0.012377860132127699,145.33554106299167,-0.23611134682763835,0.014571532922272215,-0.024760753986883516,-0.008586205185284218,21.600770117466062,145.33554106299167,-0.1192211868206089,4.953169227587615,1.8581758106821669,m2_hist_byteent,123,size_q2000_id1000_ood1000,2024,0.0417,quantum
18.36217283777753,2.160806338026811,0.0018989164033505063,-0.0056655508118092,140.97251053384122,-0.24379841861570983,0.006520557189078305,-0.0230087278836143,-0.018760737064419206,20.5598959211012,140.97251053384122,-0.1054432224561872,5.343888464064746,1.8997513340746703,m2_hist_byteent,123,size_q4000_id1800_ood1800,7,0.0502,quantum
20.138011155079933,2.365367342067696,-0.007984100051681,-0.036899769734496296,131.6816178262208,-0.12981704267741034,-0.008864036233463199,-0.019524339594138213,-0.020333097172841416,21.696566226684464,131.6816178262208,-0.02143066447460984,5.492734818329766,1.92175684299343,m2_hist_byteent,123,size_q4000_id1800_ood1800,42,0.0502,quantum
17.369022387878417,2.0973529137419806,-0.010578498572358902,-0.0039607128145964995,151.03779385430263,-0.24091499072944278,0.004266419276595393,-0.029319094980965008,-0.02571134687028981,22.691105561445376,151.03779385430263,-0.10591894026249737,6.445363841276532,1.889256816089934,m2_hist_byteent,123,size_q4000_id1800_ood1800,123,0.0502,quantum
17.60251673813207,2.289055408662279,0.0182293992578082,-0.041004529542784204,92.37675354035537,-0.2169801434299129,-0.008489106388710393,-0.0320999707038728,-0.010122534380270207,24.346934348815527,92.37675354035537,-0.08169004754139719,6.895114520119306,2.3995629999736536,m2_hist_byteent,123,size_q4000_id1800_ood1800,999,0.0502,quantum
20.396294646367643,2.717344684039988,0.0252092066350557,-0.0266564144098999,90.56166506859634,-0.2325813737438357,0.023246877550514994,0.013364064696552505,0.010696989200192297,23.38904138436267,90.56166506859634,-0.07812643458692514,90.56166506859634,2.717344684039988,m2_hist_byteent,123,size_q4000_id1800_ood1800,2024,0.0502,quantum
16.20379022382001,2.597000713241303,0.02822720304145239,0.0058322937038055,70.45684213394203,-0.22637601096670013,0.027621153597414808,0.0030806501660996938,0.011611213026927497,21.890616984750555,130.8058173611876,-0.1698983758819601,2.5505123757212176,1.7185077411128096,m2_hist_byteent,999,size_q1000_id500_ood500,7,0.0656,quantum
17.292837228087606,2.602064157131159,0.0499614937209404,-0.050771391295452106,78.25880159986981,-0.2652555852437787,0.056891368381116796,-0.007776614837670087,0.0012956171774241992,22.650312537167288,179.16019120548654,-0.20720671165785565,3.6733445003688985,1.6692272015330605,m2_hist_byteent,999,size_q1000_id500_ood500,42,0.0656,quantum
17.504554808679504,2.210287686509632,0.034877084830977706,-0.013583610635978998,78.44984058842499,-0.17604353395319616,0.012989484847146196,0.008381961995412607,0.007559675762620607,21.563785452640033,149.74636136477508,-0.13309192708631945,4.3089166628483175,2.1590403263070552,m2_hist_byteent,999,size_q1000_id500_ood500,123,0.0656,quantum
14.8063046333177,2.448192176039516,0.052702390702578414,-0.0358000454631918,68.06504704232526,-0.1987172395502872,0.0251543681905438,0.00017484977345047503,0.006585610444940299,20.543610920517175,137.92873001351978,-0.14569456017968518,2.547804117772221,1.5846123900981208,m2_hist_byteent,999,size_q1000_id500_ood500,999,0.0656,quantum
17.55094754621507,2.576537709159417,0.014529487583936393,0.006040845790886201,53.510504963575954,-0.12636797735024852,0.014720698924184802,0.004852987054039304,0.0074706978025144005,23.43256118490787,104.5714646608288,-0.10320612196943302,3.3685664396956314,2.1511594516445407,m2_hist_byteent,999,size_q1000_id500_ood500,2024,0.0656,quantum
19.58121523318383,2.497752135166698,0.025530665746688094,-0.046205533068153996,74.79379041964546,-0.08672930741808693,0.012781932844908195,-0.01282834773458251,-0.009895829094680397,21.63356090570189,122.4020079306515,-0.057604711737247905,3.822755564800132,1.9118537860613725,m2_hist_byteent,999,size_q2000_id1000_ood1000,7,0.0565,quantum
16.566093685749216,2.183153410355396,0.0026570082995090033,-0.0431598530658438,101.0620092859839,-0.19361574218139588,0.024416494619403706,-0.019010662830787006,-0.005463963457346496,21.603612733655794,163.63892197449292,-0.13316154518814882,5.404588901894634,1.9181034721717192,m2_hist_byteent,999,size_q2000_id1000_ood1000,42,0.0565,quantum
16.878763653419377,2.3810653123309864,-0.0048850874434101105,0.0018155002426345004,73.0334359126001,-0.15954969011246511,0.004443862261911791,-0.009899856908295299,-0.003654730470059292,20.25605239991424,117.50732725829056,-0.1244019341800886,4.265101563234103,1.8099678030948048,m2_hist_byteent,999,size_q2000_id1000_ood1000,123,0.0565,quantum
15.912750270897288,2.555391780492265,0.011333723500033005,-0.007955080586110299,86.46604733190637,-0.21155048864556047,0.0243601325868682,-0.0012870135151630963,0.008852141151193205,21.773462467086738,142.3791434283576,-0.15228904821214984,2.97984992906519,1.745587387044392,m2_hist_byteent,999,size_q2000_id1000_ood1000,999,0.0565,quantum
18.34164927394344,2.334726446376706,0.0036809472739893906,-0.0141716149990183,89.12599927153317,-0.16653699672645428,0.0017573571032983015,-0.016423205119175027,-0.007274142213941404,19.577905384415935,144.20822933308318,-0.11407617557323879,4.176314701683101,1.74597075059028,m2_hist_byteent,999,size_q2000_id1000_ood1000,2024,0.0565,quantum
19.37440581419988,2.339702381643116,0.024018673455828296,0.0014586519289602005,85.44127125817582,-0.11876999156191992,-0.0053385674786511905,-0.013145555038949805,-0.014450856307300294,22.13115422763945,148.7976845998032,-0.07869191761598948,5.70480617421616,2.6218401422838955,m2_hist_byteent,999,size_q4000_id1800_ood1800,7,0.076,quantum
19.281353558295997,2.366769467098455,0.037609832581934205,-0.0145603279644951,91.21515689932242,-0.13788161758607675,0.018098972093391508,-0.007706457089899393,-0.0066591970083059865,21.743433529422198,152.67645834552317,-0.08635869191162071,70.32019999250682,2.428090770571081,m2_hist_byteent,999,size_q4000_id1800_ood1800,42,0.076,quantum
18.75931893705195,2.3243837471858977,0.041273392252732494,-0.0308234338393586,70.69396018646027,-0.1140583154507685,0.039256996774242395,0.0108775821248933,0.018608655455329304,21.423967474653665,110.33228318034732,-0.07755740964846536,60.90441255448501,2.356101244277207,m2_hist_byteent,999,size_q4000_id1800_ood1800,123,0.076,quantum
19.51100670458778,2.472854852822461,0.0332535097205703,-0.017793932037481,75.66119267175083,-0.07077651587591638,0.02430281971368689,0.025918051841515508,0.010084244210193508,23.227674128071616,123.09083956951446,-0.039150440098330686,4.727177999979991,2.4222399375568324,m2_hist_byteent,999,size_q4000_id1800_ood1800,999,0.076,quantum
14.950712367662348,2.335771692383592,0.011163675080392704,-0.0320004523256225,87.98531780845761,-0.21125298343267018,-0.0030702447109745984,-0.021253968749279498,-0.0184411029255728,22.223898645444386,154.05210425568433,-0.12376162585513695,7.306920868372448,2.343149990827494,m2_hist_byteent,999,size_q4000_id1800_ood1800,2024,0.076,quantum
