group,setting,model,scheme,budget,delta_median,delta_p2.5,delta_p97.5,frac_lt0
ember_m1,m1_hist_byteent__ms123__q1000_id500_ood500,svc,uniform,60,-0.00897730847680056,-0.012697786554829893,-0.004049096302839884,1.0
ember_m1,m1_hist_byteent__ms123__q2000_id1000_ood1000,svc,uniform,60,-0.012626603800858116,-0.015250505414064475,-0.009218748565580286,1.0
ember_m1,m1_hist_byteent__ms123__q4000_id1800_ood1800,svc,uniform,60,-0.011371133406065326,-0.0139613640614904,-0.00732214165812052,1.0
ember_m1,m1_hist_byteent__ms42__q1000_id500_ood500,svc,uniform,60,-0.017321614671408136,-0.021410235666503907,-0.00990516470177871,1.0
ember_m1,m1_hist_byteent__ms42__q2000_id1000_ood1000,svc,uniform,60,-0.004616764863787148,-0.007038497722684611,0.0001297487048983856,0.972
ember_m1,m1_hist_byteent__ms42__q4000_id1800_ood1800,svc,uniform,60,-0.005450308492152056,-0.008073339652197475,-0.0014463879482711913,0.9958
ember_m1,m1_hist_byteent__ms999__q1000_id500_ood500,svc,uniform,60,-0.02066728571716636,-0.024447327088826576,-0.01598988512743873,1.0
ember_m1,m1_hist_byteent__ms999__q2000_id1000_ood1000,svc,uniform,60,-0.009856916369152091,-0.013781979246348497,-0.0031540954051848535,0.9992
ember_m1,m1_hist_byteent__ms999__q4000_id1800_ood1800,svc,uniform,60,-0.0073018992205809985,-0.00915218836664855,-0.004169043912935377,1.0
ember_m1,m1_hist_byteent__ms123__q1000_id500_ood500,svc,kernel_stratified,60,-0.009083817268362715,-0.012697786554829893,-0.004169643392865256,0.9998
ember_m1,m1_hist_byteent__ms123__q2000_id1000_ood1000,svc,kernel_stratified,60,-0.012725114392302839,-0.015250505414064475,-0.00933312460992743,1.0
ember_m1,m1_hist_byteent__ms123__q4000_id1800_ood1800,svc,kernel_stratified,60,-0.011467420047738042,-0.0139613640614904,-0.007550625492665132,1.0
ember_m1,m1_hist_byteent__ms42__q1000_id500_ood500,svc,kernel_stratified,60,-0.017321614671408136,-0.021410235666503907,-0.009974814776108176,1.0
ember_m1,m1_hist_byteent__ms42__q2000_id1000_ood1000,svc,kernel_stratified,60,-0.00472879263552517,-0.007038497722684611,8.180900708412544e-06,0.9746
ember_m1,m1_hist_byteent__ms42__q4000_id1800_ood1800,svc,kernel_stratified,60,-0.005477714056546068,-0.008064684587439142,-0.001627009860170721,0.9988
ember_m1,m1_hist_byteent__ms999__q1000_id500_ood500,svc,kernel_stratified,60,-0.020842229140754287,-0.024447327088826576,-0.01624729053318009,1.0
ember_m1,m1_hist_byteent__ms999__q2000_id1000_ood1000,svc,kernel_stratified,60,-0.009909723973447138,-0.013781979246348497,-0.0032591602463625594,0.9998
ember_m1,m1_hist_byteent__ms999__q4000_id1800_ood1800,svc,kernel_stratified,60,-0.007369541075579189,-0.00915218836664855,-0.004318413699060164,1.0
ember_m1,m1_hist_byteent__ms123__q1000_id500_ood500,svc,kernel_blocked,60,-0.008568783131032154,-0.012697786554829893,-0.003378419949677826,0.9994
ember_m1,m1_hist_byteent__ms123__q2000_id1000_ood1000,svc,kernel_blocked,60,-0.01249519007177935,-0.014878137668815405,-0.008972868513836496,1.0
ember_m1,m1_hist_byteent__ms123__q4000_id1800_ood1800,svc,kernel_blocked,60,-0.011089182209586879,-0.013559933915075484,-0.005711659166556405,1.0
ember_m1,m1_hist_byteent__ms42__q1000_id500_ood500,svc,kernel_blocked,60,-0.01749295447407162,-0.021410235666503907,-0.01094167485922759,1.0
ember_m1,m1_hist_byteent__ms42__q2000_id1000_ood1000,svc,kernel_blocked,60,-0.004619684532611412,-0.007038497722684611,0.00031464030981611643,0.968
ember_m1,m1_hist_byteent__ms42__q4000_id1800_ood1800,svc,kernel_blocked,60,-0.00519742551925606,-0.008073339652197475,-0.0010336855911795592,0.9932
ember_m1,m1_hist_byteent__ms999__q1000_id500_ood500,svc,kernel_blocked,60,-0.020663993351007548,-0.024004063258834973,-0.012536830825825351,1.0
ember_m1,m1_hist_byteent__ms999__q2000_id1000_ood1000,svc,kernel_blocked,60,-0.009850886968253536,-0.013781979246348497,-0.0031121102277783972,0.9986
ember_m1,m1_hist_byteent__ms999__q4000_id1800_ood1800,svc,kernel_blocked,60,-0.0072011273076649784,-0.00915218836664855,-0.003621223546201424,1.0
ember_m2,m2_hist_byteent__ms123__q1000_id500_ood500,svc,uniform,60,-0.003578827734868284,-0.00502856793629225,-0.0009520611241755011,0.9964
ember_m2,m2_hist_byteent__ms123__q2000_id1000_ood1000,svc,uniform,60,-0.009533822485524035,-0.010694116698479195,-0.0036182837366930017,1.0
ember_m2,m2_hist_byteent__ms123__q4000_id1800_ood1800,svc,uniform,60,-0.008779573912410799,-0.012083653045913745,-0.0026844055656555232,0.9994
ember_m2,m2_hist_byteent__ms42__q1000_id500_ood500,svc,uniform,60,-0.006423026984665237,-0.00869452719705921,-0.0032282374160654353,1.0
ember_m2,m2_hist_byteent__ms42__q2000_id1000_ood1000,svc,uniform,60,-0.009561974448370814,-0.010714518066759715,-0.004749063205256572,0.9994
ember_m2,m2_hist_byteent__ms42__q4000_id1800_ood1800,svc,uniform,60,-0.0096563288436049,-0.011662682241015299,-0.001087148161620033,0.9862
ember_m2,m2_hist_byteent__ms999__q1000_id500_ood500,svc,uniform,60,-0.003273703443835485,-0.005598242378261675,0.0006765115771607418,0.9462
ember_m2,m2_hist_byteent__ms999__q2000_id1000_ood1000,svc,uniform,60,-0.005897058211456252,-0.007513631305840707,-0.0008702808552508028,0.986
ember_m2,m2_hist_byteent__ms999__q4000_id1800_ood1800,svc,uniform,60,-0.015104768122433776,-0.015104768122433776,-0.00028475090865405815,0.9798
ember_m2,m2_hist_byteent__ms123__q1000_id500_ood500,svc,kernel_stratified,60,-0.00366976133585728,-0.00502856793629225,-0.0009600918841293771,0.9974
ember_m2,m2_hist_byteent__ms123__q2000_id1000_ood1000,svc,kernel_stratified,60,-0.009533822485524035,-0.010694116698479195,-0.004400753301587401,1.0
ember_m2,m2_hist_byteent__ms123__q4000_id1800_ood1800,svc,kernel_stratified,60,-0.008779573912410799,-0.012083653045913745,-0.0032867154651617806,1.0
ember_m2,m2_hist_byteent__ms42__q1000_id500_ood500,svc,kernel_stratified,60,-0.006507061560484972,-0.00869452719705921,-0.0033475056583254607,0.9996
ember_m2,m2_hist_byteent__ms42__q2000_id1000_ood1000,svc,kernel_stratified,60,-0.00951485462173629,-0.010714518066759715,-0.006186664786480334,1.0
ember_m2,m2_hist_byteent__ms42__q4000_id1800_ood1800,svc,kernel_stratified,60,-0.0096563288436049,-0.011662682241015299,-0.0019077474074913336,0.9926
ember_m2,m2_hist_byteent__ms999__q1000_id500_ood500,svc,kernel_stratified,60,-0.003273703443835485,-0.005598242378261675,0.00047856557299402687,0.9544
ember_m2,m2_hist_byteent__ms999__q2000_id1000_ood1000,svc,kernel_stratified,60,-0.005734858147849575,-0.007468690371069342,-0.0018931862583929412,0.9978
ember_m2,m2_hist_byteent__ms999__q4000_id1800_ood1800,svc,kernel_stratified,60,-0.015104768122433776,-0.015104768122433776,-0.000726876722543901,0.9826
ember_m2,m2_hist_byteent__ms123__q1000_id500_ood500,svc,kernel_blocked,60,-0.0034066950897049253,-0.00487487941170206,-0.00010047223374098913,0.978
ember_m2,m2_hist_byteent__ms123__q2000_id1000_ood1000,svc,kernel_blocked,60,-0.009890139896926331,-0.010694116698479195,0.0012398983636113952,0.9396
ember_m2,m2_hist_byteent__ms123__q4000_id1800_ood1800,svc,kernel_blocked,60,-0.011458147745830205,-0.012083653045913745,0.000710427903325761,0.9642
ember_m2,m2_hist_byteent__ms42__q1000_id500_ood500,svc,kernel_blocked,60,-0.006005967877538265,-0.008675316131485533,-0.0005039013492681432,0.989
ember_m2,m2_hist_byteent__ms42__q2000_id1000_ood1000,svc,kernel_blocked,60,-0.010483284769165047,-0.010714518066759715,0.003821617132934607,0.8078
ember_m2,m2_hist_byteent__ms42__q4000_id1800_ood1800,svc,kernel_blocked,60,-0.00960348232481767,-0.011662682241015299,0.0035560635992570866,0.9006
ember_m2,m2_hist_byteent__ms999__q1000_id500_ood500,svc,kernel_blocked,60,-0.0033227597902515393,-0.005598242378261675,0.003229281282130181,0.8824
ember_m2,m2_hist_byteent__ms999__q2000_id1000_ood1000,svc,kernel_blocked,60,-0.007226937731620642,-0.007513631305840707,0.004631559567839116,0.7736
ember_m2,m2_hist_byteent__ms999__q4000_id1800_ood1800,svc,kernel_blocked,60,-0.015104768122433776,-0.015104768122433776,0.004733513174569159,0.8754
toniot_scanning_m2_centroid,toniot_scanning__m2_centroid__ms123__q1000_id500_ood500,svc,uniform,60,-0.0020461008615385023,-0.003996939486308415,0.00022069944773604782,0.9594
toniot_scanning_m2_centroid,toniot_scanning__m2_centroid__ms123__q2000_id1000_ood1000,svc,uniform,60,0.0036125473308247225,0.003260209198583053,0.0042963292366499095,0.0
toniot_scanning_m2_centroid,toniot_scanning__m2_centroid__ms123__q4000_id1800_ood1800,svc,uniform,60,0.003007842852789544,0.002626557746791214,0.0042902675740427885,0.0
toniot_scanning_m2_centroid,toniot_scanning__m2_centroid__ms42__q1000_id500_ood500,svc,uniform,60,0.0005871555290303254,-0.00026390830075695426,0.005112620372646148,0.11
toniot_scanning_m2_centroid,toniot_scanning__m2_centroid__ms42__q2000_id1000_ood1000,svc,uniform,60,0.001709441074760898,0.0010791345092026061,0.0032255232070106388,0.0
toniot_scanning_m2_centroid,toniot_scanning__m2_centroid__ms42__q4000_id1800_ood1800,svc,uniform,60,0.0012801890840832275,0.0005330259515988756,0.002774099436634203,0.0
toniot_scanning_m2_centroid,toniot_scanning__m2_centroid__ms999__q1000_id500_ood500,svc,uniform,60,0.0023730295980244343,0.0004254278590507532,0.005098225843406448,0.0
toniot_scanning_m2_centroid,toniot_scanning__m2_centroid__ms999__q2000_id1000_ood1000,svc,uniform,60,0.0007069907027160705,8.580763499022037e-05,0.0015255528647318461,0.0
toniot_scanning_m2_centroid,toniot_scanning__m2_centroid__ms999__q4000_id1800_ood1800,svc,uniform,60,0.0029017958518942066,0.0022469887138690803,0.004483712376100814,0.0
toniot_scanning_m2_centroid,toniot_scanning__m2_centroid__ms123__q1000_id500_ood500,svc,kernel_stratified,60,-0.0020412388269396287,-0.003996939486308415,0.00012827803798531878,0.9624
toniot_scanning_m2_centroid,toniot_scanning__m2_centroid__ms123__q2000_id1000_ood1000,svc,kernel_stratified,60,0.0036121033450392526,0.003260209198583053,0.0042259744326813165,0.0
toniot_scanning_m2_centroid,toniot_scanning__m2_centroid__ms123__q4000_id1800_ood1800,svc,kernel_stratified,60,0.0029930892675186227,0.002626557746791214,0.0041526441326735775,0.0
toniot_scanning_m2_centroid,toniot_scanning__m2_centroid__ms42__q1000_id500_ood500,svc,kernel_stratified,60,0.0005809432550467619,-0.00026390830075695426,0.004735261882079849,0.0808
toniot_scanning_m2_centroid,toniot_scanning__m2_centroid__ms42__q2000_id1000_ood1000,svc,kernel_stratified,60,0.0016341861098073673,0.0010791345092026061,0.002927469457982168,0.0
toniot_scanning_m2_centroid,toniot_scanning__m2_centroid__ms42__q4000_id1800_ood1800,svc,kernel_stratified,60,0.0012667468688061234,0.0005464681668760907,0.00258776900543245,0.0
toniot_scanning_m2_centroid,toniot_scanning__m2_centroid__ms999__q1000_id500_ood500,svc,kernel_stratified,60,0.0023490715052192357,0.0004254278590507532,0.004608402434696969,0.0
toniot_scanning_m2_centroid,toniot_scanning__m2_centroid__ms999__q2000_id1000_ood1000,svc,kernel_stratified,60,0.0007222987160582228,8.580763499022037e-05,0.0014737240033479981,0.0
toniot_scanning_m2_centroid,toniot_scanning__m2_centroid__ms999__q4000_id1800_ood1800,svc,kernel_stratified,60,0.002867626050387928,0.0022746035392985364,0.004312976417309042,0.0
toniot_scanning_m2_centroid,toniot_scanning__m2_centroid__ms123__q1000_id500_ood500,svc,kernel_blocked,60,-0.0020541629473384004,-0.003996939486308415,0.0009395885799295955,0.8976
toniot_scanning_m2_centroid,toniot_scanning__m2_centroid__ms123__q2000_id1000_ood1000,svc,kernel_blocked,60,0.003731599259184315,0.003260209198583053,0.005148467351801522,0.0
toniot_scanning_m2_centroid,toniot_scanning__m2_centroid__ms123__q4000_id1800_ood1800,svc,kernel_blocked,60,0.003688399039842416,0.002626557746791214,0.005775359153269766,0.0
toniot_scanning_m2_centroid,toniot_scanning__m2_centroid__ms42__q1000_id500_ood500,svc,kernel_blocked,60,0.0009680530387931041,-0.00026390830075695426,0.006779864920269607,0.1952
toniot_scanning_m2_centroid,toniot_scanning__m2_centroid__ms42__q2000_id1000_ood1000,svc,kernel_blocked,60,0.0018405749379427627,0.0010791345092026061,0.004452470214967086,0.0
toniot_scanning_m2_centroid,toniot_scanning__m2_centroid__ms42__q4000_id1800_ood1800,svc,kernel_blocked,60,0.0010970808035484225,0.0005330259515988756,0.003500762361349663,0.0
toniot_scanning_m2_centroid,toniot_scanning__m2_centroid__ms999__q1000_id500_ood500,svc,kernel_blocked,60,0.002209071455573919,0.0004254278590507532,0.007045081860870384,0.0
toniot_scanning_m2_centroid,toniot_scanning__m2_centroid__ms999__q2000_id1000_ood1000,svc,kernel_blocked,60,0.0006317942859981329,8.580763499022037e-05,0.0020304837830493554,0.0
toniot_scanning_m2_centroid,toniot_scanning__m2_centroid__ms999__q4000_id1800_ood1800,svc,kernel_blocked,60,0.002851036101232385,0.0022469887138690803,0.005263490233114787,0.0
toniot_scanning_natural_cur,toniot_scanning__natural_cur__ms123__q1000_id500_ood500,svc,uniform,60,-0.0003937616959672763,-0.0003937616959672763,1.7760937777389074e-05,0.8468
toniot_scanning_natural_cur,toniot_scanning__natural_cur__ms123__q2000_id1000_ood1000,svc,uniform,60,6.494909157361839e-05,4.8119404004842714e-05,0.00046021990285516345,0.0
toniot_scanning_natural_cur,toniot_scanning__natural_cur__ms123__q4000_id1800_ood1800,svc,uniform,60,0.0003145506897427319,9.704059486148608e-05,0.0007614227573551346,0.0
toniot_scanning_natural_cur,toniot_scanning__natural_cur__ms42__q1000_id500_ood500,svc,uniform,60,-0.001180198539796229,-0.002003306364439572,-0.00037330911838340253,0.9966
toniot_scanning_natural_cur,toniot_scanning__natural_cur__ms42__q2000_id1000_ood1000,svc,uniform,60,0.0006045432538115403,0.00040129122129106687,0.0010050339451088686,0.0
toniot_scanning_natural_cur,toniot_scanning__natural_cur__ms42__q4000_id1800_ood1800,svc,uniform,60,-0.0005080250004552145,-0.0006244489493029137,0.0003318878430984551,0.9446
toniot_scanning_natural_cur,toniot_scanning__natural_cur__ms999__q1000_id500_ood500,svc,uniform,60,-0.0012118073230297233,-0.0016337482512998047,0.0008044762018746265,0.882
toniot_scanning_natural_cur,toniot_scanning__natural_cur__ms999__q2000_id1000_ood1000,svc,uniform,60,-0.0022156719625350263,-0.0026071571595007725,-0.0005997029840176115,0.9986
toniot_scanning_natural_cur,toniot_scanning__natural_cur__ms999__q4000_id1800_ood1800,svc,uniform,60,-0.0007700055606052469,-0.0008206831295427541,-0.00045147474853829455,1.0
toniot_scanning_natural_cur,toniot_scanning__natural_cur__ms123__q1000_id500_ood500,svc,kernel_stratified,60,-0.0003937616959672763,-0.0003937616959672763,1.7760937777389074e-05,0.8798
toniot_scanning_natural_cur,toniot_scanning__natural_cur__ms123__q2000_id1000_ood1000,svc,kernel_stratified,60,6.494909157361839e-05,4.8119404004842714e-05,0.0004315554819545042,0.0
toniot_scanning_natural_cur,toniot_scanning__natural_cur__ms123__q4000_id1800_ood1800,svc,kernel_stratified,60,0.0003145506897427319,9.704059486148608e-05,0.0006491132757857621,0.0
toniot_scanning_natural_cur,toniot_scanning__natural_cur__ms42__q1000_id500_ood500,svc,kernel_stratified,60,-0.0011819476651211414,-0.002003306364439572,-0.00037330911838340253,0.997
toniot_scanning_natural_cur,toniot_scanning__natural_cur__ms42__q2000_id1000_ood1000,svc,kernel_stratified,60,0.0006029707504787707,0.00040129122129106687,0.0008133963841467917,0.0
toniot_scanning_natural_cur,toniot_scanning__natural_cur__ms42__q4000_id1800_ood1800,svc,kernel_stratified,60,-0.0005080250004552145,-0.0006244489493029137,-0.00021155740429623648,0.9998
toniot_scanning_natural_cur,toniot_scanning__natural_cur__ms999__q1000_id500_ood500,svc,kernel_stratified,60,-0.0012118073230297233,-0.0016337482512998047,0.0007403736377719072,0.8992
toniot_scanning_natural_cur,toniot_scanning__natural_cur__ms999__q2000_id1000_ood1000,svc,kernel_stratified,60,-0.0022156719625350263,-0.0026071571595007725,-0.0007843682369421678,0.9996
toniot_scanning_natural_cur,toniot_scanning__natural_cur__ms999__q4000_id1800_ood1800,svc,kernel_stratified,60,-0.0007700055606052469,-0.0008206831295427541,-0.00047366182060837314,0.9992
toniot_scanning_natural_cur,toniot_scanning__natural_cur__ms123__q1000_id500_ood500,svc,kernel_blocked,60,-0.0003937616959672763,-0.0003937616959672763,0.0007798113930459483,0.7108
toniot_scanning_natural_cur,toniot_scanning__natural_cur__ms123__q2000_id1000_ood1000,svc,kernel_blocked,60,0.00024229416128651593,4.8119404004842714e-05,0.0020421989778098837,0.0
toniot_scanning_natural_cur,toniot_scanning__natural_cur__ms123__q4000_id1800_ood1800,svc,kernel_blocked,60,0.0003161154654381937,9.704059486148608e-05,0.0016315292456086095,0.0
toniot_scanning_natural_cur,toniot_scanning__natural_cur__ms42__q1000_id500_ood500,svc,kernel_blocked,60,-0.0011785325395297086,-0.002003306364439572,-0.0003682074246210698,0.9954
toniot_scanning_natural_cur,toniot_scanning__natural_cur__ms42__q2000_id1000_ood1000,svc,kernel_blocked,60,0.0006045432538115403,0.00040129122129106687,0.0012238524432905962,0.0
toniot_scanning_natural_cur,toniot_scanning__natural_cur__ms42__q4000_id1800_ood1800,svc,kernel_blocked,60,-0.0004035710480698729,-0.0006244489493029137,0.0005603246644262738,0.5164
toniot_scanning_natural_cur,toniot_scanning__natural_cur__ms999__q1000_id500_ood500,svc,kernel_blocked,60,-0.000831579186147624,-0.0016337482512998047,0.0011847043387568368,0.7852
toniot_scanning_natural_cur,toniot_scanning__natural_cur__ms999__q2000_id1000_ood1000,svc,kernel_blocked,60,-0.0022275398022716386,-0.0026071571595007725,0.0003890090991904849,0.955
toniot_scanning_natural_cur,toniot_scanning__natural_cur__ms999__q4000_id1800_ood1800,svc,kernel_blocked,60,-0.0007769258389982436,-0.0008206831295427541,-0.00030768182036799985,0.9914
unsw_dos_m2_centroid,unsw_dos__m2_centroid__ms123__q1000_id500_ood500,svc,uniform,60,-0.0030498567456380687,-0.0041099274170161015,-0.00043343084043476947,0.9872
unsw_dos_m2_centroid,unsw_dos__m2_centroid__ms123__q2000_id1000_ood1000,svc,uniform,60,-0.0038810215614430987,-0.004720144469177678,-0.0023172366820324608,1.0
unsw_dos_m2_centroid,unsw_dos__m2_centroid__ms123__q4000_id1800_ood1800,svc,uniform,60,-0.001697868661272195,-0.0022494958256013,-0.0005651450164002592,0.998
unsw_dos_m2_centroid,unsw_dos__m2_centroid__ms42__q1000_id500_ood500,svc,uniform,60,-0.004230846202234573,-0.006081260617695428,-0.001064734682184043,0.9908
unsw_dos_m2_centroid,unsw_dos__m2_centroid__ms42__q2000_id1000_ood1000,svc,uniform,60,-0.0036674941850550757,-0.004394852542289218,-0.0023322686951132553,1.0
unsw_dos_m2_centroid,unsw_dos__m2_centroid__ms42__q4000_id1800_ood1800,svc,uniform,60,-0.004440731492527217,-0.005147763107486214,-0.002971765212374292,1.0
unsw_dos_m2_centroid,unsw_dos__m2_centroid__ms999__q1000_id500_ood500,svc,uniform,60,-0.009768481170904897,-0.01301673133764536,-0.00409964461662482,1.0
unsw_dos_m2_centroid,unsw_dos__m2_centroid__ms999__q2000_id1000_ood1000,svc,uniform,60,-0.0026966770501420934,-0.004376393948190227,-0.0006977213832799872,0.9964
unsw_dos_m2_centroid,unsw_dos__m2_centroid__ms999__q4000_id1800_ood1800,svc,uniform,60,-0.0004907996502966361,-0.0013634403371564074,0.0008202621109783476,0.7788
unsw_dos_m2_centroid,unsw_dos__m2_centroid__ms123__q1000_id500_ood500,svc,kernel_stratified,60,-0.003113860841900018,-0.0041099274170161015,-0.00038711572363535205,0.987
unsw_dos_m2_centroid,unsw_dos__m2_centroid__ms123__q2000_id1000_ood1000,svc,kernel_stratified,60,-0.003950095173128942,-0.004720144469177678,-0.0023807264099922065,0.9998
unsw_dos_m2_centroid,unsw_dos__m2_centroid__ms123__q4000_id1800_ood1800,svc,kernel_stratified,60,-0.0016721864583322255,-0.0022494958256013,-0.0006064390809829021,0.9984
unsw_dos_m2_centroid,unsw_dos__m2_centroid__ms42__q1000_id500_ood500,svc,kernel_stratified,60,-0.004358855569102982,-0.006081260617695428,-0.0014707577808232787,0.9928
unsw_dos_m2_centroid,unsw_dos__m2_centroid__ms42__q2000_id1000_ood1000,svc,kernel_stratified,60,-0.003673458539106944,-0.004394852542289218,-0.0023680652969685356,1.0
unsw_dos_m2_centroid,unsw_dos__m2_centroid__ms42__q4000_id1800_ood1800,svc,kernel_stratified,60,-0.0044638936304798316,-0.005147763107486214,-0.003177983285560057,1.0
unsw_dos_m2_centroid,unsw_dos__m2_centroid__ms999__q1000_id500_ood500,svc,kernel_stratified,60,-0.009963217014994585,-0.01301673133764536,-0.004199010795197931,1.0
unsw_dos_m2_centroid,unsw_dos__m2_centroid__ms999__q2000_id1000_ood1000,svc,kernel_stratified,60,-0.0026966770501420934,-0.004376393948190227,-0.0006977366972452939,0.9976
unsw_dos_m2_centroid,unsw_dos__m2_centroid__ms999__q4000_id1800_ood1800,svc,kernel_stratified,60,-0.0004949180544150389,-0.0013634403371564074,0.0008219981108124053,0.78
unsw_dos_m2_centroid,unsw_dos__m2_centroid__ms123__q1000_id500_ood500,svc,kernel_blocked,60,-0.0026786329873174086,-0.0041099274170161015,-0.000627169216277812,0.9916
unsw_dos_m2_centroid,unsw_dos__m2_centroid__ms123__q2000_id1000_ood1000,svc,kernel_blocked,60,-0.0038331477653174018,-0.004720144469177678,-0.002217645119530931,1.0
unsw_dos_m2_centroid,unsw_dos__m2_centroid__ms123__q4000_id1800_ood1800,svc,kernel_blocked,60,-0.0017075536482811238,-0.0022361143188436294,-0.000357728259079261,0.9916
unsw_dos_m2_centroid,unsw_dos__m2_centroid__ms42__q1000_id500_ood500,svc,kernel_blocked,60,-0.0034590440315848126,-0.006081260617695428,7.080510231893822e-05,0.9706
unsw_dos_m2_centroid,unsw_dos__m2_centroid__ms42__q2000_id1000_ood1000,svc,kernel_blocked,60,-0.0037215758944544874,-0.004382039421653827,-0.0024030317037645054,0.9994
unsw_dos_m2_centroid,unsw_dos__m2_centroid__ms42__q4000_id1800_ood1800,svc,kernel_blocked,60,-0.004726983641685001,-0.005147763107486214,-0.002649475301621618,1.0
unsw_dos_m2_centroid,unsw_dos__m2_centroid__ms999__q1000_id500_ood500,svc,kernel_blocked,60,-0.009408242089796848,-0.01301673133764536,-0.00360601081306533,1.0
unsw_dos_m2_centroid,unsw_dos__m2_centroid__ms999__q2000_id1000_ood1000,svc,kernel_blocked,60,-0.002659348231614178,-0.004376393948190227,-0.000785185307583749,0.9988
unsw_dos_m2_centroid,unsw_dos__m2_centroid__ms999__q4000_id1800_ood1800,svc,kernel_blocked,60,-0.0004705623294425365,-0.00133133760842441,0.0008865230943170266,0.7762
unsw_dos_natural_cur,unsw_dos__natural_cur__ms123__q1000_id500_ood500,svc,uniform,60,-0.005726672983610848,-0.0074261063572887975,-0.0029053424522656403,1.0
unsw_dos_natural_cur,unsw_dos__natural_cur__ms123__q2000_id1000_ood1000,svc,uniform,60,0.002078974879756834,0.0014208608350392282,0.0043229406862797725,0.0
unsw_dos_natural_cur,unsw_dos__natural_cur__ms123__q4000_id1800_ood1800,svc,uniform,60,-0.0068296817378765695,-0.009636678359154272,9.312186396565735e-05,0.9734
unsw_dos_natural_cur,unsw_dos__natural_cur__ms42__q1000_id500_ood500,svc,uniform,60,0.005416690653825662,0.003192337530207423,0.009138600736145887,0.0
unsw_dos_natural_cur,unsw_dos__natural_cur__ms42__q2000_id1000_ood1000,svc,uniform,60,-0.00423436592181603,-0.006003697955704768,-0.001688769759683054,0.9948
unsw_dos_natural_cur,unsw_dos__natural_cur__ms42__q4000_id1800_ood1800,svc,uniform,60,-0.004599829741340433,-0.005521437887454295,-0.0003778792852574542,0.9792
unsw_dos_natural_cur,unsw_dos__natural_cur__ms999__q1000_id500_ood500,svc,uniform,60,-0.00691227712850595,-0.011447344654641478,-0.0016319286208001937,0.9946
unsw_dos_natural_cur,unsw_dos__natural_cur__ms999__q2000_id1000_ood1000,svc,uniform,60,-0.003267034016366299,-0.005429151954591815,0.00041774474657896277,0.9658
unsw_dos_natural_cur,unsw_dos__natural_cur__ms999__q4000_id1800_ood1800,svc,uniform,60,-0.005954766912326659,-0.007984681442241293,-0.0030496675480494056,1.0
unsw_dos_natural_cur,unsw_dos__natural_cur__ms123__q1000_id500_ood500,svc,kernel_stratified,60,-0.005680200814632719,-0.0074261063572887975,-0.0029007033782468827,1.0
unsw_dos_natural_cur,unsw_dos__natural_cur__ms123__q2000_id1000_ood1000,svc,kernel_stratified,60,0.002160819975592476,0.0014208608350392282,0.004358350669469451,0.0
unsw_dos_natural_cur,unsw_dos__natural_cur__ms123__q4000_id1800_ood1800,svc,kernel_stratified,60,-0.006850719024671825,-0.009636678359154272,0.00016245480362309106,0.9738
unsw_dos_natural_cur,unsw_dos__natural_cur__ms42__q1000_id500_ood500,svc,kernel_stratified,60,0.005367222466067245,0.003192337530207423,0.009212324629070292,0.0
unsw_dos_natural_cur,unsw_dos__natural_cur__ms42__q2000_id1000_ood1000,svc,kernel_stratified,60,-0.004210620765077722,-0.006003697955704768,-0.00183056201116853,0.997
unsw_dos_natural_cur,unsw_dos__natural_cur__ms42__q4000_id1800_ood1800,svc,kernel_stratified,60,-0.004557899575789337,-0.005521437887454295,-0.0005110654840032236,0.9824
unsw_dos_natural_cur,unsw_dos__natural_cur__ms999__q1000_id500_ood500,svc,kernel_stratified,60,-0.00691227712850595,-0.011447344654641478,-0.002088394940654603,0.9968
unsw_dos_natural_cur,unsw_dos__natural_cur__ms999__q2000_id1000_ood1000,svc,kernel_stratified,60,-0.0032646690822644153,-0.005429151954591815,0.00018609000056804054,0.9718
unsw_dos_natural_cur,unsw_dos__natural_cur__ms999__q4000_id1800_ood1800,svc,kernel_stratified,60,-0.005954766912326659,-0.007984681442241293,-0.0033067032054656087,1.0
unsw_dos_natural_cur,unsw_dos__natural_cur__ms123__q1000_id500_ood500,svc,kernel_blocked,60,-0.005839959417950458,-0.0074261063572887975,-0.0022602997326179874,0.999
unsw_dos_natural_cur,unsw_dos__natural_cur__ms123__q2000_id1000_ood1000,svc,kernel_blocked,60,0.0020138095529880218,0.0014208608350392282,0.005406978104372517,0.0
unsw_dos_natural_cur,unsw_dos__natural_cur__ms123__q4000_id1800_ood1800,svc,kernel_blocked,60,-0.006650699022671569,-0.009636678359154272,0.0020239037400702434,0.9548
unsw_dos_natural_cur,unsw_dos__natural_cur__ms42__q1000_id500_ood500,svc,kernel_blocked,60,0.00523986813227828,0.003192337530207423,0.010347054150355861,0.0
unsw_dos_natural_cur,unsw_dos__natural_cur__ms42__q2000_id1000_ood1000,svc,kernel_blocked,60,-0.004073819446924198,-0.006003697955704768,-0.001477689703640136,0.9938
unsw_dos_natural_cur,unsw_dos__natural_cur__ms42__q4000_id1800_ood1800,svc,kernel_blocked,60,-0.0045458517964366285,-0.005521437887454295,-0.00020729568691035816,0.9762
unsw_dos_natural_cur,unsw_dos__natural_cur__ms999__q1000_id500_ood500,svc,kernel_blocked,60,-0.006536011226354055,-0.010589250392346372,-9.65726476187534e-05,0.976
unsw_dos_natural_cur,unsw_dos__natural_cur__ms999__q2000_id1000_ood1000,svc,kernel_blocked,60,-0.003234716843630081,-0.005429151954591815,0.0009711932890491548,0.9334
unsw_dos_natural_cur,unsw_dos__natural_cur__ms999__q4000_id1800_ood1800,svc,kernel_blocked,60,-0.006093337884877759,-0.007984681442241293,-0.0018928949199835676,0.9984
unsw_recon_m2_centroid,unsw_recon__m2_centroid__ms123__q1000_id500_ood500,svc,uniform,60,-0.008916236470872807,-0.010505491740479767,-0.002799831848058758,0.998
unsw_recon_m2_centroid,unsw_recon__m2_centroid__ms123__q2000_id1000_ood1000,svc,uniform,60,-0.002654473304473548,-0.003616996008803275,-0.0010136133384437646,0.9984
unsw_recon_m2_centroid,unsw_recon__m2_centroid__ms123__q4000_id1800_ood1800,svc,uniform,60,-0.0019707887835805904,-0.0023411356918864312,-0.0007983722185156288,1.0
unsw_recon_m2_centroid,unsw_recon__m2_centroid__ms42__q1000_id500_ood500,svc,uniform,60,-0.007228977740616038,-0.00799435301941076,-0.005343666802391368,1.0
unsw_recon_m2_centroid,unsw_recon__m2_centroid__ms42__q2000_id1000_ood1000,svc,uniform,60,-0.002687928155330699,-0.0037077849704192367,-0.0008912235783351185,0.9944
unsw_recon_m2_centroid,unsw_recon__m2_centroid__ms42__q4000_id1800_ood1800,svc,uniform,60,-0.002059470783316364,-0.002873156367103613,-0.00084563616126343,0.9976
unsw_recon_m2_centroid,unsw_recon__m2_centroid__ms999__q1000_id500_ood500,svc,uniform,60,0.003513149268652427,0.0012075123784621722,0.006716328150039752,0.0
unsw_recon_m2_centroid,unsw_recon__m2_centroid__ms999__q2000_id1000_ood1000,svc,uniform,60,-0.0052159599769466825,-0.006193931359713023,-0.003624284413383087,1.0
unsw_recon_m2_centroid,unsw_recon__m2_centroid__ms999__q4000_id1800_ood1800,svc,uniform,60,-0.0019236448591536393,-0.00250984501352991,-0.0009911651106106088,0.999
unsw_recon_m2_centroid,unsw_recon__m2_centroid__ms123__q1000_id500_ood500,svc,kernel_stratified,60,-0.008907832832748541,-0.010505491740479767,-0.003129642008506628,0.9984
unsw_recon_m2_centroid,unsw_recon__m2_centroid__ms123__q2000_id1000_ood1000,svc,kernel_stratified,60,-0.002698612984211035,-0.003616996008803275,-0.0009806588036449543,0.9986
unsw_recon_m2_centroid,unsw_recon__m2_centroid__ms123__q4000_id1800_ood1800,svc,kernel_stratified,60,-0.0019707887835805904,-0.0023411356918864312,-0.000872425112869557,0.9996
unsw_recon_m2_centroid,unsw_recon__m2_centroid__ms42__q1000_id500_ood500,svc,kernel_stratified,60,-0.007232152991801244,-0.00799435301941076,-0.005587715544106674,1.0
unsw_recon_m2_centroid,unsw_recon__m2_centroid__ms42__q2000_id1000_ood1000,svc,kernel_stratified,60,-0.002730451598947581,-0.0037077849704192367,-0.0008800246785950024,0.9944
unsw_recon_m2_centroid,unsw_recon__m2_centroid__ms42__q4000_id1800_ood1800,svc,kernel_stratified,60,-0.0020724010186676245,-0.002873156367103613,-0.0008356408569472973,0.998
unsw_recon_m2_centroid,unsw_recon__m2_centroid__ms999__q1000_id500_ood500,svc,kernel_stratified,60,0.003540297364846068,0.0012075123784621722,0.006646225295360651,0.0
unsw_recon_m2_centroid,unsw_recon__m2_centroid__ms999__q2000_id1000_ood1000,svc,kernel_stratified,60,-0.0052159599769466825,-0.006193931359713023,-0.0036524439285943572,1.0
unsw_recon_m2_centroid,unsw_recon__m2_centroid__ms999__q4000_id1800_ood1800,svc,kernel_stratified,60,-0.0019236448591536393,-0.00250984501352991,-0.0011202253353291836,0.999
unsw_recon_m2_centroid,unsw_recon__m2_centroid__ms123__q1000_id500_ood500,svc,kernel_blocked,60,-0.008533399589807256,-0.010505491740479767,-0.0014622709065279544,0.9944
unsw_recon_m2_centroid,unsw_recon__m2_centroid__ms123__q2000_id1000_ood1000,svc,kernel_blocked,60,-0.002545885550051308,-0.003616996008803275,-0.0005913781111666072,0.9954
unsw_recon_m2_centroid,unsw_recon__m2_centroid__ms123__q4000_id1800_ood1800,svc,kernel_blocked,60,-0.0019225856066051872,-0.0023411356918864312,-0.000700879768426127,0.9994
unsw_recon_m2_centroid,unsw_recon__m2_centroid__ms42__q1000_id500_ood500,svc,kernel_blocked,60,-0.007179277380391369,-0.00799435301941076,-0.0037346006272978255,0.9998
unsw_recon_m2_centroid,unsw_recon__m2_centroid__ms42__q2000_id1000_ood1000,svc,kernel_blocked,60,-0.0026178223652024712,-0.0037077849704192367,-0.0008480660210320456,0.9944
unsw_recon_m2_centroid,unsw_recon__m2_centroid__ms42__q4000_id1800_ood1800,svc,kernel_blocked,60,-0.0020397778720717685,-0.002873156367103613,-0.0009441511484144076,0.9992
unsw_recon_m2_centroid,unsw_recon__m2_centroid__ms999__q1000_id500_ood500,svc,kernel_blocked,60,0.003513149268652427,0.0012075123784621722,0.007227455941610783,0.0
unsw_recon_m2_centroid,unsw_recon__m2_centroid__ms999__q2000_id1000_ood1000,svc,kernel_blocked,60,-0.005142214847133175,-0.0060413549814196665,-0.00377763418997843,1.0
unsw_recon_m2_centroid,unsw_recon__m2_centroid__ms999__q4000_id1800_ood1800,svc,kernel_blocked,60,-0.0017652653203755753,-0.00250984501352991,-0.00037451641460228835,0.9872
unsw_recon_natural_cur,unsw_recon__natural_cur__ms123__q1000_id500_ood500,svc,uniform,60,-0.004334336532633487,-0.0068805996896850186,-0.0005978778548311192,0.9882
unsw_recon_natural_cur,unsw_recon__natural_cur__ms123__q2000_id1000_ood1000,svc,uniform,60,-0.0026661355997951164,-0.006556623151514618,0.003162090492996872,0.8254
unsw_recon_natural_cur,unsw_recon__natural_cur__ms123__q4000_id1800_ood1800,svc,uniform,60,-0.0017700070973873938,-0.0029096579963501235,0.002851637293157126,0.6408
unsw_recon_natural_cur,unsw_recon__natural_cur__ms42__q1000_id500_ood500,svc,uniform,60,-0.0008972996812962597,-0.0035624994769997143,0.003669517859572627,0.6644
unsw_recon_natural_cur,unsw_recon__natural_cur__ms42__q2000_id1000_ood1000,svc,uniform,60,0.000829692003283311,-0.0004947749022167214,0.003651707150005689,0.166
unsw_recon_natural_cur,unsw_recon__natural_cur__ms42__q4000_id1800_ood1800,svc,uniform,60,-0.00022359691946460813,-0.002584085195361907,0.003591479259850705,0.5884
unsw_recon_natural_cur,unsw_recon__natural_cur__ms999__q1000_id500_ood500,svc,uniform,60,0.005023556244371452,0.0022452575833959987,0.0101344488981164,0.0
unsw_recon_natural_cur,unsw_recon__natural_cur__ms999__q2000_id1000_ood1000,svc,uniform,60,0.0017753849666873323,-0.001180860546426965,0.005883286690910814,0.1462
unsw_recon_natural_cur,unsw_recon__natural_cur__ms999__q4000_id1800_ood1800,svc,uniform,60,0.0036353166752000066,0.0027449205520878595,0.005859372671404461,0.0
unsw_recon_natural_cur,unsw_recon__natural_cur__ms123__q1000_id500_ood500,svc,kernel_stratified,60,-0.004581190006884062,-0.0068805996896850186,-0.0010043763996931336,0.9918
unsw_recon_natural_cur,unsw_recon__natural_cur__ms123__q2000_id1000_ood1000,svc,kernel_stratified,60,-0.0027874017468643153,-0.006556623151514618,0.003096013555225411,0.822
unsw_recon_natural_cur,unsw_recon__natural_cur__ms123__q4000_id1800_ood1800,svc,kernel_stratified,60,-0.0016300176199600669,-0.0029096579963501235,0.0026897640639643983,0.645
unsw_recon_natural_cur,unsw_recon__natural_cur__ms42__q1000_id500_ood500,svc,kernel_stratified,60,-0.0007446832164565986,-0.0035624994769997143,0.0036577954342409892,0.654
unsw_recon_natural_cur,unsw_recon__natural_cur__ms42__q2000_id1000_ood1000,svc,kernel_stratified,60,0.0008608524512039306,-0.0004947749022167214,0.0030053281092267217,0.1396
unsw_recon_natural_cur,unsw_recon__natural_cur__ms42__q4000_id1800_ood1800,svc,kernel_stratified,60,-0.00023241317643674098,-0.002584085195361907,0.003083680939384381,0.6038
unsw_recon_natural_cur,unsw_recon__natural_cur__ms999__q1000_id500_ood500,svc,kernel_stratified,60,0.0046986737324642425,0.0022452575833959987,0.009577351846343183,0.0
unsw_recon_natural_cur,unsw_recon__natural_cur__ms999__q2000_id1000_ood1000,svc,kernel_stratified,60,0.001762068344815071,-0.001180860546426965,0.005437787809505287,0.1406
unsw_recon_natural_cur,unsw_recon__natural_cur__ms999__q4000_id1800_ood1800,svc,kernel_stratified,60,0.0036239923462697554,0.0027449205520878595,0.005618644433420972,0.0
unsw_recon_natural_cur,unsw_recon__natural_cur__ms123__q1000_id500_ood500,svc,kernel_blocked,60,-0.0033339251634060263,-0.0068805996896850186,0.0008105370908739751,0.943
unsw_recon_natural_cur,unsw_recon__natural_cur__ms123__q2000_id1000_ood1000,svc,kernel_blocked,60,-0.0025990778297270145,-0.006556623151514618,0.0036237328138664093,0.8136
unsw_recon_natural_cur,unsw_recon__natural_cur__ms123__q4000_id1800_ood1800,svc,kernel_blocked,60,-0.0022196052954279732,-0.0029096579963501235,0.003388172302712918,0.586
unsw_recon_natural_cur,unsw_recon__natural_cur__ms42__q1000_id500_ood500,svc,kernel_blocked,60,-0.0008973402780331208,-0.0035624994769997143,0.003875178874273022,0.6632
unsw_recon_natural_cur,unsw_recon__natural_cur__ms42__q2000_id1000_ood1000,svc,kernel_blocked,60,0.001002562048843303,-0.0004947749022167214,0.006312540979796536,0.2668
unsw_recon_natural_cur,unsw_recon__natural_cur__ms42__q4000_id1800_ood1800,svc,kernel_blocked,60,-0.00024270605590892558,-0.002584085195361907,0.005662605320091552,0.548
unsw_recon_natural_cur,unsw_recon__natural_cur__ms999__q1000_id500_ood500,svc,kernel_blocked,60,0.005248126435854927,0.0022452575833959987,0.013183472945781816,0.0
unsw_recon_natural_cur,unsw_recon__natural_cur__ms999__q2000_id1000_ood1000,svc,kernel_blocked,60,0.0014314257828855759,-0.001180860546426965,0.006426951023554395,0.1754
unsw_recon_natural_cur,unsw_recon__natural_cur__ms999__q4000_id1800_ood1800,svc,kernel_blocked,60,0.00366290604703301,0.0027449205520878595,0.006520822914124089,0.0
ember_m1,m1_hist_byteent__ms123__q1000_id500_ood500,gpc,uniform,60,0.002748038886255799,-0.0011107717190759203,0.007358812443652529,0.191
ember_m1,m1_hist_byteent__ms123__q2000_id1000_ood1000,gpc,uniform,60,0.0014510223440549197,-0.0028381697886891155,0.006619027191078001,0.3806
ember_m1,m1_hist_byteent__ms123__q4000_id1800_ood1800,gpc,uniform,60,-0.002589423645234845,-0.005080326946023006,0.002300260526516218,0.8532
ember_m1,m1_hist_byteent__ms42__q1000_id500_ood500,gpc,uniform,60,0.0025163185858285697,-1.6670256821615936e-06,0.009187086646444912,0.0376
ember_m1,m1_hist_byteent__ms42__q2000_id1000_ood1000,gpc,uniform,60,0.000923025248512066,-0.0008130049658273686,0.005840988356870566,0.2186
ember_m1,m1_hist_byteent__ms42__q4000_id1800_ood1800,gpc,uniform,60,0.0020629726975237572,0.0008474733735794882,0.005557259347166292,0.0
ember_m1,m1_hist_byteent__ms999__q1000_id500_ood500,gpc,uniform,60,-0.0017605735072149242,-0.005456872338247543,0.003038353918387112,0.7874
ember_m1,m1_hist_byteent__ms999__q2000_id1000_ood1000,gpc,uniform,60,0.007140729631853859,0.003755390484531995,0.012963645569633142,0.0
ember_m1,m1_hist_byteent__ms999__q4000_id1800_ood1800,gpc,uniform,60,0.003586948116460653,0.0012384417797265401,0.0067702422501596336,0.0
ember_m1,m1_hist_byteent__ms123__q1000_id500_ood500,gpc,kernel_stratified,60,0.0026913456341548514,-0.0011107717190759203,0.007257115769886778,0.1982
ember_m1,m1_hist_byteent__ms123__q2000_id1000_ood1000,gpc,kernel_stratified,60,0.0014510223440549197,-0.0028381697886891155,0.006645833131829744,0.3908
ember_m1,m1_hist_byteent__ms123__q4000_id1800_ood1800,gpc,kernel_stratified,60,-0.0026344471705668226,-0.005080326946023006,0.002078465640669699,0.8662
ember_m1,m1_hist_byteent__ms42__q1000_id500_ood500,gpc,kernel_stratified,60,0.0023312218072041313,-1.6670256821615936e-06,0.009018335298567992,0.0296
ember_m1,m1_hist_byteent__ms42__q2000_id1000_ood1000,gpc,kernel_stratified,60,0.0008430096644722607,-0.0008130049658273686,0.00526017790866215,0.2246
ember_m1,m1_hist_byteent__ms42__q4000_id1800_ood1800,gpc,kernel_stratified,60,0.0020476938180327142,0.0008474733735794882,0.0053107811680499165,0.0
ember_m1,m1_hist_byteent__ms999__q1000_id500_ood500,gpc,kernel_stratified,60,-0.0017605735072149242,-0.005456872338247543,0.0027855291677744178,0.8036
ember_m1,m1_hist_byteent__ms999__q2000_id1000_ood1000,gpc,kernel_stratified,60,0.00703531309948624,0.003755390484531995,0.012735532442232356,0.0
ember_m1,m1_hist_byteent__ms999__q4000_id1800_ood1800,gpc,kernel_stratified,60,0.003508009047126448,0.0012384417797265401,0.006868624794299365,0.0
ember_m1,m1_hist_byteent__ms123__q1000_id500_ood500,gpc,kernel_blocked,60,0.0029964483414515186,-0.0007299123440758304,0.008552341202396441,0.1778
ember_m1,m1_hist_byteent__ms123__q2000_id1000_ood1000,gpc,kernel_blocked,60,0.0016094451569400592,-0.0028381697886891155,0.007173130854722487,0.3664
ember_m1,m1_hist_byteent__ms123__q4000_id1800_ood1800,gpc,kernel_blocked,60,-0.0019697486572620715,-0.005080326946023006,0.0035799573041670474,0.736
ember_m1,m1_hist_byteent__ms42__q1000_id500_ood500,gpc,kernel_blocked,60,0.003314958652542166,-1.6670256821615936e-06,0.010757726237844212,0.0608
ember_m1,m1_hist_byteent__ms42__q2000_id1000_ood1000,gpc,kernel_blocked,60,0.0017945635774245794,-0.0008017961781378036,0.0077027970783645205,0.1522
ember_m1,m1_hist_byteent__ms42__q4000_id1800_ood1800,gpc,kernel_blocked,60,0.0025037270417936908,0.0008474733735794882,0.00829840068776881,0.0
ember_m1,m1_hist_byteent__ms999__q1000_id500_ood500,gpc,kernel_blocked,60,-0.0021871088436679065,-0.005456872338247543,0.004906845225533998,0.772
ember_m1,m1_hist_byteent__ms999__q2000_id1000_ood1000,gpc,kernel_blocked,60,0.007559931343610771,0.003755390484531995,0.014348047857163926,0.0
ember_m1,m1_hist_byteent__ms999__q4000_id1800_ood1800,gpc,kernel_blocked,60,0.0037485893521248537,0.00125575190924343,0.007176483696463398,0.0
ember_m2,m2_hist_byteent__ms123__q1000_id500_ood500,gpc,uniform,60,0.0014031203998385866,-0.0006320751935067204,0.004168139869266452,0.205
ember_m2,m2_hist_byteent__ms123__q2000_id1000_ood1000,gpc,uniform,60,0.002308966353322006,0.0014676118161106588,0.007600015711690901,0.0
ember_m2,m2_hist_byteent__ms123__q4000_id1800_ood1800,gpc,uniform,60,0.005622452169366965,0.005558693665546621,0.010292662126218932,0.0
ember_m2,m2_hist_byteent__ms42__q1000_id500_ood500,gpc,uniform,60,0.0002549371693518765,-0.0017304371330407742,0.004122075375954664,0.4272
ember_m2,m2_hist_byteent__ms42__q2000_id1000_ood1000,gpc,uniform,60,0.007077459623761939,0.005191318045294269,0.010919073513284916,0.0
ember_m2,m2_hist_byteent__ms42__q4000_id1800_ood1800,gpc,uniform,60,0.007420939951674588,0.00693594555884347,0.012017380621831802,0.0
ember_m2,m2_hist_byteent__ms999__q1000_id500_ood500,gpc,uniform,60,0.006795631436401051,0.005222999532182526,0.010251880592955342,0.0
ember_m2,m2_hist_byteent__ms999__q2000_id1000_ood1000,gpc,uniform,60,0.0037924192335372364,0.002741715582908255,0.005783333772495256,0.0
ember_m2,m2_hist_byteent__ms999__q4000_id1800_ood1800,gpc,uniform,60,0.004434508392195835,0.004148128163379727,0.011562254868683342,0.0
ember_m2,m2_hist_byteent__ms123__q1000_id500_ood500,gpc,kernel_stratified,60,0.0014031203998385866,-0.0006320751935067204,0.003794477133509111,0.1912
ember_m2,m2_hist_byteent__ms123__q2000_id1000_ood1000,gpc,kernel_stratified,60,0.002832365912752266,0.0014676118161106588,0.007137965749043573,0.0
ember_m2,m2_hist_byteent__ms123__q4000_id1800_ood1800,gpc,kernel_stratified,60,0.005622452169366965,0.005558693665546621,0.009480989657514649,0.0
ember_m2,m2_hist_byteent__ms42__q1000_id500_ood500,gpc,kernel_stratified,60,0.00019405803942362798,-0.0017304371330407742,0.003535139710928892,0.4174
ember_m2,m2_hist_byteent__ms42__q2000_id1000_ood1000,gpc,kernel_stratified,60,0.007024389135660947,0.005191318045294269,0.00885590861410468,0.0
ember_m2,m2_hist_byteent__ms42__q4000_id1800_ood1800,gpc,kernel_stratified,60,0.007420939951674588,0.00693594555884347,0.011425862559815925,0.0
ember_m2,m2_hist_byteent__ms999__q1000_id500_ood500,gpc,kernel_stratified,60,0.006680165402659366,0.005222999532182526,0.009820025088719264,0.0
ember_m2,m2_hist_byteent__ms999__q2000_id1000_ood1000,gpc,kernel_stratified,60,0.0037277596081563003,0.002741715582908255,0.005419898080724941,0.0
ember_m2,m2_hist_byteent__ms999__q4000_id1800_ood1800,gpc,kernel_stratified,60,0.004434508392195835,0.004148128163379727,0.010645020076226364,0.0
ember_m2,m2_hist_byteent__ms123__q1000_id500_ood500,gpc,kernel_blocked,60,0.0019008638111309706,-0.0006320751935067204,0.007719702733162914,0.2944
ember_m2,m2_hist_byteent__ms123__q2000_id1000_ood1000,gpc,kernel_blocked,60,0.002331383928701136,0.0014676118161106588,0.009747626076218041,0.0
ember_m2,m2_hist_byteent__ms123__q4000_id1800_ood1800,gpc,kernel_blocked,60,0.005616351323204372,0.005558693665546621,0.019502195564207847,0.0
ember_m2,m2_hist_byteent__ms42__q1000_id500_ood500,gpc,kernel_blocked,60,0.0018480194014725004,-0.0017304371330407742,0.005537491575748305,0.4558
ember_m2,m2_hist_byteent__ms42__q2000_id1000_ood1000,gpc,kernel_blocked,60,0.007503530820109794,0.005191318045294269,0.01605481294577371,0.0
ember_m2,m2_hist_byteent__ms42__q4000_id1800_ood1800,gpc,kernel_blocked,60,0.00693594555884347,0.00693594555884347,0.01650037713458552,0.0
ember_m2,m2_hist_byteent__ms999__q1000_id500_ood500,gpc,kernel_blocked,60,0.007597478892941045,0.005222999532182526,0.012234543329684877,0.0
ember_m2,m2_hist_byteent__ms999__q2000_id1000_ood1000,gpc,kernel_blocked,60,0.00408227987152332,0.002741715582908255,0.011060175284005935,0.0
ember_m2,m2_hist_byteent__ms999__q4000_id1800_ood1800,gpc,kernel_blocked,60,0.004148128163379727,0.004148128163379727,0.02002139856872387,0.0
toniot_scanning_m2_centroid,toniot_scanning__m2_centroid__ms123__q1000_id500_ood500,gpc,uniform,60,0.009117884720603264,0.00868577410028426,0.010742817644396996,0.0
toniot_scanning_m2_centroid,toniot_scanning__m2_centroid__ms123__q2000_id1000_ood1000,gpc,uniform,60,0.0023047942839919955,0.0016679254969919066,0.004881768053457414,0.0
toniot_scanning_m2_centroid,toniot_scanning__m2_centroid__ms123__q4000_id1800_ood1800,gpc,uniform,60,0.00364702684271323,0.0029177044933791363,0.005021749745408589,0.0
toniot_scanning_m2_centroid,toniot_scanning__m2_centroid__ms42__q1000_id500_ood500,gpc,uniform,60,0.005811822358708585,0.004626616158382335,0.011620810010355535,0.0
toniot_scanning_m2_centroid,toniot_scanning__m2_centroid__ms42__q2000_id1000_ood1000,gpc,uniform,60,0.005022939046034347,0.004500844265209913,0.01564068320408596,0.0
toniot_scanning_m2_centroid,toniot_scanning__m2_centroid__ms42__q4000_id1800_ood1800,gpc,uniform,60,-8.388616077292799e-05,-0.0008758566775139975,0.0025975685325136944,0.5828
toniot_scanning_m2_centroid,toniot_scanning__m2_centroid__ms999__q1000_id500_ood500,gpc,uniform,60,0.00437940980768281,0.003223842072229921,0.009681864734709444,0.0
toniot_scanning_m2_centroid,toniot_scanning__m2_centroid__ms999__q2000_id1000_ood1000,gpc,uniform,60,0.0011104221783027057,0.00012040302314575424,0.005619005416337641,0.0
toniot_scanning_m2_centroid,toniot_scanning__m2_centroid__ms999__q4000_id1800_ood1800,gpc,uniform,60,0.0017932156153318557,0.0012369983579779698,0.0036706515624630284,0.0
toniot_scanning_m2_centroid,toniot_scanning__m2_centroid__ms123__q1000_id500_ood500,gpc,kernel_stratified,60,0.00911147847252991,0.00868577410028426,0.01017514354847382,0.0
toniot_scanning_m2_centroid,toniot_scanning__m2_centroid__ms123__q2000_id1000_ood1000,gpc,kernel_stratified,60,0.0023047942839919955,0.0016679254969919066,0.00405413114917641,0.0
toniot_scanning_m2_centroid,toniot_scanning__m2_centroid__ms123__q4000_id1800_ood1800,gpc,kernel_stratified,60,0.0035241957069347407,0.0029177044933791363,0.004369208133149893,0.0
toniot_scanning_m2_centroid,toniot_scanning__m2_centroid__ms42__q1000_id500_ood500,gpc,kernel_stratified,60,0.005811822358708585,0.004626616158382335,0.00997562782426543,0.0
toniot_scanning_m2_centroid,toniot_scanning__m2_centroid__ms42__q2000_id1000_ood1000,gpc,kernel_stratified,60,0.005022939046034347,0.004531420875712233,0.008660617872251586,0.0
toniot_scanning_m2_centroid,toniot_scanning__m2_centroid__ms42__q4000_id1800_ood1800,gpc,kernel_stratified,60,-8.388616077292799e-05,-0.0008758566775139975,0.0012811382415027772,0.632
toniot_scanning_m2_centroid,toniot_scanning__m2_centroid__ms999__q1000_id500_ood500,gpc,kernel_stratified,60,0.004369422558879399,0.003223842072229921,0.008025071186883115,0.0
toniot_scanning_m2_centroid,toniot_scanning__m2_centroid__ms999__q2000_id1000_ood1000,gpc,kernel_stratified,60,0.0011104221783027057,0.00012040302314575424,0.0036602945423228573,0.0
toniot_scanning_m2_centroid,toniot_scanning__m2_centroid__ms999__q4000_id1800_ood1800,gpc,kernel_stratified,60,0.0016439604206930358,0.0012369983579779698,0.002498037919834273,0.0
toniot_scanning_m2_centroid,toniot_scanning__m2_centroid__ms123__q1000_id500_ood500,gpc,kernel_blocked,60,0.009530785815209719,0.00868577410028426,0.022385224262796988,0.0
toniot_scanning_m2_centroid,toniot_scanning__m2_centroid__ms123__q2000_id1000_ood1000,gpc,kernel_blocked,60,0.0016679254969919066,0.0016679254969919066,0.019003530773391453,0.0
toniot_scanning_m2_centroid,toniot_scanning__m2_centroid__ms123__q4000_id1800_ood1800,gpc,kernel_blocked,60,0.0038342259869458273,0.0029177044933791363,0.011198849855829973,0.0
toniot_scanning_m2_centroid,toniot_scanning__m2_centroid__ms42__q1000_id500_ood500,gpc,kernel_blocked,60,0.006820855608756782,0.004626616158382335,0.022394637903884296,0.0
toniot_scanning_m2_centroid,toniot_scanning__m2_centroid__ms42__q2000_id1000_ood1000,gpc,kernel_blocked,60,0.004500844265209913,0.004500844265209913,0.034082717845439925,0.0
toniot_scanning_m2_centroid,toniot_scanning__m2_centroid__ms42__q4000_id1800_ood1800,gpc,kernel_blocked,60,-0.00029488174851610705,-0.0008758566775139975,0.018659568546261274,0.5148
toniot_scanning_m2_centroid,toniot_scanning__m2_centroid__ms999__q1000_id500_ood500,gpc,kernel_blocked,60,0.006598904236343128,0.003223842072229921,0.022475782384371545,0.0
toniot_scanning_m2_centroid,toniot_scanning__m2_centroid__ms999__q2000_id1000_ood1000,gpc,kernel_blocked,60,0.00012040302314575424,0.00012040302314575424,0.02050022771745752,0.0
toniot_scanning_m2_centroid,toniot_scanning__m2_centroid__ms999__q4000_id1800_ood1800,gpc,kernel_blocked,60,0.0018652706092869842,0.0012369983579779698,0.012361460427413151,0.0
toniot_scanning_natural_cur,toniot_scanning__natural_cur__ms123__q1000_id500_ood500,gpc,uniform,60,0.0012499577716967858,0.0012499577716967858,0.0020298300733083696,0.0
toniot_scanning_natural_cur,toniot_scanning__natural_cur__ms123__q2000_id1000_ood1000,gpc,uniform,60,0.0018180110127645754,0.0016130929799775817,0.0023982991069823045,0.0
toniot_scanning_natural_cur,toniot_scanning__natural_cur__ms123__q4000_id1800_ood1800,gpc,uniform,60,0.0011987173805445561,0.0010897849186709552,0.001312013999815509,0.0
toniot_scanning_natural_cur,toniot_scanning__natural_cur__ms42__q1000_id500_ood500,gpc,uniform,60,0.001212192315104721,0.0007972545557686228,0.002777931561206883,0.0
toniot_scanning_natural_cur,toniot_scanning__natural_cur__ms42__q2000_id1000_ood1000,gpc,uniform,60,0.0014203959048616488,0.0014147948070466487,0.0022418796059034624,0.0
toniot_scanning_natural_cur,toniot_scanning__natural_cur__ms42__q4000_id1800_ood1800,gpc,uniform,60,0.0013407269122193144,0.0012302296746501407,0.0017837473221611333,0.0
toniot_scanning_natural_cur,toniot_scanning__natural_cur__ms999__q1000_id500_ood500,gpc,uniform,60,0.004269499084289752,0.003510483068619785,0.005181209610413684,0.0
toniot_scanning_natural_cur,toniot_scanning__natural_cur__ms999__q2000_id1000_ood1000,gpc,uniform,60,-0.00014284686372256772,-0.00014284686372256772,0.00048490689839175705,0.6748
toniot_scanning_natural_cur,toniot_scanning__natural_cur__ms999__q4000_id1800_ood1800,gpc,uniform,60,0.0005681515586885011,0.0004603929379988214,0.0010270344961338385,0.0
toniot_scanning_natural_cur,toniot_scanning__natural_cur__ms123__q1000_id500_ood500,gpc,kernel_stratified,60,0.0012499577716967858,0.0012499577716967858,0.0020298300733083696,0.0
toniot_scanning_natural_cur,toniot_scanning__natural_cur__ms123__q2000_id1000_ood1000,gpc,kernel_stratified,60,0.0018180110127645754,0.0016130929799775817,0.002387555831476762,0.0
toniot_scanning_natural_cur,toniot_scanning__natural_cur__ms123__q4000_id1800_ood1800,gpc,kernel_stratified,60,0.0011987173805445561,0.0010897849186709552,0.0013092146181137299,0.0
toniot_scanning_natural_cur,toniot_scanning__natural_cur__ms42__q1000_id500_ood500,gpc,kernel_stratified,60,0.0012261761961882556,0.0007972545557686228,0.002448571898817642,0.0
toniot_scanning_natural_cur,toniot_scanning__natural_cur__ms42__q2000_id1000_ood1000,gpc,kernel_stratified,60,0.0014203959048616488,0.0014147948070466487,0.002241849923891426,0.0
toniot_scanning_natural_cur,toniot_scanning__natural_cur__ms42__q4000_id1800_ood1800,gpc,kernel_stratified,60,0.0013407269122193144,0.0012302296746501407,0.001675095136149829,0.0
toniot_scanning_natural_cur,toniot_scanning__natural_cur__ms999__q1000_id500_ood500,gpc,kernel_stratified,60,0.004269499084289752,0.003510483068619785,0.004868951659899978,0.0
toniot_scanning_natural_cur,toniot_scanning__natural_cur__ms999__q2000_id1000_ood1000,gpc,kernel_stratified,60,-0.00014284686372256772,-0.00014284686372256772,0.00047530136560480774,0.6632
toniot_scanning_natural_cur,toniot_scanning__natural_cur__ms999__q4000_id1800_ood1800,gpc,kernel_stratified,60,0.0005681515586885011,0.0004603929379988214,0.0009263153830942421,0.0
toniot_scanning_natural_cur,toniot_scanning__natural_cur__ms123__q1000_id500_ood500,gpc,kernel_blocked,60,0.0012499577716967858,0.0012499577716967858,0.00945340316232135,0.0
toniot_scanning_natural_cur,toniot_scanning__natural_cur__ms123__q2000_id1000_ood1000,gpc,kernel_blocked,60,0.0018180110127645754,0.0016130929799775817,0.006804337894109391,0.0
toniot_scanning_natural_cur,toniot_scanning__natural_cur__ms123__q4000_id1800_ood1800,gpc,kernel_blocked,60,0.001200282156240129,0.0010897849186709552,0.002647754475374131,0.0
toniot_scanning_natural_cur,toniot_scanning__natural_cur__ms42__q1000_id500_ood500,gpc,kernel_blocked,60,0.001212192315104721,0.0007972545557686228,0.0032788959105155557,0.0
toniot_scanning_natural_cur,toniot_scanning__natural_cur__ms42__q2000_id1000_ood1000,gpc,kernel_blocked,60,0.0016120334658236146,0.0014147948070466487,0.005267253261911242,0.0
toniot_scanning_natural_cur,toniot_scanning__natural_cur__ms42__q4000_id1800_ood1800,gpc,kernel_blocked,60,0.0012302296746501407,0.0012302296746501407,0.004217338031821782,0.0
toniot_scanning_natural_cur,toniot_scanning__natural_cur__ms999__q1000_id500_ood500,gpc,kernel_blocked,60,0.004305937614074384,0.003510483068619785,0.006817871741971238,0.0
toniot_scanning_natural_cur,toniot_scanning__natural_cur__ms999__q2000_id1000_ood1000,gpc,kernel_blocked,60,-0.00014284686372256772,-0.00014284686372256772,0.003896620266128692,0.7812
toniot_scanning_natural_cur,toniot_scanning__natural_cur__ms999__q4000_id1800_ood1800,gpc,kernel_blocked,60,0.0008044296352465174,0.0004603929379988214,0.0019327378148311647,0.0
unsw_dos_m2_centroid,unsw_dos__m2_centroid__ms123__q1000_id500_ood500,gpc,uniform,60,0.00043331350029984783,-0.0008601166290985729,0.006264368051729295,0.3478
unsw_dos_m2_centroid,unsw_dos__m2_centroid__ms123__q2000_id1000_ood1000,gpc,uniform,60,-0.0011395863100270853,-0.002454921188189463,0.004380757279962677,0.8264
unsw_dos_m2_centroid,unsw_dos__m2_centroid__ms123__q4000_id1800_ood1800,gpc,uniform,60,0.00041496117351547124,-0.0001776034725580189,0.0021012889985308415,0.3844
unsw_dos_m2_centroid,unsw_dos__m2_centroid__ms42__q1000_id500_ood500,gpc,uniform,60,-0.00023853979911392376,-0.0021579880390772965,0.004135325025831027,0.5464
unsw_dos_m2_centroid,unsw_dos__m2_centroid__ms42__q2000_id1000_ood1000,gpc,uniform,60,-0.0012659901157709985,-0.0025172365161633126,0.005603881065893379,0.7736
unsw_dos_m2_centroid,unsw_dos__m2_centroid__ms42__q4000_id1800_ood1800,gpc,uniform,60,6.641772083182396e-05,-0.0006047235885694446,0.0017608042620964061,0.4346
unsw_dos_m2_centroid,unsw_dos__m2_centroid__ms999__q1000_id500_ood500,gpc,uniform,60,0.0009908908202427291,-0.000109067376641514,0.004114698511939685,0.0694
unsw_dos_m2_centroid,unsw_dos__m2_centroid__ms999__q2000_id1000_ood1000,gpc,uniform,60,-0.004820622668004371,-0.005503071657592118,-0.000746707228915563,0.985
unsw_dos_m2_centroid,unsw_dos__m2_centroid__ms999__q4000_id1800_ood1800,gpc,uniform,60,-0.004485620505388199,-0.005301599609638719,-0.0029866567358012297,0.9996
unsw_dos_m2_centroid,unsw_dos__m2_centroid__ms123__q1000_id500_ood500,gpc,kernel_stratified,60,0.0004397139099261427,-0.0008601166290985729,0.005858153139335512,0.3054
unsw_dos_m2_centroid,unsw_dos__m2_centroid__ms123__q2000_id1000_ood1000,gpc,kernel_stratified,60,-0.0009041087554977345,-0.002454921188189463,0.0038800714861675356,0.8178
unsw_dos_m2_centroid,unsw_dos__m2_centroid__ms123__q4000_id1800_ood1800,gpc,kernel_stratified,60,0.00041496117351547124,-0.0001776034725580189,0.0020349115489754397,0.3884
unsw_dos_m2_centroid,unsw_dos__m2_centroid__ms42__q1000_id500_ood500,gpc,kernel_stratified,60,-0.00023853979911392376,-0.0021579880390772965,0.003723508627656474,0.5654
unsw_dos_m2_centroid,unsw_dos__m2_centroid__ms42__q2000_id1000_ood1000,gpc,kernel_stratified,60,-0.0012097143645901642,-0.0025172365161633126,0.005584417338494241,0.7746
unsw_dos_m2_centroid,unsw_dos__m2_centroid__ms42__q4000_id1800_ood1800,gpc,kernel_stratified,60,6.641772083182396e-05,-0.0006047235885694446,0.0017359202675170105,0.4436
unsw_dos_m2_centroid,unsw_dos__m2_centroid__ms999__q1000_id500_ood500,gpc,kernel_stratified,60,0.0008193341588860203,-0.000109067376641514,0.003580211111447462,0.077
unsw_dos_m2_centroid,unsw_dos__m2_centroid__ms999__q2000_id1000_ood1000,gpc,kernel_stratified,60,-0.004887467391194167,-0.005503071657592118,-0.0012203525637850543,0.9908
unsw_dos_m2_centroid,unsw_dos__m2_centroid__ms999__q4000_id1800_ood1800,gpc,kernel_stratified,60,-0.004474898072889089,-0.005301599609638719,-0.0030308537228169014,0.9998
unsw_dos_m2_centroid,unsw_dos__m2_centroid__ms123__q1000_id500_ood500,gpc,kernel_blocked,60,-0.0004796662926359607,-0.0008601166290985729,0.012106281936533958,0.5186
unsw_dos_m2_centroid,unsw_dos__m2_centroid__ms123__q2000_id1000_ood1000,gpc,kernel_blocked,60,-0.0009041087554977345,-0.002454921188189463,0.0023239138892388045,0.8512
unsw_dos_m2_centroid,unsw_dos__m2_centroid__ms123__q4000_id1800_ood1800,gpc,kernel_blocked,60,0.0009636551666413196,-0.0001776034725580189,0.0024537214198581125,0.3264
unsw_dos_m2_centroid,unsw_dos__m2_centroid__ms42__q1000_id500_ood500,gpc,kernel_blocked,60,-0.00023853979911392376,-0.0021579880390772965,0.012646433365526621,0.5312
unsw_dos_m2_centroid,unsw_dos__m2_centroid__ms42__q2000_id1000_ood1000,gpc,kernel_blocked,60,-0.0016116840158815204,-0.0025172365161633126,0.004782381157806492,0.7832
unsw_dos_m2_centroid,unsw_dos__m2_centroid__ms42__q4000_id1800_ood1800,gpc,kernel_blocked,60,6.641772083182396e-05,-0.0006047235885694446,0.0012704622550760991,0.4236
unsw_dos_m2_centroid,unsw_dos__m2_centroid__ms999__q1000_id500_ood500,gpc,kernel_blocked,60,0.0014734493590286002,-0.000109067376641514,0.00879299273823786,0.0556
unsw_dos_m2_centroid,unsw_dos__m2_centroid__ms999__q2000_id1000_ood1000,gpc,kernel_blocked,60,-0.004748958800459002,-0.005503071657592118,0.0015715882760840572,0.9632
unsw_dos_m2_centroid,unsw_dos__m2_centroid__ms999__q4000_id1800_ood1800,gpc,kernel_blocked,60,-0.004282707935920893,-0.005301599609638719,-0.002868345208541845,0.9974
unsw_dos_natural_cur,unsw_dos__natural_cur__ms123__q1000_id500_ood500,gpc,uniform,60,0.013998081363601922,0.007873713619551581,0.01981222269761962,0.0
unsw_dos_natural_cur,unsw_dos__natural_cur__ms123__q2000_id1000_ood1000,gpc,uniform,60,-0.001145444623816383,-0.0035701087840692702,0.004051668375116632,0.7238
unsw_dos_natural_cur,unsw_dos__natural_cur__ms123__q4000_id1800_ood1800,gpc,uniform,60,-0.005619734189935777,-0.006214238084769841,0.007965710292724637,0.894
unsw_dos_natural_cur,unsw_dos__natural_cur__ms42__q1000_id500_ood500,gpc,uniform,60,0.01207396953527795,0.011027721584576988,0.015864589411698327,0.0
unsw_dos_natural_cur,unsw_dos__natural_cur__ms42__q2000_id1000_ood1000,gpc,uniform,60,-0.008686870596753882,-0.008686870596753882,0.005147194563398294,0.8422
unsw_dos_natural_cur,unsw_dos__natural_cur__ms42__q4000_id1800_ood1800,gpc,uniform,60,-0.005975692928028131,-0.006651369696760057,0.003092620400337087,0.857
unsw_dos_natural_cur,unsw_dos__natural_cur__ms999__q1000_id500_ood500,gpc,uniform,60,0.010418676610991606,0.0049063631065987545,0.021326054171748376,0.0
unsw_dos_natural_cur,unsw_dos__natural_cur__ms999__q2000_id1000_ood1000,gpc,uniform,60,0.0014937297787127601,0.0012364052336329978,0.009324651813683693,0.0
unsw_dos_natural_cur,unsw_dos__natural_cur__ms999__q4000_id1800_ood1800,gpc,uniform,60,0.0004899941240563699,9.65793729801323e-05,0.008483344626257217,0.0
unsw_dos_natural_cur,unsw_dos__natural_cur__ms123__q1000_id500_ood500,gpc,kernel_stratified,60,0.012394202650140795,0.007886516897190665,0.019043029992248495,0.0
unsw_dos_natural_cur,unsw_dos__natural_cur__ms123__q2000_id1000_ood1000,gpc,kernel_stratified,60,-0.0010630466371767122,-0.0035701087840692702,0.0035520018105982235,0.7152
unsw_dos_natural_cur,unsw_dos__natural_cur__ms123__q4000_id1800_ood1800,gpc,kernel_stratified,60,-0.005619734189935777,-0.006214238084769841,0.007965710292724637,0.8932
unsw_dos_natural_cur,unsw_dos__natural_cur__ms42__q1000_id500_ood500,gpc,kernel_stratified,60,0.012118405724884318,0.011059772866628181,0.01548757397537933,0.0
unsw_dos_natural_cur,unsw_dos__natural_cur__ms42__q2000_id1000_ood1000,gpc,kernel_stratified,60,-0.008686870596753882,-0.008686870596753882,0.005147194563398294,0.848
unsw_dos_natural_cur,unsw_dos__natural_cur__ms42__q4000_id1800_ood1800,gpc,kernel_stratified,60,-0.005975692928028131,-0.006651369696760057,0.003119608353731017,0.8558
unsw_dos_natural_cur,unsw_dos__natural_cur__ms999__q1000_id500_ood500,gpc,kernel_stratified,60,0.009656637676565327,0.0049063631065987545,0.020454879603027182,0.0
unsw_dos_natural_cur,unsw_dos__natural_cur__ms999__q2000_id1000_ood1000,gpc,kernel_stratified,60,0.0014937297787127601,0.0012364052336329978,0.00932810464277487,0.0
unsw_dos_natural_cur,unsw_dos__natural_cur__ms999__q4000_id1800_ood1800,gpc,kernel_stratified,60,0.0004899941240563699,9.65793729801323e-05,0.008481546054654676,0.0
unsw_dos_natural_cur,unsw_dos__natural_cur__ms123__q1000_id500_ood500,gpc,kernel_blocked,60,0.015217831125431625,0.007873713619551581,0.030645857678505584,0.0
unsw_dos_natural_cur,unsw_dos__natural_cur__ms123__q2000_id1000_ood1000,gpc,kernel_blocked,60,-0.0012533295181372806,-0.0035701087840692702,0.014602815592908103,0.7892
unsw_dos_natural_cur,unsw_dos__natural_cur__ms123__q4000_id1800_ood1800,gpc,kernel_blocked,60,-0.005619734189935777,-0.006214238084769841,0.01246629288538037,0.9104
unsw_dos_natural_cur,unsw_dos__natural_cur__ms42__q1000_id500_ood500,gpc,kernel_blocked,60,0.011723148807888273,0.011027721584576988,0.02883725329601805,0.0
unsw_dos_natural_cur,unsw_dos__natural_cur__ms42__q2000_id1000_ood1000,gpc,kernel_blocked,60,-0.008686870596753882,-0.008686870596753882,0.007970437534623787,0.7892
unsw_dos_natural_cur,unsw_dos__natural_cur__ms42__q4000_id1800_ood1800,gpc,kernel_blocked,60,-0.005975692928028131,-0.006651369696760057,0.007130117079177434,0.8544
unsw_dos_natural_cur,unsw_dos__natural_cur__ms999__q1000_id500_ood500,gpc,kernel_blocked,60,0.014397535228974911,0.0049063631065987545,0.02856285273308301,0.0
unsw_dos_natural_cur,unsw_dos__natural_cur__ms999__q2000_id1000_ood1000,gpc,kernel_blocked,60,0.0014937297787127601,0.0012364052336329978,0.012135872773922807,0.0
unsw_dos_natural_cur,unsw_dos__natural_cur__ms999__q4000_id1800_ood1800,gpc,kernel_blocked,60,0.0001570413552435257,9.65793729801323e-05,0.018386661480318645,0.0
unsw_recon_m2_centroid,unsw_recon__m2_centroid__ms123__q1000_id500_ood500,gpc,uniform,60,-0.001956221806013292,-0.003161494974789014,0.0022205643512027695,0.7902
unsw_recon_m2_centroid,unsw_recon__m2_centroid__ms123__q2000_id1000_ood1000,gpc,uniform,60,0.0011302825847946396,-0.000614274796844172,0.0046820719151265955,0.2592
unsw_recon_m2_centroid,unsw_recon__m2_centroid__ms123__q4000_id1800_ood1800,gpc,uniform,60,-0.0007895030960740623,-0.0013827015675588195,0.000314970655882707,0.941
unsw_recon_m2_centroid,unsw_recon__m2_centroid__ms42__q1000_id500_ood500,gpc,uniform,60,-0.0032717201299926613,-0.0051841346125024446,0.0008532734474612684,0.9554
unsw_recon_m2_centroid,unsw_recon__m2_centroid__ms42__q2000_id1000_ood1000,gpc,uniform,60,-0.0015422440019244865,-0.004325778419044135,0.006441233362510124,0.7784
unsw_recon_m2_centroid,unsw_recon__m2_centroid__ms42__q4000_id1800_ood1800,gpc,uniform,60,0.0003705148767739752,-0.00014935258227521953,0.001956982495944063,0.2666
unsw_recon_m2_centroid,unsw_recon__m2_centroid__ms999__q1000_id500_ood500,gpc,uniform,60,-0.0024128719813651944,-0.004126947919882551,0.004240075378360954,0.8658
unsw_recon_m2_centroid,unsw_recon__m2_centroid__ms999__q2000_id1000_ood1000,gpc,uniform,60,0.0024771722704328702,0.0016714650745949244,0.005909198624601866,0.0
unsw_recon_m2_centroid,unsw_recon__m2_centroid__ms999__q4000_id1800_ood1800,gpc,uniform,60,-0.0009057965046314065,-0.0017130405446665886,0.0005817759977073678,0.8698
unsw_recon_m2_centroid,unsw_recon__m2_centroid__ms123__q1000_id500_ood500,gpc,kernel_stratified,60,-0.001956221806013292,-0.003161494974789014,0.0019652510234425824,0.7838
unsw_recon_m2_centroid,unsw_recon__m2_centroid__ms123__q2000_id1000_ood1000,gpc,kernel_stratified,60,0.0010578115449185743,-0.000614274796844172,0.004821516610278631,0.2618
unsw_recon_m2_centroid,unsw_recon__m2_centroid__ms123__q4000_id1800_ood1800,gpc,kernel_stratified,60,-0.0007861915960489796,-0.0013827015675588195,0.0003839687472482843,0.9382
unsw_recon_m2_centroid,unsw_recon__m2_centroid__ms42__q1000_id500_ood500,gpc,kernel_stratified,60,-0.0032798329702558027,-0.0051841346125024446,0.0006704040326249932,0.9604
unsw_recon_m2_centroid,unsw_recon__m2_centroid__ms42__q2000_id1000_ood1000,gpc,kernel_stratified,60,-0.0015422440019244865,-0.004325778419044135,0.006441233362510124,0.7722
unsw_recon_m2_centroid,unsw_recon__m2_centroid__ms42__q4000_id1800_ood1800,gpc,kernel_stratified,60,0.0004084134607885703,-0.00014935258227521953,0.0020030237481832858,0.2562
unsw_recon_m2_centroid,unsw_recon__m2_centroid__ms999__q1000_id500_ood500,gpc,kernel_stratified,60,-0.002426133846954115,-0.004126947919882551,0.004232480694156729,0.8596
unsw_recon_m2_centroid,unsw_recon__m2_centroid__ms999__q2000_id1000_ood1000,gpc,kernel_stratified,60,0.0024899175892981185,0.0016714650745949244,0.006076224360864413,0.0
unsw_recon_m2_centroid,unsw_recon__m2_centroid__ms999__q4000_id1800_ood1800,gpc,kernel_stratified,60,-0.0009139074175980033,-0.0017130405446665886,0.0005499700956410854,0.8826
unsw_recon_m2_centroid,unsw_recon__m2_centroid__ms123__q1000_id500_ood500,gpc,kernel_blocked,60,-0.0023864260887289657,-0.003161494974789014,0.005771767861315169,0.7428
unsw_recon_m2_centroid,unsw_recon__m2_centroid__ms123__q2000_id1000_ood1000,gpc,kernel_blocked,60,0.001443536519810329,-0.000614274796844172,0.004391726928191897,0.2586
unsw_recon_m2_centroid,unsw_recon__m2_centroid__ms123__q4000_id1800_ood1800,gpc,kernel_blocked,60,-0.0007920460444417188,-0.0013827015675588195,0.0003742644968689479,0.9316
unsw_recon_m2_centroid,unsw_recon__m2_centroid__ms42__q1000_id500_ood500,gpc,kernel_blocked,60,-0.0024973077393944942,-0.0051841346125024446,0.0047906229364983455,0.8734
unsw_recon_m2_centroid,unsw_recon__m2_centroid__ms42__q2000_id1000_ood1000,gpc,kernel_blocked,60,-0.0015422440019244865,-0.004325778419044135,0.008444015067707866,0.776
unsw_recon_m2_centroid,unsw_recon__m2_centroid__ms42__q4000_id1800_ood1800,gpc,kernel_blocked,60,0.00042438084842622015,-0.00014935258227521953,0.0023019717056654843,0.257
unsw_recon_m2_centroid,unsw_recon__m2_centroid__ms999__q1000_id500_ood500,gpc,kernel_blocked,60,-0.0022343848117650777,-0.004126947919882551,0.005024000913694055,0.877
unsw_recon_m2_centroid,unsw_recon__m2_centroid__ms999__q2000_id1000_ood1000,gpc,kernel_blocked,60,0.0024906510185824793,0.0016714650745949244,0.006679217365532009,0.0
unsw_recon_m2_centroid,unsw_recon__m2_centroid__ms999__q4000_id1800_ood1800,gpc,kernel_blocked,60,-0.0007301838627019608,-0.0017130405446665886,0.001921829281580023,0.8402
unsw_recon_natural_cur,unsw_recon__natural_cur__ms123__q1000_id500_ood500,gpc,uniform,60,0.004948875882340276,0.0024057426870330856,0.013318685814183606,0.0
unsw_recon_natural_cur,unsw_recon__natural_cur__ms123__q2000_id1000_ood1000,gpc,uniform,60,0.012252525015160054,0.008883059124220605,0.021809736346136033,0.0
unsw_recon_natural_cur,unsw_recon__natural_cur__ms123__q4000_id1800_ood1800,gpc,uniform,60,0.005165195493324615,0.004192693648185086,0.00854307896554081,0.0
unsw_recon_natural_cur,unsw_recon__natural_cur__ms42__q1000_id500_ood500,gpc,uniform,60,0.020959519064147614,0.01749075912628084,0.025536403824371598,0.0
unsw_recon_natural_cur,unsw_recon__natural_cur__ms42__q2000_id1000_ood1000,gpc,uniform,60,0.006243006730460965,0.005571415067649688,0.011181221668663532,0.0
unsw_recon_natural_cur,unsw_recon__natural_cur__ms42__q4000_id1800_ood1800,gpc,uniform,60,0.00022351159610034532,-0.00035000776140547973,0.0072865862021963546,0.2778
unsw_recon_natural_cur,unsw_recon__natural_cur__ms999__q1000_id500_ood500,gpc,uniform,60,0.006330676786985956,0.004630954890030292,0.010547526000079688,0.0
unsw_recon_natural_cur,unsw_recon__natural_cur__ms999__q2000_id1000_ood1000,gpc,uniform,60,0.011933043304698798,0.01068182612748425,0.01669701655789868,0.0
unsw_recon_natural_cur,unsw_recon__natural_cur__ms999__q4000_id1800_ood1800,gpc,uniform,60,0.0054274969204619605,0.004769144184773255,0.012846831453224739,0.0
unsw_recon_natural_cur,unsw_recon__natural_cur__ms123__q1000_id500_ood500,gpc,kernel_stratified,60,0.004588275210536286,0.0024057426870330856,0.013318685814183606,0.0
unsw_recon_natural_cur,unsw_recon__natural_cur__ms123__q2000_id1000_ood1000,gpc,kernel_stratified,60,0.01255391174407261,0.008883059124220605,0.021812848695667353,0.0
unsw_recon_natural_cur,unsw_recon__natural_cur__ms123__q4000_id1800_ood1800,gpc,kernel_stratified,60,0.005165195493324615,0.004192693648185086,0.008743780893948488,0.0
unsw_recon_natural_cur,unsw_recon__natural_cur__ms42__q1000_id500_ood500,gpc,kernel_stratified,60,0.020496175033101416,0.01749075912628084,0.024988258524740275,0.0
unsw_recon_natural_cur,unsw_recon__natural_cur__ms42__q2000_id1000_ood1000,gpc,kernel_stratified,60,0.006243006730460965,0.005571415067649688,0.010960271642494135,0.0
unsw_recon_natural_cur,unsw_recon__natural_cur__ms42__q4000_id1800_ood1800,gpc,kernel_stratified,60,0.00022351159610034532,-0.00035000776140547973,0.007261884713513744,0.276
unsw_recon_natural_cur,unsw_recon__natural_cur__ms999__q1000_id500_ood500,gpc,kernel_stratified,60,0.006330676786985956,0.004630954890030292,0.010512168370954256,0.0
unsw_recon_natural_cur,unsw_recon__natural_cur__ms999__q2000_id1000_ood1000,gpc,kernel_stratified,60,0.011963118492668734,0.01068182612748425,0.01644556081450436,0.0
unsw_recon_natural_cur,unsw_recon__natural_cur__ms999__q4000_id1800_ood1800,gpc,kernel_stratified,60,0.0054274969204619605,0.004769144184773255,0.012539082102093646,0.0
unsw_recon_natural_cur,unsw_recon__natural_cur__ms123__q1000_id500_ood500,gpc,kernel_blocked,60,0.005525994456030747,0.0024057426870330856,0.013522337981566546,0.0
unsw_recon_natural_cur,unsw_recon__natural_cur__ms123__q2000_id1000_ood1000,gpc,kernel_blocked,60,0.01255391174407261,0.008883059124220605,0.022124535141101354,0.0
unsw_recon_natural_cur,unsw_recon__natural_cur__ms123__q4000_id1800_ood1800,gpc,kernel_blocked,60,0.005242117692770165,0.004192693648185086,0.008447135230144842,0.0
unsw_recon_natural_cur,unsw_recon__natural_cur__ms42__q1000_id500_ood500,gpc,kernel_blocked,60,0.021314773463198544,0.01749075912628084,0.026357089239975928,0.0
unsw_recon_natural_cur,unsw_recon__natural_cur__ms42__q2000_id1000_ood1000,gpc,kernel_blocked,60,0.006230000054337159,0.005571415067649688,0.01271901442701151,0.0
unsw_recon_natural_cur,unsw_recon__natural_cur__ms42__q4000_id1800_ood1800,gpc,kernel_blocked,60,0.00022351159610034532,-0.00035000776140547973,0.009923612389487468,0.2558
unsw_recon_natural_cur,unsw_recon__natural_cur__ms999__q1000_id500_ood500,gpc,kernel_blocked,60,0.0069169748639089645,0.004630954890030292,0.012341115743669362,0.0
unsw_recon_natural_cur,unsw_recon__natural_cur__ms999__q2000_id1000_ood1000,gpc,kernel_blocked,60,0.011933043304698798,0.01068182612748425,0.02183191495483816,0.0
unsw_recon_natural_cur,unsw_recon__natural_cur__ms999__q4000_id1800_ood1800,gpc,kernel_blocked,60,0.0054274969204619605,0.004769144184773255,0.01565143983814854,0.0
