family,model,dim,cfg,kernel,split,svc_c,fit_seconds,accuracy,balanced_accuracy,f1_macro,f1_pos,roc_auc,pr_auc,log_loss,brier,ece,mean_predictive_entropy
classical_ext,svc,4,linear__svc_C0.01__d4,linear,id_test,0.01,0.01799798011779785,0.746,0.746193015324014,0.7459502062404231,0.7495069033530573,0.893340378857024,0.9149825912472609,,,,
classical_ext,svc,4,linear__svc_C0.01__d4,linear,ood_test,0.01,0.01799798011779785,0.526,0.5266148133922284,0.5255730157141427,0.511340206185567,0.5912393572754626,0.5755427216235502,,,,
classical_ext,svc,4,linear__svc_C0.1__d4,linear,id_test,0.1,0.014005899429321289,0.746,0.746193015324014,0.7459502062404231,0.7495069033530573,0.8759347328305391,0.910331345151045,,,,
classical_ext,svc,4,linear__svc_C0.1__d4,linear,ood_test,0.1,0.014005899429321289,0.526,0.5266148133922284,0.5255730157141427,0.511340206185567,0.5285193009410409,0.5375319331623447,,,,
classical_ext,svc,4,linear__svc_C10__d4,linear,id_test,10.0,0.013555049896240234,0.85,0.8512834061904533,0.8499273648445848,0.8466257668711656,0.8894173031656819,0.9240729994673991,,,,
classical_ext,svc,4,linear__svc_C10__d4,linear,ood_test,10.0,0.013555049896240234,0.624,0.6263363421035785,0.6169144496609285,0.5648148148148148,0.4903655335765957,0.5111003290212572,,,,
classical_ext,svc,4,linear__svc_C100__d4,linear,id_test,100.0,0.022348642349243164,0.85,0.8507229668059759,0.8499993999976,0.8496993987975952,0.8967350402715729,0.9261865577828761,,,,
classical_ext,svc,4,linear__svc_C100__d4,linear,ood_test,100.0,0.022348642349243164,0.62,0.6223993342295627,0.6124031007751938,0.5581395348837209,0.4984956148774087,0.5153475753103892,,,,
classical_ext,svc,4,rbf_gscale__svc_C0.01__d4,rbf_gscale,id_test,0.01,0.018000364303588867,0.872,0.8686490208323325,0.8692895889157571,0.8881118881118881,0.9543802341035371,0.956987741357021,,,,
classical_ext,svc,4,rbf_gscale__svc_C0.01__d4,rbf_gscale,ood_test,0.01,0.018000364303588867,0.802,0.801149094168107,0.80113373856519,0.8142589118198874,0.800845016324179,0.672530502645277,,,,
classical_ext,svc,4,rbf_gscale__svc_C0.1__d4,rbf_gscale,id_test,0.1,0.013997793197631836,0.876,0.8725400714159901,0.8732230783072419,0.89198606271777,0.9433475845062529,0.9031580071338957,,,,
classical_ext,svc,4,rbf_gscale__svc_C0.1__d4,rbf_gscale,ood_test,0.1,0.013997793197631836,0.876,0.8739837398373984,0.8735210118319053,0.8912280701754386,0.8204820434031113,0.6897140148100738,,,,
classical_ext,svc,4,rbf_gscale__svc_C10__d4,rbf_gscale,id_test,10.0,0.014000177383422852,0.878,0.87470977246161,0.875489367608457,0.8931698774080561,0.9535635938575844,0.9385356995497077,,,,
classical_ext,svc,4,rbf_gscale__svc_C10__d4,rbf_gscale,ood_test,10.0,0.014000177383422852,0.9,0.8983739837398375,0.8986360466436367,0.910394265232975,0.9711286089238845,0.9698795129385226,,,,
classical_ext,svc,4,rbf_gscale__svc_C100__d4,rbf_gscale,id_test,100.0,0.01736593246459961,0.884,0.8816672271060512,0.8826310080782244,0.8953068592057761,0.9547164977342236,0.9501250594820994,,,,
classical_ext,svc,4,rbf_gscale__svc_C100__d4,rbf_gscale,ood_test,100.0,0.01736593246459961,0.9,0.8987580820690098,0.8991463749173001,0.9084249084249084,0.9669355354970872,0.9619875606363524,,,,
classical_ext,svc,4,poly2__svc_C0.01__d4,poly2,id_test,0.01,0.02191781997680664,0.748,0.7481385406158428,0.747935471480699,0.7519685039370079,0.8969752285792062,0.9181794661824664,,,,
classical_ext,svc,4,poly2__svc_C0.01__d4,poly2,ood_test,0.01,0.02191781997680664,0.526,0.5266148133922284,0.5255730157141427,0.511340206185567,0.6779815632801998,0.607076397788476,,,,
classical_ext,svc,4,poly2__svc_C0.1__d4,poly2,id_test,0.1,0.018004655838012695,0.874,0.8713791612624298,0.8722208024533606,0.8872987477638641,0.9103777361451377,0.8842599046162483,,,,
classical_ext,svc,4,poly2__svc_C0.1__d4,poly2,ood_test,0.1,0.018004655838012695,0.74,0.7401894885090583,0.74,0.74,0.7705652647077652,0.6247944084607606,,,,
classical_ext,svc,4,poly2__svc_C10__d4,poly2,id_test,10.0,0.01600337028503418,0.876,0.8725400714159901,0.8732230783072419,0.89198606271777,0.8976637683944212,0.8078361674291146,,,,
classical_ext,svc,4,poly2__svc_C10__d4,poly2,ood_test,10.0,0.01600337028503418,0.878,0.8760162601626016,0.8756315267963088,0.8927943760984183,0.9013347416938737,0.8545723294917027,,,,
classical_ext,svc,4,poly2__svc_C100__d4,poly2,id_test,100.0,0.015413761138916016,0.876,0.8725400714159901,0.8732230783072419,0.89198606271777,0.928423884325311,0.8729207628342274,,,,
classical_ext,svc,4,poly2__svc_C100__d4,poly2,ood_test,100.0,0.015413761138916016,0.9,0.8983739837398375,0.8986360466436367,0.910394265232975,0.9728410473081108,0.9596025542757529,,,,
classical_ext,svc,4,poly3__svc_C0.01__d4,poly3,id_test,0.01,0.01999950408935547,0.746,0.746193015324014,0.7459502062404231,0.7495069033530573,0.8964948519639397,0.9178888758651831,,,,
classical_ext,svc,4,poly3__svc_C0.01__d4,poly3,ood_test,0.01,0.01999950408935547,0.526,0.5266148133922284,0.5255730157141427,0.511340206185567,0.6896965623199539,0.6088721286450766,,,,
classical_ext,svc,4,poly3__svc_C0.1__d4,poly3,id_test,0.1,0.01700115203857422,0.874,0.8713791612624298,0.8722208024533606,0.8872987477638641,0.9133720837136315,0.8842104662662296,,,,
classical_ext,svc,4,poly3__svc_C0.1__d4,poly3,ood_test,0.1,0.01700115203857422,0.76,0.759874527879137,0.7599039615846338,0.7647058823529411,0.7710773958133282,0.6254292451764993,,,,
classical_ext,svc,4,poly3__svc_C10__d4,poly3,id_test,10.0,0.015999555587768555,0.876,0.8725400714159901,0.8732230783072419,0.89198606271777,0.9137403724520023,0.8383516756367565,,,,
classical_ext,svc,4,poly3__svc_C10__d4,poly3,ood_test,10.0,0.015999555587768555,0.898,0.8963414634146342,0.896559697224149,0.9087656529516994,0.9416970744510595,0.9101400746916519,,,,
classical_ext,svc,4,poly3__svc_C100__d4,poly3,id_test,100.0,0.016996383666992188,0.876,0.8725400714159901,0.8732230783072419,0.89198606271777,0.9396326720148597,0.9278925153206841,,,,
classical_ext,svc,4,poly3__svc_C100__d4,poly3,ood_test,100.0,0.016996383666992188,0.9,0.8983739837398375,0.8986360466436367,0.910394265232975,0.9758498175532936,0.9537149951504276,,,,
classical_ext,svc,4,laplacian_med__svc_C0.01__d4,laplacian_med,id_test,0.01,0.01902627944946289,0.858,0.855478695297113,0.856130268975607,0.8725314183123878,0.9389441321996446,0.9429723036772726,,,,
classical_ext,svc,4,laplacian_med__svc_C0.01__d4,laplacian_med,ood_test,0.01,0.01902627944946289,0.742,0.7420939760578709,0.7419907116656199,0.7435387673956262,0.7861852634274374,0.7038564351021408,,,,
classical_ext,svc,4,laplacian_med__svc_C0.1__d4,laplacian_med,id_test,0.1,0.009789466857910156,0.876,0.8725400714159901,0.8732230783072419,0.89198606271777,0.9407375382299723,0.900826307780554,,,,
classical_ext,svc,4,laplacian_med__svc_C0.1__d4,laplacian_med,ood_test,0.1,0.009789466857910156,0.876,0.8739837398373984,0.8735210118319053,0.8912280701754386,0.8593239869406568,0.7562783690007001,,,,
classical_ext,svc,4,laplacian_med__svc_C10__d4,laplacian_med,id_test,10.0,0.013473749160766602,0.898,0.8961826071640167,0.8971670531303559,0.9064220183486239,0.9555171254263342,0.9521761662659786,,,,
classical_ext,svc,4,laplacian_med__svc_C10__d4,laplacian_med,ood_test,10.0,0.013473749160766602,0.892,0.8906920171563921,0.890995413732963,0.9014598540145985,0.9570289994238526,0.9480217505319123,,,,
classical_ext,svc,4,laplacian_med__svc_C100__d4,laplacian_med,id_test,100.0,0.017994403839111328,0.892,0.891466910057485,0.8917905064204299,0.896551724137931,0.9468543337976973,0.9372455761951826,,,,
classical_ext,svc,4,laplacian_med__svc_C100__d4,laplacian_med,ood_test,100.0,0.017994403839111328,0.892,0.8917802957557135,0.891915261565067,0.8949416342412452,0.9535881185583509,0.9367586052848237,,,,
classical_ext,svc,4,matern15_med__svc_C0.01__d4,matern15_med,id_test,0.01,0.022000551223754883,0.748,0.742197883140382,0.734181701574657,0.7947882736156352,0.9436998606907816,0.9517784875783435,,,,
classical_ext,svc,4,matern15_med__svc_C0.01__d4,matern15_med,ood_test,0.01,0.022000551223754883,0.646,0.644404967671724,0.6416641360461586,0.6810810810810811,0.7478074387043083,0.6445342841964761,,,,
classical_ext,svc,4,matern15_med__svc_C0.1__d4,matern15_med,id_test,0.1,0.017194509506225586,0.876,0.8725400714159901,0.8732230783072419,0.89198606271777,0.9100094474067669,0.8730859511823732,,,,
classical_ext,svc,4,matern15_med__svc_C0.1__d4,matern15_med,ood_test,0.1,0.017194509506225586,0.876,0.8739837398373984,0.8735210118319053,0.8912280701754386,0.7954676397157672,0.6506190757809551,,,,
classical_ext,svc,4,matern15_med__svc_C10__d4,matern15_med,id_test,10.0,0.016686677932739258,0.878,0.87470977246161,0.875489367608457,0.8931698774080561,0.9567500920721845,0.9393275226761675,,,,
classical_ext,svc,4,matern15_med__svc_C10__d4,matern15_med,ood_test,10.0,0.016686677932739258,0.9,0.8983739837398375,0.8986360466436367,0.910394265232975,0.9643908840663209,0.9617175249274476,,,,
classical_ext,svc,4,matern15_med__svc_C100__d4,matern15_med,id_test,100.0,0.015999794006347656,0.888,0.8858945413203951,0.8868686868686868,0.8981818181818182,0.9616499335479016,0.9599557391032141,,,,
classical_ext,svc,4,matern15_med__svc_C100__d4,matern15_med,ood_test,100.0,0.015999794006347656,0.922,0.9208597400934639,0.9214188135449786,0.9281767955801105,0.9699923180334165,0.9648743954848699,,,,
classical_ext,svc,4,matern25_med__svc_C0.01__d4,matern25_med,id_test,0.01,0.026505470275878906,0.75,0.7442554963091064,0.7365437063452922,0.7960848287112561,0.9326511985396551,0.945480760591359,,,,
classical_ext,svc,4,matern25_med__svc_C0.01__d4,matern25_med,ood_test,0.01,0.026505470275878906,0.616,0.6148133922284105,0.6132712418827245,0.6457564575645757,0.7121183022853851,0.6214125015955562,,,,
classical_ext,svc,4,matern25_med__svc_C0.1__d4,matern25_med,id_test,0.1,0.018001556396484375,0.876,0.8725400714159901,0.8732230783072419,0.89198606271777,0.9098012842068182,0.8639948867752232,,,,
classical_ext,svc,4,matern25_med__svc_C0.1__d4,matern25_med,ood_test,0.1,0.018001556396484375,0.872,0.8700467319633827,0.8695878977569118,0.8873239436619719,0.7893860828372063,0.6453247067511201,,,,
classical_ext,svc,4,matern25_med__svc_C10__d4,matern25_med,id_test,10.0,0.014999151229858398,0.876,0.8725400714159901,0.8732230783072419,0.89198606271777,0.9506813341659862,0.9412002126787007,,,,
classical_ext,svc,4,matern25_med__svc_C10__d4,matern25_med,ood_test,10.0,0.014999151229858398,0.9,0.8983739837398375,0.8986360466436367,0.910394265232975,0.9705524614301261,0.9675266443510013,,,,
classical_ext,svc,4,matern25_med__svc_C100__d4,matern25_med,id_test,100.0,0.013796091079711914,0.888,0.8855582776897087,0.8865772247067211,0.8992805755395683,0.9573585691181887,0.9523874315196666,,,,
classical_ext,svc,4,matern25_med__svc_C100__d4,matern25_med,ood_test,100.0,0.013796091079711914,0.9,0.8986940656808142,0.8990698275305213,0.9087591240875912,0.9677997567377248,0.9634876875894317,,,,
classical_ext,svc,6,linear__svc_C0.01__d6,linear,id_test,0.01,0.022357702255249023,0.746,0.746193015324014,0.7459502062404231,0.7495069033530573,0.8923476005188069,0.9131557696872994,,,,
classical_ext,svc,6,linear__svc_C0.01__d6,linear,ood_test,0.01,0.022357702255249023,0.65,0.65263107355483,0.6414977608974437,0.5862884160756501,0.6863036937455989,0.640776975849052,,,,
classical_ext,svc,6,linear__svc_C0.1__d6,linear,id_test,0.1,0.014001131057739258,0.734,0.7298121727434308,0.7260838224693646,0.7726495726495727,0.8920433619958047,0.9145570284718659,,,,
classical_ext,svc,6,linear__svc_C0.1__d6,linear,ood_test,0.1,0.014001131057739258,0.652,0.6536393316689073,0.6490293847122042,0.6167400881057269,0.7951315536777415,0.6843399945404476,,,,
classical_ext,svc,6,linear__svc_C10__d6,linear,id_test,10.0,0.015996217727661133,0.852,0.8500904709292085,0.850736634877604,0.8644688644688645,0.8880081984275673,0.8878972053051911,,,,
classical_ext,svc,6,linear__svc_C10__d6,linear,ood_test,10.0,0.015996217727661133,0.69,0.6909768900838615,0.6892230576441103,0.6736842105263158,0.7932430702259778,0.6791695827759701,,,,
classical_ext,svc,6,linear__svc_C100__d6,linear,id_test,100.0,0.029857873916625977,0.856,0.854205697266657,0.8548761609907121,0.8676470588235294,0.8902499559654768,0.8905678978096183,,,,
classical_ext,svc,6,linear__svc_C100__d6,linear,ood_test,100.0,0.029857873916625977,0.674,0.6752288585877986,0.6725737311729896,0.6509635974304069,0.793643172652199,0.6794532766024926,,,,
classical_ext,svc,6,rbf_gscale__svc_C0.01__d6,rbf_gscale,id_test,0.01,0.020012617111206055,0.856,0.8529727306208068,0.8534464509615541,0.872791519434629,0.9490000160125538,0.9534335826133197,,,,
classical_ext,svc,6,rbf_gscale__svc_C0.01__d6,rbf_gscale,ood_test,0.01,0.020012617111206055,0.772,0.7716215351129889,0.7717041285506016,0.7799227799227799,0.7841047308110877,0.6643328161830379,,,,
classical_ext,svc,6,rbf_gscale__svc_C0.1__d6,rbf_gscale,id_test,0.1,0.014975786209106445,0.876,0.8725400714159901,0.8732230783072419,0.89198606271777,0.9208499463579446,0.8812287459044466,,,,
classical_ext,svc,6,rbf_gscale__svc_C0.1__d6,rbf_gscale,ood_test,0.1,0.014975786209106445,0.876,0.8739837398373984,0.8735210118319053,0.8912280701754386,0.818033416554638,0.6758680428311313,,,,
classical_ext,svc,6,rbf_gscale__svc_C10__d6,rbf_gscale,id_test,10.0,0.014767169952392578,0.884,0.8814430513522602,0.8824178141066187,0.8960573476702509,0.9609613937326864,0.937113445500463,,,,
classical_ext,svc,6,rbf_gscale__svc_C10__d6,rbf_gscale,ood_test,10.0,0.014767169952392578,0.898,0.8964694961910249,0.8967506832675372,0.9081081081081082,0.967159592855771,0.9610926255105022,,,,
classical_ext,svc,6,rbf_gscale__svc_C100__d6,rbf_gscale,id_test,100.0,0.019904613494873047,0.898,0.8964067829178075,0.8973095091394536,0.9057301293900185,0.9652687707162415,0.9604468269337414,,,,
classical_ext,svc,6,rbf_gscale__svc_C100__d6,rbf_gscale,ood_test,100.0,0.019904613494873047,0.904,0.9027591063312208,0.903180519920608,0.9120879120879121,0.9695602074130978,0.9551966674523233,,,,
classical_ext,svc,6,poly2__svc_C0.01__d6,poly2,id_test,0.01,0.02100062370300293,0.746,0.746193015324014,0.7459502062404231,0.7495069033530573,0.8952458727642472,0.9166069496449598,,,,
classical_ext,svc,6,poly2__svc_C0.01__d6,poly2,ood_test,0.01,0.02100062370300293,0.626,0.628240829652391,0.619570745600651,0.5701149425287356,0.6979546763971577,0.637932827365377,,,,
classical_ext,svc,6,poly2__svc_C0.1__d6,poly2,id_test,0.1,0.015007257461547852,0.87,0.8670397591711902,0.8677652324280338,0.8849557522123894,0.9174712974972379,0.8883283037686867,,,,
classical_ext,svc,6,poly2__svc_C0.1__d6,poly2,ood_test,0.1,0.015007257461547852,0.742,0.7420939760578709,0.7419907116656199,0.7435387673956262,0.7979162665642404,0.6571631773304398,,,,
classical_ext,svc,6,poly2__svc_C10__d6,poly2,id_test,10.0,0.021009445190429688,0.876,0.8725400714159901,0.8732230783072419,0.89198606271777,0.906166434484636,0.8283845496388185,,,,
classical_ext,svc,6,poly2__svc_C10__d6,poly2,ood_test,10.0,0.021009445190429688,0.878,0.8760162601626016,0.8756315267963088,0.8927943760984183,0.8562992125984252,0.7813944859065614,,,,
classical_ext,svc,6,poly2__svc_C100__d6,poly2,id_test,100.0,0.020999670028686523,0.876,0.8725400714159901,0.8732230783072419,0.89198606271777,0.958511472994828,0.9344826031998624,,,,
classical_ext,svc,6,poly2__svc_C100__d6,poly2,ood_test,100.0,0.020999670028686523,0.9,0.8983739837398375,0.8986360466436367,0.910394265232975,0.9696882401894884,0.9625466395959033,,,,
classical_ext,svc,6,poly3__svc_C0.01__d6,poly3,id_test,0.01,0.020704030990600586,0.74,0.7395718243102593,0.7396626027331421,0.749034749034749,0.8951337848873518,0.9166352599783132,,,,
classical_ext,svc,6,poly3__svc_C0.01__d6,poly3,ood_test,0.01,0.020704030990600586,0.526,0.5266148133922284,0.5255730157141427,0.511340206185567,0.7032360284232765,0.6255119814615357,,,,
classical_ext,svc,6,poly3__svc_C0.1__d6,poly3,id_test,0.1,0.019474267959594727,0.874,0.8705945461241613,0.8712556862071925,0.8900523560209425,0.9025315847624538,0.8541227767675704,,,,
classical_ext,svc,6,poly3__svc_C0.1__d6,poly3,ood_test,0.1,0.019474267959594727,0.802,0.801149094168107,0.80113373856519,0.8142589118198874,0.7922828244030473,0.6502908597125991,,,,
classical_ext,svc,6,poly3__svc_C10__d6,poly3,id_test,10.0,0.01535177230834961,0.876,0.8725400714159901,0.8732230783072419,0.89198606271777,0.9247409969416023,0.8609440013769811,,,,
classical_ext,svc,6,poly3__svc_C10__d6,poly3,ood_test,10.0,0.01535177230834961,0.9,0.8983739837398375,0.8986360466436367,0.910394265232975,0.9205716663465848,0.8900812755811925,,,,
classical_ext,svc,6,poly3__svc_C100__d6,poly3,id_test,100.0,0.01712179183959961,0.878,0.8745976845847144,0.87534280727998,0.893542757417103,0.9653328209316104,0.9541145530254931,,,,
classical_ext,svc,6,poly3__svc_C100__d6,poly3,ood_test,100.0,0.01712179183959961,0.902,0.9004065040650406,0.900709622250771,0.9120287253141831,0.9764899814352475,0.9724626804480861,,,,
classical_ext,svc,6,laplacian_med__svc_C0.01__d6,laplacian_med,id_test,0.01,0.025028228759765625,0.84,0.8390898464396086,0.8394966615305599,0.8484848484848485,0.9291284366943684,0.9185598797898519,,,,
classical_ext,svc,6,laplacian_med__svc_C0.01__d6,laplacian_med,ood_test,0.01,0.025028228759765625,0.646,0.6476698034696883,0.6428441710958025,0.609271523178808,0.7990525574547085,0.7355953086372156,,,,
classical_ext,svc,6,laplacian_med__svc_C0.1__d6,laplacian_med,id_test,0.1,0.015680789947509766,0.876,0.8725400714159901,0.8732230783072419,0.89198606271777,0.9419865174296649,0.9017744960496146,,,,
classical_ext,svc,6,laplacian_med__svc_C0.1__d6,laplacian_med,ood_test,0.1,0.015680789947509766,0.874,0.8720152359003905,0.8715538719371715,0.8892794376098418,0.8635490685615518,0.7694685555967243,,,,
classical_ext,svc,6,laplacian_med__svc_C10__d6,laplacian_med,id_test,10.0,0.015995502471923828,0.89,0.8888488575042834,0.8895187436473277,0.8968105065666041,0.963411314470545,0.9604846126233237,,,,
classical_ext,svc,6,laplacian_med__svc_C10__d6,laplacian_med,ood_test,10.0,0.015995502471923828,0.898,0.8967895781320019,0.8971670531303559,0.9064220183486239,0.9515075859420011,0.9410357434959264,,,,
classical_ext,svc,6,laplacian_med__svc_C100__d6,laplacian_med,id_test,100.0,0.018906831741333008,0.89,0.8896334726425518,0.8898409303033581,0.8940269749518305,0.948183375766601,0.9343142277050668,,,,
classical_ext,svc,6,laplacian_med__svc_C100__d6,laplacian_med,ood_test,100.0,0.018906831741333008,0.896,0.8955892708533384,0.8958333333333334,0.9,0.9476345944561808,0.9206986794197908,,,,
classical_ext,svc,6,matern15_med__svc_C0.01__d6,matern15_med,id_test,0.01,0.027837514877319336,0.748,0.742197883140382,0.734181701574657,0.7947882736156352,0.9255256120798707,0.939129555586315,,,,
classical_ext,svc,6,matern15_med__svc_C0.01__d6,matern15_med,ood_test,0.01,0.027837514877319336,0.706,0.7065968888035337,0.7058011215581733,0.6981519507186859,0.7553773766084118,0.6523104959677718,,,,
classical_ext,svc,6,matern15_med__svc_C0.1__d6,matern15_med,id_test,0.1,0.018996477127075195,0.876,0.8725400714159901,0.8732230783072419,0.89198606271777,0.9006421034090727,0.849606303957835,,,,
classical_ext,svc,6,matern15_med__svc_C0.1__d6,matern15_med,ood_test,0.1,0.018996477127075195,0.876,0.8739837398373984,0.8735210118319053,0.8912280701754386,0.8012771269444978,0.6561047142795907,,,,
classical_ext,svc,6,matern15_med__svc_C10__d6,matern15_med,id_test,10.0,0.015995264053344727,0.882,0.8794975260604314,0.8804462798529692,0.8940754039497307,0.962962962962963,0.9316487106469236,,,,
classical_ext,svc,6,matern15_med__svc_C10__d6,matern15_med,ood_test,10.0,0.015995264053344727,0.9,0.8984380001280328,0.8987296649167154,0.9100719424460432,0.963878752960758,0.9604137922981533,,,,
classical_ext,svc,6,matern15_med__svc_C100__d6,matern15_med,id_test,100.0,0.012032747268676758,0.904,0.9030279739315623,0.9036531513448414,0.909433962264151,0.9643560551472354,0.9602923968333587,,,,
classical_ext,svc,6,matern15_med__svc_C100__d6,matern15_med,ood_test,100.0,0.012032747268676758,0.918,0.9171147813840343,0.9175962214852779,0.9233644859813084,0.9709205556622496,0.9581986803597102,,,,
classical_ext,svc,6,matern25_med__svc_C0.01__d6,matern25_med,id_test,0.01,0.027570009231567383,0.754,0.7484828105234504,0.7417257757675784,0.7980295566502463,0.911898928760148,0.930251988514039,,,,
classical_ext,svc,6,matern25_med__svc_C0.01__d6,matern25_med,ood_test,0.01,0.027570009231567383,0.686,0.686911849433455,0.6853341670975786,0.6708595387840671,0.7305710261827028,0.634631640740062,,,,
classical_ext,svc,6,matern25_med__svc_C0.1__d6,matern25_med,id_test,0.1,0.018998384475708008,0.876,0.8725400714159901,0.8732230783072419,0.89198606271777,0.906999087284431,0.8623942742065417,,,,
classical_ext,svc,6,matern25_med__svc_C0.1__d6,matern25_med,ood_test,0.1,0.018998384475708008,0.876,0.8739837398373984,0.8735210118319053,0.8912280701754386,0.791482619550605,0.6476276793090876,,,,
classical_ext,svc,6,matern25_med__svc_C10__d6,matern25_med,id_test,10.0,0.013998270034790039,0.88,0.8768794735072296,0.8777386541471048,0.8943661971830986,0.9616819586555859,0.9339122352093335,,,,
classical_ext,svc,6,matern25_med__svc_C10__d6,matern25_med,ood_test,10.0,0.013998270034790039,0.9,0.8983739837398375,0.8986360466436367,0.910394265232975,0.9662153511298892,0.9629908585133861,,,,
classical_ext,svc,6,matern25_med__svc_C100__d6,matern25_med,id_test,100.0,0.014094352722167969,0.894,0.8921794687034635,0.8931343885472326,0.9027522935779817,0.9623544859169589,0.9454025364951884,,,,
classical_ext,svc,6,matern25_med__svc_C100__d6,matern25_med,ood_test,100.0,0.014094352722167969,0.906,0.9046635938800334,0.90508846966264,0.9143897996357013,0.9709045515652007,0.9599922786154457,,,,
classical_ext,svc,8,linear__svc_C0.01__d8,linear,id_test,0.01,0.01857733726501465,0.502,0.5155642023346303,0.3608009241432422,0.06037735849056604,0.8942210693183456,0.9139648696925158,,,,
classical_ext,svc,8,linear__svc_C0.01__d8,linear,ood_test,0.01,0.01857733726501465,0.506,0.5137795275590551,0.35970219671400205,0.05363984674329502,0.6907208245310801,0.6444559914647516,,,,
classical_ext,svc,8,linear__svc_C0.1__d8,linear,id_test,0.1,0.018661975860595703,0.76,0.7545435621527277,0.7482545649838883,0.8026315789473685,0.9214744359577909,0.9304523747740437,,,,
classical_ext,svc,8,linear__svc_C0.1__d8,linear,ood_test,0.1,0.018661975860595703,0.67,0.6712918507137827,0.6683750376846548,0.6451612903225806,0.8210581908968696,0.7107863900982763,,,,
classical_ext,svc,8,linear__svc_C10__d8,linear,id_test,10.0,0.015342235565185547,0.856,0.854429873020448,0.855072463768116,0.8666666666666667,0.8623720997261853,0.7737035718704751,,,,
classical_ext,svc,8,linear__svc_C10__d8,linear,ood_test,10.0,0.015342235565185547,0.668,0.6693873631649703,0.6660712274095173,0.6406926406926406,0.8002528647333716,0.6694297130045983,,,,
classical_ext,svc,8,linear__svc_C100__d8,linear,id_test,100.0,0.03627324104309082,0.856,0.854429873020448,0.855072463768116,0.8666666666666667,0.8569758690813598,0.7488377850771576,,,,
classical_ext,svc,8,linear__svc_C100__d8,linear,ood_test,100.0,0.03627324104309082,0.674,0.67548492414058,0.671793137053548,0.644880174291939,0.8026854874847961,0.6688938576463437,,,,
classical_ext,svc,8,rbf_gscale__svc_C0.01__d8,rbf_gscale,id_test,0.01,0.016515731811523438,0.854,0.8520359962210373,0.8526984434462914,0.8665447897623401,0.9405293750300235,0.9485115866948077,,,,
classical_ext,svc,8,rbf_gscale__svc_C0.01__d8,rbf_gscale,ood_test,0.01,0.016515731811523438,0.668,0.6693873631649703,0.6660712274095173,0.6406926406926406,0.7785513091351386,0.6646332828606408,,,,
classical_ext,svc,8,rbf_gscale__svc_C0.1__d8,rbf_gscale,id_test,0.1,0.012001514434814453,0.876,0.8725400714159901,0.8732230783072419,0.89198606271777,0.913564234359738,0.8754658889924535,,,,
classical_ext,svc,8,rbf_gscale__svc_C0.1__d8,rbf_gscale,ood_test,0.1,0.012001514434814453,0.876,0.8739837398373984,0.8735210118319053,0.8912280701754386,0.8062383970296396,0.6613600460791702,,,,
classical_ext,svc,8,rbf_gscale__svc_C10__d8,rbf_gscale,id_test,10.0,0.014728307723999023,0.886,0.8838369281516709,0.8848014745411259,0.896551724137931,0.9562056652415494,0.9223712154350134,,,,
classical_ext,svc,8,rbf_gscale__svc_C10__d8,rbf_gscale,ood_test,10.0,0.014728307723999023,0.894,0.8925324883170092,0.8927954496725204,0.9041591320072333,0.968199859163946,0.9661892194741699,,,,
classical_ext,svc,8,rbf_gscale__svc_C100__d8,rbf_gscale,id_test,100.0,0.015959739685058594,0.9,0.8986885718403228,0.8994788986103963,0.9067164179104478,0.9609133560711597,0.9513520795286388,,,,
classical_ext,svc,8,rbf_gscale__svc_C100__d8,rbf_gscale,ood_test,100.0,0.015959739685058594,0.914,0.9134978554509954,0.9138176381222667,0.9177820267686424,0.9678317649318227,0.9563311373925366,,,,
classical_ext,svc,8,poly2__svc_C0.01__d8,poly2,id_test,0.01,0.01986527442932129,0.794,0.7991625434340524,0.7884480301019968,0.7541766109785203,0.8961105506717266,0.9168299051863498,,,,
classical_ext,svc,8,poly2__svc_C0.01__d8,poly2,ood_test,0.01,0.01986527442932129,0.662,0.6648261955060495,0.6524221446170679,0.5947242206235012,0.7025158440560785,0.648401469198459,,,,
classical_ext,svc,8,poly2__svc_C0.1__d8,poly2,id_test,0.1,0.013878345489501953,0.866,0.8630366207106371,0.8636964703488963,0.8814159292035398,0.9163664312821252,0.8508714168696562,,,,
classical_ext,svc,8,poly2__svc_C0.1__d8,poly2,ood_test,0.1,0.013878345489501953,0.702,0.7027238973177133,0.7016551133109875,0.6915113871635611,0.8055342167594904,0.6706977130379798,,,,
classical_ext,svc,8,poly2__svc_C10__d8,poly2,id_test,10.0,0.011907100677490234,0.876,0.8725400714159901,0.8732230783072419,0.89198606271777,0.8913708347344318,0.8125955110422609,,,,
classical_ext,svc,8,poly2__svc_C10__d8,poly2,ood_test,10.0,0.011907100677490234,0.878,0.8760162601626016,0.8756315267963088,0.8927943760984183,0.8664138019332949,0.7892170644716592,,,,
classical_ext,svc,8,poly2__svc_C100__d8,poly2,id_test,100.0,0.01900172233581543,0.878,0.8745976845847144,0.87534280727998,0.893542757417103,0.9487758402587629,0.9076830921447362,,,,
classical_ext,svc,8,poly2__svc_C100__d8,poly2,ood_test,100.0,0.01900172233581543,0.9,0.8983739837398375,0.8986360466436367,0.910394265232975,0.9637187119902696,0.9561608639401773,,,,
classical_ext,svc,8,poly3__svc_C0.01__d8,poly3,id_test,0.01,0.02438974380493164,0.746,0.746193015324014,0.7459502062404231,0.7495069033530573,0.8961746008870954,0.9168530239025551,,,,
classical_ext,svc,8,poly3__svc_C0.01__d8,poly3,ood_test,0.01,0.02438974380493164,0.628,0.6302733499775943,0.6214033316506815,0.5714285714285714,0.7061327699891173,0.6330976243889672,,,,
classical_ext,svc,8,poly3__svc_C0.1__d8,poly3,id_test,0.1,0.016997337341308594,0.874,0.8707066340010569,0.8714070517923407,0.8896672504378283,0.9060223215000561,0.8255810020631731,,,,
classical_ext,svc,8,poly3__svc_C0.1__d8,poly3,ood_test,0.1,0.016997337341308594,0.75,0.7499679918059023,0.7499509903941173,0.7534516765285996,0.7979322706612892,0.6586434697097739,,,,
classical_ext,svc,8,poly3__svc_C10__d8,poly3,id_test,10.0,0.01569080352783203,0.876,0.8725400714159901,0.8732230783072419,0.89198606271777,0.9200333061119919,0.8632294049149027,,,,
classical_ext,svc,8,poly3__svc_C10__d8,poly3,ood_test,10.0,0.01569080352783203,0.878,0.8760162601626016,0.8756315267963088,0.8927943760984183,0.9289258050060815,0.887260018570129,,,,
classical_ext,svc,8,poly3__svc_C100__d8,poly3,id_test,100.0,0.015008687973022461,0.882,0.8788249987990584,0.8797091816554463,0.8963093145869947,0.9540119453651663,0.9162303933991985,,,,
classical_ext,svc,8,poly3__svc_C100__d8,poly3,ood_test,100.0,0.015008687973022461,0.9,0.8984380001280328,0.8987296649167154,0.9100719424460432,0.96675949042955,0.955976637415938,,,,
classical_ext,svc,8,laplacian_med__svc_C0.01__d8,laplacian_med,id_test,0.01,0.02365875244140625,0.85,0.8533009879745721,0.8486627843626282,0.8344370860927153,0.9073193383612752,0.9019533650846354,,,,
classical_ext,svc,8,laplacian_med__svc_C0.01__d8,laplacian_med,ood_test,0.01,0.02365875244140625,0.628,0.6302733499775943,0.6214033316506815,0.5714285714285714,0.8263235388259395,0.7785161624038052,,,,
classical_ext,svc,8,laplacian_med__svc_C0.1__d8,laplacian_med,id_test,0.1,0.0198214054107666,0.876,0.8725400714159901,0.8732230783072419,0.89198606271777,0.9250612480184465,0.8664111107459173,,,,
classical_ext,svc,8,laplacian_med__svc_C0.1__d8,laplacian_med,ood_test,0.1,0.0198214054107666,0.876,0.8739837398373984,0.8735210118319053,0.8912280701754386,0.8762243134242367,0.8277114065786981,,,,
classical_ext,svc,8,laplacian_med__svc_C10__d8,laplacian_med,id_test,10.0,0.01514291763305664,0.892,0.8910185585499031,0.8916097952629466,0.8981132075471698,0.9526348657347361,0.9279912400725144,,,,
classical_ext,svc,8,laplacian_med__svc_C10__d8,laplacian_med,ood_test,10.0,0.01514291763305664,0.906,0.9053037577619871,0.9056827166588404,0.9111531190926276,0.957093015812048,0.9475782975649186,,,,
classical_ext,svc,8,laplacian_med__svc_C100__d8,laplacian_med,id_test,100.0,0.019759654998779297,0.904,0.9037005011929353,0.9038754225476218,0.9073359073359073,0.9574226193335575,0.9526983583050228,,,,
classical_ext,svc,8,laplacian_med__svc_C100__d8,laplacian_med,ood_test,100.0,0.019759654998779297,0.908,0.9076563600281673,0.9078806132748041,0.9111969111969112,0.952867934191153,0.9339536877587937,,,,
classical_ext,svc,8,matern15_med__svc_C0.01__d8,matern15_med,id_test,0.01,0.02086043357849121,0.75,0.7472818689852845,0.7464698461376202,0.776386404293381,0.9053497942386831,0.9237210601317135,,,,
classical_ext,svc,8,matern15_med__svc_C0.01__d8,matern15_med,ood_test,0.01,0.02086043357849121,0.638,0.6399238204980475,0.633566150420083,0.5932584269662922,0.738381025542539,0.643335373350014,,,,
classical_ext,svc,8,matern15_med__svc_C0.1__d8,matern15_med,id_test,0.1,0.013002395629882812,0.876,0.8725400714159901,0.8732230783072419,0.89198606271777,0.9143648620518486,0.8739709750821485,,,,
classical_ext,svc,8,matern15_med__svc_C0.1__d8,matern15_med,ood_test,0.1,0.013002395629882812,0.876,0.8739837398373984,0.8735210118319053,0.8912280701754386,0.7965559183150888,0.6531082741257509,,,,
classical_ext,svc,8,matern15_med__svc_C10__d8,matern15_med,id_test,10.0,0.012368440628051758,0.886,0.8841731917823574,0.885069059380986,0.8954128440366973,0.9545883973034859,0.926680220025533,,,,
classical_ext,svc,8,matern15_med__svc_C10__d8,matern15_med,ood_test,10.0,0.012368440628051758,0.894,0.8925324883170092,0.8927954496725204,0.9041591320072333,0.96717559695282,0.9654824216829938,,,,
classical_ext,svc,8,matern15_med__svc_C100__d8,matern15_med,id_test,100.0,0.017101049423217773,0.898,0.8973034859329715,0.8977443609022556,0.9028571428571428,0.9544602968727482,0.9348142427691831,,,,
classical_ext,svc,8,matern15_med__svc_C100__d8,matern15_med,ood_test,100.0,0.017101049423217773,0.918,0.9174348633250111,0.9177944862155388,0.9219047619047619,0.9606939376480379,0.9470433574258723,,,,
classical_ext,svc,8,matern25_med__svc_C0.01__d8,matern25_med,id_test,0.01,0.018996477127075195,0.746,0.7426062032633585,0.7407729456766234,0.7775831873905429,0.9013626683319722,0.9215082549132333,,,,
classical_ext,svc,8,matern25_med__svc_C0.01__d8,matern25_med,ood_test,0.01,0.018996477127075195,0.638,0.6398598041098521,0.6338863469948339,0.5950782997762863,0.7253536905447795,0.6331246012249254,,,,
classical_ext,svc,8,matern25_med__svc_C0.1__d8,matern25_med,id_test,0.1,0.013103723526000977,0.876,0.8725400714159901,0.8732230783072419,0.89198606271777,0.9128276568829963,0.8759285500076315,,,,
classical_ext,svc,8,matern25_med__svc_C0.1__d8,matern25_med,ood_test,0.1,0.013103723526000977,0.876,0.8739837398373984,0.8735210118319053,0.8912280701754386,0.7904743614365277,0.646785268478935,,,,
classical_ext,svc,8,matern25_med__svc_C10__d8,matern25_med,id_test,10.0,0.01416158676147461,0.886,0.8830523130134025,0.8840402807445835,0.8991150442477877,0.9568141422875535,0.9314939668904999,,,,
classical_ext,svc,8,matern25_med__svc_C10__d8,matern25_med,ood_test,10.0,0.01416158676147461,0.898,0.8964054798028296,0.8966569537712107,0.9084380610412927,0.9678477690288715,0.9673534951854333,,,,
classical_ext,svc,8,matern25_med__svc_C100__d8,matern25_med,id_test,100.0,0.016994476318359375,0.896,0.8946854333797698,0.8954580545548122,0.9029850746268657,0.9544763094265905,0.93660639814126,,,,
classical_ext,svc,8,matern25_med__svc_C100__d8,matern25_med,ood_test,100.0,0.016994476318359375,0.92,0.9193393508738237,0.9197483307652798,0.9242424242424242,0.9678317649318224,0.956897832090303,,,,
classical_ext,svc,10,linear__svc_C0.01__d10,linear,id_test,0.01,0.022602558135986328,0.486,0.5,0.32705248990578734,0.0,0.8941890442106611,0.914897839396761,,,,
classical_ext,svc,10,linear__svc_C0.01__d10,linear,ood_test,0.01,0.022602558135986328,0.492,0.5,0.3297587131367292,0.0,0.7109980154919658,0.6641595590318015,,,,
classical_ext,svc,10,linear__svc_C0.1__d10,linear,id_test,0.1,0.019000768661499023,0.764,0.7583225248594898,0.751532915571727,0.8071895424836601,0.9187523018046149,0.9253332479305377,,,,
classical_ext,svc,10,linear__svc_C0.1__d10,linear,ood_test,0.1,0.019000768661499023,0.726,0.7263459445618078,0.725972597259726,0.7232323232323232,0.848393188656296,0.803768710782342,,,,
classical_ext,svc,10,linear__svc_C10__d10,linear,id_test,10.0,0.013563394546508789,0.862,0.860154361019039,0.8608730718822462,0.8733944954128441,0.8561111911738803,0.7399609299706383,,,,
classical_ext,svc,10,linear__svc_C10__d10,linear,ood_test,10.0,0.013563394546508789,0.728,0.7285064976634018,0.727891156462585,0.7224489795918367,0.8551469176109083,0.8002847094789959,,,,
classical_ext,svc,10,linear__svc_C100__d10,linear,id_test,100.0,0.026291370391845703,0.854,0.8514755568365598,0.8520776004960466,0.8689407540394973,0.8617796352340236,0.7554297307505399,,,,
classical_ext,svc,10,linear__svc_C100__d10,linear,ood_test,100.0,0.026291370391845703,0.802,0.8020453236028424,0.801980198019802,0.803960396039604,0.8766884322386531,0.8264819883586216,,,,
classical_ext,svc,10,rbf_gscale__svc_C0.01__d10,rbf_gscale,id_test,0.01,0.020610570907592773,0.804,0.8035099518022129,0.8036858974358974,0.8115384615384615,0.913932523098109,0.9307902756046357,,,,
classical_ext,svc,10,rbf_gscale__svc_C0.01__d10,rbf_gscale,ood_test,0.01,0.020610570907592773,0.636,0.638019332949235,0.6310352097828379,0.5882352941176471,0.795803725753793,0.7399825702517139,,,,
classical_ext,svc,10,rbf_gscale__svc_C0.1__d10,rbf_gscale,id_test,0.1,0.014180183410644531,0.876,0.8725400714159901,0.8732230783072419,0.89198606271777,0.9174552849433957,0.9003615540582565,,,,
classical_ext,svc,10,rbf_gscale__svc_C0.1__d10,rbf_gscale,ood_test,0.1,0.014180183410644531,0.874,0.8720152359003905,0.8715538719371715,0.8892794376098418,0.8600281672108059,0.7605555097414591,,,,
classical_ext,svc,10,rbf_gscale__svc_C10__d10,rbf_gscale,id_test,10.0,0.011998891830444336,0.88,0.8774399128917071,0.8783632559723642,0.8924731182795699,0.9581591968102995,0.935462661880375,,,,
classical_ext,svc,10,rbf_gscale__svc_C10__d10,rbf_gscale,ood_test,10.0,0.011998891830444336,0.932,0.9312143908840663,0.9317203264571685,0.9360902255639098,0.964582933230907,0.9440546149121479,,,,
classical_ext,svc,10,rbf_gscale__svc_C100__d10,rbf_gscale,id_test,100.0,0.016728878021240234,0.89,0.8888488575042834,0.8895187436473277,0.8968105065666041,0.9669661014235161,0.9687808021251104,,,,
classical_ext,svc,10,rbf_gscale__svc_C100__d10,rbf_gscale,ood_test,100.0,0.016728878021240234,0.922,0.921563920363613,0.921862164858811,0.9251439539347409,0.947218487932911,0.9305739406173894,,,,
classical_ext,svc,10,poly2__svc_C0.01__d10,poly2,id_test,0.01,0.01999831199645996,0.522,0.5350194552529183,0.4006269592476489,0.13090909090909092,0.8954220108565115,0.9165308221319982,,,,
classical_ext,svc,10,poly2__svc_C0.01__d10,poly2,ood_test,0.01,0.01999831199645996,0.506,0.5137795275590551,0.35970219671400205,0.05363984674329502,0.7161193265475962,0.6668524865608964,,,,
classical_ext,svc,10,poly2__svc_C0.1__d10,poly2,id_test,0.1,0.01700878143310547,0.866,0.8631487085875327,0.8638382967999968,0.8809946714031972,0.9054298570078942,0.8376882910882856,,,,
classical_ext,svc,10,poly2__svc_C0.1__d10,poly2,ood_test,0.1,0.01700878143310547,0.764,0.7638115357531527,0.7638639856557377,0.76953125,0.8518020613276999,0.7712888276793199,,,,
classical_ext,svc,10,poly2__svc_C10__d10,poly2,id_test,10.0,0.016000986099243164,0.876,0.8725400714159901,0.8732230783072419,0.89198606271777,0.8767833981841764,0.7916490366344933,,,,
classical_ext,svc,10,poly2__svc_C10__d10,poly2,ood_test,10.0,0.016000986099243164,0.878,0.8760162601626016,0.8756315267963088,0.8927943760984183,0.9439536521349466,0.9015294489836996,,,,
classical_ext,svc,10,poly2__svc_C100__d10,poly2,id_test,100.0,0.017365217208862305,0.878,0.8745976845847144,0.87534280727998,0.893542757417103,0.9417623416758739,0.903889829757115,,,,
classical_ext,svc,10,poly2__svc_C100__d10,poly2,ood_test,100.0,0.017365217208862305,0.926,0.9247967479674797,0.925395705212219,0.9321100917431193,0.9546603930606237,0.9170351408518274,,,,
classical_ext,svc,10,poly3__svc_C0.01__d10,poly3,id_test,0.01,0.020999670028686523,0.85,0.8533009879745721,0.8486627843626282,0.8344370860927153,0.8954860610718804,0.9165791752588011,,,,
classical_ext,svc,10,poly3__svc_C0.01__d10,poly3,ood_test,0.01,0.020999670028686523,0.65,0.65263107355483,0.6414977608974437,0.5862884160756501,0.7176077075731387,0.6656074185434452,,,,
classical_ext,svc,10,poly3__svc_C0.1__d10,poly3,id_test,0.1,0.0170443058013916,0.866,0.8629245328337416,0.8635499020410491,0.8818342151675485,0.8940289186722392,0.8201042142271013,,,,
classical_ext,svc,10,poly3__svc_C0.1__d10,poly3,ood_test,0.1,0.0170443058013916,0.808,0.8071186223673261,0.8071080677050682,0.8202247191011236,0.848601241917931,0.7603412495922423,,,,
classical_ext,svc,10,poly3__svc_C10__d10,poly3,id_test,10.0,0.017993927001953125,0.876,0.8725400714159901,0.8732230783072419,0.89198606271777,0.9231877792189076,0.8861150473122982,,,,
classical_ext,svc,10,poly3__svc_C10__d10,poly3,ood_test,10.0,0.017993927001953125,0.884,0.8821138211382114,0.8819429743856964,0.8975265017667845,0.9507393892836566,0.9123862670037821,,,,
classical_ext,svc,10,poly3__svc_C100__d10,poly3,id_test,100.0,0.01699972152709961,0.878,0.8749339482154008,0.875769313798567,0.892416225749559,0.947046484443804,0.9134146525985948,,,,
classical_ext,svc,10,poly3__svc_C100__d10,poly3,ood_test,100.0,0.01699972152709961,0.94,0.9390884066320978,0.9396873391662377,0.9440298507462687,0.9589174828756162,0.9287678513315771,,,,
classical_ext,svc,10,laplacian_med__svc_C0.01__d10,laplacian_med,id_test,0.01,0.025995969772338867,0.85,0.8533009879745721,0.8486627843626282,0.8344370860927153,0.8994091367632223,0.9018959278875145,,,,
classical_ext,svc,10,laplacian_med__svc_C0.01__d10,laplacian_med,ood_test,0.01,0.025995969772338867,0.628,0.6302733499775943,0.6214033316506815,0.5714285714285714,0.8389987836886242,0.817325591691492,,,,
classical_ext,svc,10,laplacian_med__svc_C0.1__d10,laplacian_med,id_test,0.1,0.017000913619995117,0.876,0.8725400714159901,0.8732230783072419,0.89198606271777,0.9235240428495941,0.8767180462109045,,,,
classical_ext,svc,10,laplacian_med__svc_C0.1__d10,laplacian_med,ood_test,0.1,0.017000913619995117,0.876,0.8739837398373984,0.8735210118319053,0.8912280701754386,0.9143460725945842,0.8761082853473708,,,,
classical_ext,svc,10,laplacian_med__svc_C10__d10,laplacian_med,id_test,10.0,0.015999555587768555,0.892,0.8910185585499031,0.8916097952629466,0.8981132075471698,0.9591679877023586,0.9452465678632642,,,,
classical_ext,svc,10,laplacian_med__svc_C10__d10,laplacian_med,ood_test,10.0,0.015999555587768555,0.922,0.921563920363613,0.921862164858811,0.9251439539347409,0.9715127072530568,0.9643675881618581,,,,
classical_ext,svc,10,laplacian_med__svc_C100__d10,laplacian_med,id_test,100.0,0.014991044998168945,0.892,0.891915261565067,0.891915261565067,0.8949416342412452,0.9629789755168052,0.9624557475704937,,,,
classical_ext,svc,10,laplacian_med__svc_C100__d10,laplacian_med,ood_test,100.0,0.014991044998168945,0.926,0.925885026566801,0.9259641666566618,0.9275929549902152,0.9694801869278535,0.9522206821613055,,,,
classical_ext,svc,10,matern15_med__svc_C0.01__d10,matern15_med,id_test,0.01,0.020354032516479492,0.85,0.8529647243438856,0.8489845722639024,0.8366013071895425,0.9005300155321773,0.9195625609864068,,,,
classical_ext,svc,10,matern15_med__svc_C0.01__d10,matern15_med,ood_test,0.01,0.020354032516479492,0.628,0.6302733499775943,0.6214033316506815,0.5714285714285714,0.7588662697650599,0.7134903043547693,,,,
classical_ext,svc,10,matern15_med__svc_C0.1__d10,matern15_med,id_test,0.1,0.015717267990112305,0.876,0.8725400714159901,0.8732230783072419,0.89198606271777,0.9095931210068695,0.8825626453469024,,,,
classical_ext,svc,10,matern15_med__svc_C0.1__d10,matern15_med,ood_test,0.1,0.015717267990112305,0.874,0.8720152359003905,0.8715538719371715,0.8892794376098418,0.8548428397669803,0.765416670636786,,,,
classical_ext,svc,10,matern15_med__svc_C10__d10,matern15_med,id_test,10.0,0.012012243270874023,0.882,0.8797217018142224,0.8806590854845039,0.8933092224231465,0.953611631519111,0.9282128100403941,,,,
classical_ext,svc,10,matern15_med__svc_C10__d10,matern15_med,ood_test,10.0,0.012012243270874023,0.932,0.9312143908840663,0.9317203264571685,0.9360902255639098,0.9665194289738173,0.9518208096632622,,,,
classical_ext,svc,10,matern15_med__svc_C100__d10,matern15_med,id_test,100.0,0.024660587310791016,0.882,0.8812909320907591,0.8817042606516291,0.8876190476190476,0.945317128628845,0.9118318589397679,,,,
classical_ext,svc,10,matern15_med__svc_C100__d10,matern15_med,ood_test,100.0,0.024660587310791016,0.922,0.9213718711990269,0.9217718868219729,0.9259962049335864,0.9619422572178479,0.945772072950951,,,,
classical_ext,svc,10,matern25_med__svc_C0.01__d10,matern25_med,id_test,0.01,0.022565364837646484,0.752,0.7519175033226049,0.7518570696721312,0.7578125,0.8994251493170645,0.9194547922233643,,,,
classical_ext,svc,10,matern25_med__svc_C0.01__d10,matern25_med,ood_test,0.01,0.022565364837646484,0.628,0.6302733499775943,0.6214033316506815,0.5714285714285714,0.7380129313104156,0.6769178444935929,,,,
classical_ext,svc,10,matern25_med__svc_C0.1__d10,matern25_med,id_test,0.1,0.01700735092163086,0.876,0.8725400714159901,0.8732230783072419,0.89198606271777,0.9121070919600966,0.8873958384915074,,,,
classical_ext,svc,10,matern25_med__svc_C0.1__d10,matern25_med,ood_test,0.1,0.01700735092163086,0.876,0.8739837398373984,0.8735210118319053,0.8912280701754386,0.8388067345240382,0.7337997275036028,,,,
classical_ext,svc,10,matern25_med__svc_C10__d10,matern25_med,id_test,10.0,0.0169980525970459,0.878,0.8749339482154008,0.875769313798567,0.892416225749559,0.9561256024723382,0.9320627065798133,,,,
classical_ext,svc,10,matern25_med__svc_C10__d10,matern25_med,ood_test,10.0,0.0169980525970459,0.934,0.9330548620446835,0.933636593988682,0.9385474860335196,0.9645029127456628,0.9426389661087622,,,,
classical_ext,svc,10,matern25_med__svc_C100__d10,matern25_med,id_test,100.0,0.01920151710510254,0.89,0.8886246817504924,0.8893943233144701,0.8975791433891993,0.9592640630254119,0.944317562390424,,,,
classical_ext,svc,10,matern25_med__svc_C100__d10,matern25_med,ood_test,100.0,0.01920151710510254,0.926,0.9254369118494334,0.9258145363408521,0.9295238095238095,0.9586774214198834,0.9426319247923716,,,,
classical_ext,svc,12,linear__svc_C0.01__d12,linear,id_test,0.01,0.021991729736328125,0.486,0.5,0.32705248990578734,0.0,0.8941089814414502,0.9150373028381158,,,,
classical_ext,svc,12,linear__svc_C0.01__d12,linear,ood_test,0.01,0.021991729736328125,0.492,0.5,0.3297587131367292,0.0,0.7237212726457973,0.7100984387953494,,,,
classical_ext,svc,12,linear__svc_C0.1__d12,linear,id_test,0.1,0.0190432071685791,0.752,0.7467614609854125,0.7407853368118269,0.7947019867549668,0.9255736497413973,0.9355312926697458,,,,
classical_ext,svc,12,linear__svc_C0.1__d12,linear,ood_test,0.1,0.0190432071685791,0.682,0.6831028743358301,0.6809266372075662,0.6624203821656051,0.8469528199219,0.8166355428936397,,,,
classical_ext,svc,12,linear__svc_C10__d12,linear,id_test,10.0,0.01371002197265625,0.85,0.8480328577604842,0.8486627843626282,0.8628884826325411,0.8567677058814112,0.735921330513011,,,,
classical_ext,svc,12,linear__svc_C10__d12,linear,ood_test,10.0,0.01371002197265625,0.708,0.7092695730106907,0.7066435196347913,0.6866952789699571,0.843976057870815,0.8199432948503109,,,,
classical_ext,svc,12,linear__svc_C100__d12,linear,id_test,100.0,0.020262956619262695,0.85,0.8475845062529023,0.8481627695110842,0.8648648648648649,0.8998735008246466,0.8862850145508817,,,,
classical_ext,svc,12,linear__svc_C100__d12,linear,ood_test,100.0,0.020262956619262695,0.822,0.8219224121375072,0.8219423093082159,0.825147347740668,0.8974297420139556,0.8832945508877486,,,,
classical_ext,svc,12,rbf_gscale__svc_C0.01__d12,rbf_gscale,id_test,0.01,0.017004966735839844,0.76,0.7592512529823381,0.7594457630380396,0.7709923664122137,0.8994731869785912,0.918638083441156,,,,
classical_ext,svc,12,rbf_gscale__svc_C0.01__d12,rbf_gscale,ood_test,0.01,0.017004966735839844,0.628,0.6302733499775943,0.6214033316506815,0.5714285714285714,0.8017412457589144,0.7710849953556548,,,,
classical_ext,svc,12,rbf_gscale__svc_C0.1__d12,rbf_gscale,id_test,0.1,0.018001794815063477,0.876,0.8725400714159901,0.8732230783072419,0.89198606271777,0.9138684728827402,0.8820173941375207,,,,
classical_ext,svc,12,rbf_gscale__svc_C0.1__d12,rbf_gscale,ood_test,0.1,0.018001794815063477,0.874,0.8720152359003905,0.8715538719371715,0.8892794376098418,0.8744638627488637,0.7889683646644978,,,,
classical_ext,svc,12,rbf_gscale__svc_C10__d12,rbf_gscale,id_test,10.0,0.012009620666503906,0.888,0.8856703655666043,0.8866782146962167,0.8989169675090253,0.9613456950248996,0.9529183175230399,,,,
classical_ext,svc,12,rbf_gscale__svc_C10__d12,rbf_gscale,ood_test,10.0,0.012009620666503906,0.926,0.9253088790730426,0.9257502237527041,0.9300567107750473,0.9660553101594007,0.9445765995118579,,,,
classical_ext,svc,12,rbf_gscale__svc_C100__d12,rbf_gscale,id_test,100.0,0.017000198364257812,0.888,0.8869033322124547,0.8875393612235718,0.8947368421052632,0.9618741093016925,0.949383719270434,,,,
classical_ext,svc,12,rbf_gscale__svc_C100__d12,rbf_gscale,ood_test,100.0,0.017000198364257812,0.92,0.919723449202996,0.9199179960279327,0.9224806201550387,0.9503072786633379,0.9392945153045027,,,,
classical_ext,svc,12,poly2__svc_C0.01__d12,poly2,id_test,0.01,0.02200460433959961,0.486,0.5,0.32705248990578734,0.0,0.895309922979616,0.9163936515904614,,,,
classical_ext,svc,12,poly2__svc_C0.01__d12,poly2,ood_test,0.01,0.02200460433959961,0.492,0.5,0.3297587131367292,0.0,0.7270341207349081,0.7009447419151542,,,,
classical_ext,svc,12,poly2__svc_C0.1__d12,poly2,id_test,0.1,0.020999431610107422,0.862,0.8593697458807705,0.8600513550679664,0.8765652951699463,0.9142047365134265,0.87251408235736,,,,
classical_ext,svc,12,poly2__svc_C0.1__d12,poly2,ood_test,0.1,0.020999431610107422,0.744,0.7440624799948787,0.7439836149513569,0.746031746031746,0.8557870814928622,0.7864777332664822,,,,
classical_ext,svc,12,poly2__svc_C10__d12,poly2,id_test,10.0,0.016000986099243164,0.876,0.8725400714159901,0.8732230783072419,0.89198606271777,0.884293285936174,0.7954154101731137,,,,
classical_ext,svc,12,poly2__svc_C10__d12,poly2,ood_test,10.0,0.016000986099243164,0.878,0.8760162601626016,0.8756315267963088,0.8927943760984183,0.9409288777927148,0.879532612458882,,,,
classical_ext,svc,12,poly2__svc_C100__d12,poly2,id_test,100.0,0.021999359130859375,0.872,0.8686490208323325,0.8692895889157571,0.8881118881118881,0.9448047269058942,0.9262784998830574,,,,
classical_ext,svc,12,poly2__svc_C100__d12,poly2,ood_test,100.0,0.021999359130859375,0.932,0.9308943089430894,0.9315167824167325,0.9372693726937269,0.9627904743614364,0.9328816001435317,,,,
classical_ext,svc,12,poly3__svc_C0.01__d12,poly3,id_test,0.01,0.01900029182434082,0.718,0.72568093385214,0.6985517657169978,0.6219839142091153,0.8955180861795649,0.9165851555435048,,,,
classical_ext,svc,12,poly3__svc_C0.01__d12,poly3,ood_test,0.01,0.01900029182434082,0.636,0.6400678573714871,0.6129570084554008,0.5185185185185185,0.7293067025158441,0.7064052612997886,,,,
classical_ext,svc,12,poly3__svc_C0.1__d12,poly3,id_test,0.1,0.01000213623046875,0.864,0.8610910954188083,0.8617346606805909,0.8794326241134752,0.8967190277177308,0.8215038090148474,,,,
classical_ext,svc,12,poly3__svc_C0.1__d12,poly3,ood_test,0.1,0.01000213623046875,0.778,0.777591063312208,0.7776789684304135,0.7861271676300579,0.8552429421932014,0.7763445186946525,,,,
classical_ext,svc,12,poly3__svc_C10__d12,poly3,id_test,10.0,0.01732182502746582,0.876,0.8725400714159901,0.8732230783072419,0.89198606271777,0.9129877824214184,0.8628972746610819,,,,
classical_ext,svc,12,poly3__svc_C10__d12,poly3,ood_test,10.0,0.01732182502746582,0.906,0.9044715447154472,0.9048486688936127,0.9153153153153153,0.953572114461302,0.9100080298101094,,,,
classical_ext,svc,12,poly3__svc_C100__d12,poly3,id_test,100.0,0.01799774169921875,0.88,0.8771036492610207,0.8780011711887565,0.8936170212765957,0.9513058237658324,0.9313912929651833,,,,
classical_ext,svc,12,poly3__svc_C100__d12,poly3,ood_test,100.0,0.01799774169921875,0.936,0.9350873823698866,0.9356664951106537,0.9402985074626866,0.9650150438512258,0.9376072622298008,,,,
classical_ext,svc,12,laplacian_med__svc_C0.01__d12,laplacian_med,id_test,0.01,0.019996166229248047,0.852,0.8553586011432963,0.8506233447451714,0.8362831858407079,0.8997293878400666,0.9077740766139346,,,,
classical_ext,svc,12,laplacian_med__svc_C0.01__d12,laplacian_med,ood_test,0.01,0.019996166229248047,0.644,0.6467895781320018,0.634160377513606,0.5741626794258373,0.8445682094616221,0.827042529682994,,,,
classical_ext,svc,12,laplacian_med__svc_C0.1__d12,laplacian_med,id_test,0.1,0.010935544967651367,0.876,0.8725400714159901,0.8732230783072419,0.89198606271777,0.9400650109685995,0.9297619230588053,,,,
classical_ext,svc,12,laplacian_med__svc_C0.1__d12,laplacian_med,ood_test,0.1,0.010935544967651367,0.876,0.8741117726137891,0.8738011105502271,0.8904593639575972,0.9380801485180206,0.9034236354964509,,,,
classical_ext,svc,12,laplacian_med__svc_C10__d12,laplacian_med,id_test,10.0,0.010366201400756836,0.88,0.8790091431682439,0.8795664391810518,0.8867924528301887,0.9547164977342236,0.9397891864558241,,,,
classical_ext,svc,12,laplacian_med__svc_C10__d12,laplacian_med,ood_test,10.0,0.010366201400756836,0.922,0.921563920363613,0.921862164858811,0.9251439539347409,0.9729690800845017,0.963647650299319,,,,
classical_ext,svc,12,laplacian_med__svc_C100__d12,laplacian_med,id_test,100.0,0.015054941177368164,0.898,0.8976397495636579,0.8978524990085683,0.9017341040462428,0.9586876110870923,0.951523937349948,,,,
classical_ext,svc,12,laplacian_med__svc_C100__d12,laplacian_med,ood_test,100.0,0.015054941177368164,0.934,0.9340151078676141,0.933987061464047,0.9349112426035503,0.9687119902695089,0.949951250768019,,,,
classical_ext,svc,12,matern15_med__svc_C0.01__d12,matern15_med,id_test,0.01,0.022006511688232422,0.85,0.8533009879745721,0.8486627843626282,0.8344370860927153,0.8994891995324334,0.9186381554472176,,,,
classical_ext,svc,12,matern15_med__svc_C0.01__d12,matern15_med,ood_test,0.01,0.022006511688232422,0.628,0.6302733499775943,0.6214033316506815,0.5714285714285714,0.7814320466039306,0.7658690864424392,,,,
classical_ext,svc,12,matern15_med__svc_C0.1__d12,matern15_med,id_test,0.1,0.012964725494384766,0.876,0.8725400714159901,0.8732230783072419,0.89198606271777,0.9095771084530272,0.875083411477481,,,,
classical_ext,svc,12,matern15_med__svc_C0.1__d12,matern15_med,ood_test,0.1,0.012964725494384766,0.872,0.8700467319633827,0.8695878977569118,0.8873239436619719,0.8703027975161641,0.7926988715191154,,,,
classical_ext,svc,12,matern15_med__svc_C10__d12,matern15_med,id_test,10.0,0.00992727279663086,0.884,0.8820034907367376,0.8829209999354046,0.8941605839416058,0.9582712846871947,0.9448068278457168,,,,
classical_ext,svc,12,matern15_med__svc_C10__d12,matern15_med,ood_test,10.0,0.00992727279663086,0.922,0.9214358875872224,0.9218045112781954,0.9257142857142857,0.9705204532360283,0.9501977588993938,,,,
classical_ext,svc,12,matern15_med__svc_C100__d12,matern15_med,id_test,100.0,0.012653350830078125,0.872,0.8717874813854061,0.8718687936446922,0.875968992248062,0.9380794542921651,0.8905622427669443,,,,
classical_ext,svc,12,matern15_med__svc_C100__d12,matern15_med,ood_test,100.0,0.012653350830078125,0.928,0.9274694321746366,0.9278337289114119,0.9312977099236641,0.9678797772229693,0.948806563963857,,,,
classical_ext,svc,12,matern25_med__svc_C0.01__d12,matern25_med,id_test,0.01,0.013632535934448242,0.848,0.8512433748058479,0.8467024898742961,0.8325991189427313,0.8976157307328946,0.9179312423084299,,,,
classical_ext,svc,12,matern25_med__svc_C0.01__d12,matern25_med,ood_test,0.01,0.013632535934448242,0.628,0.6302733499775943,0.6214033316506815,0.5714285714285714,0.7603706548876512,0.7289855024492964,,,,
classical_ext,svc,12,matern25_med__svc_C0.1__d12,matern25_med,id_test,0.1,0.014000892639160156,0.876,0.8725400714159901,0.8732230783072419,0.89198606271777,0.9055419448847897,0.8692912543408329,,,,
classical_ext,svc,12,matern25_med__svc_C0.1__d12,matern25_med,ood_test,0.1,0.014000892639160156,0.872,0.8700467319633827,0.8695878977569118,0.8873239436619719,0.8573714871006978,0.7712124235309697,,,,
classical_ext,svc,12,matern25_med__svc_C10__d12,matern25_med,id_test,10.0,0.009997129440307617,0.884,0.8813309634753647,0.8823051948051948,0.8964285714285715,0.9618100590863237,0.9535558292034273,,,,
classical_ext,svc,12,matern25_med__svc_C10__d12,matern25_med,ood_test,10.0,0.009997129440307617,0.93,0.9291178541706677,0.9296553110240177,0.9345794392523364,0.9666314576531592,0.9449476814438061,,,,
classical_ext,svc,12,matern25_med__svc_C100__d12,matern25_med,id_test,100.0,0.010711193084716797,0.886,0.8849578069206259,0.8855600929974823,0.8926553672316384,0.9575507197642952,0.9403987150834865,,,,
classical_ext,svc,12,matern25_med__svc_C100__d12,matern25_med,ood_test,100.0,0.010711193084716797,0.932,0.9315344728250432,0.9318680966350855,0.9348659003831418,0.9665834453620127,0.9508913796782321,,,,
