status,case,run,group,model,quantum_kernel,quantum_stratum,tier,n_target,n_classical,realized_accuracy_advantage,policy,threshold,n_labels,n_informative_counterexamples
post-unlock exploratory,00_ember_m1,m1_hist_byteent__ms42__q1000_id500_ood500__qs42__s42,ember_m1,gpc,zz_r1_full__as0.5,entangling_zz,customary_30,500,30,-0.008000000000000007,adaptive_bottleneck_cover,0.005,65,34
post-unlock exploratory,00_ember_m1,m1_hist_byteent__ms42__q1000_id500_ood500__qs42__s42,ember_m1,gpc,zz_r1_full__as0.5,entangling_zz,customary_30,500,30,-0.008000000000000007,adaptive_bottleneck_cover,0.01,62,33
post-unlock exploratory,00_ember_m1,m1_hist_byteent__ms42__q1000_id500_ood500__qs42__s42,ember_m1,gpc,zz_r1_full__as0.5,entangling_zz,customary_30,500,30,-0.008000000000000007,adaptive_bottleneck_cover,0.02,53,30
post-unlock exploratory,00_ember_m1,m1_hist_byteent__ms42__q1000_id500_ood500__qs42__s42,ember_m1,gpc,zz_r1_full__as0.5,entangling_zz,full_115,500,115,-0.030000000000000027,adaptive_bottleneck_cover,0.005,32,19
post-unlock exploratory,00_ember_m1,m1_hist_byteent__ms42__q1000_id500_ood500__qs42__s42,ember_m1,gpc,zz_r1_full__as0.5,entangling_zz,full_115,500,115,-0.030000000000000027,adaptive_bottleneck_cover,0.01,29,18
post-unlock exploratory,00_ember_m1,m1_hist_byteent__ms42__q1000_id500_ood500__qs42__s42,ember_m1,gpc,zz_r1_full__as0.5,entangling_zz,full_115,500,115,-0.030000000000000027,adaptive_bottleneck_cover,0.02,26,15
post-unlock exploratory,01_ember_m2,m2_hist_byteent__ms42__q1000_id500_ood500__qs42__s42,ember_m2,gpc,zz_r2_full__as2,entangling_zz,customary_30,500,30,0.0020000000000000018,adaptive_bottleneck_cover,0.005,77,34
post-unlock exploratory,01_ember_m2,m2_hist_byteent__ms42__q1000_id500_ood500__qs42__s42,ember_m2,gpc,zz_r2_full__as2,entangling_zz,customary_30,500,30,0.0020000000000000018,adaptive_bottleneck_cover,0.01,58,28
post-unlock exploratory,01_ember_m2,m2_hist_byteent__ms42__q1000_id500_ood500__qs42__s42,ember_m2,gpc,zz_r2_full__as2,entangling_zz,customary_30,500,30,0.0020000000000000018,adaptive_bottleneck_cover,0.02,56,26
post-unlock exploratory,01_ember_m2,m2_hist_byteent__ms42__q1000_id500_ood500__qs42__s42,ember_m2,gpc,zz_r2_full__as2,entangling_zz,full_115,500,115,-0.016000000000000014,adaptive_bottleneck_cover,0.005,40,19
post-unlock exploratory,01_ember_m2,m2_hist_byteent__ms42__q1000_id500_ood500__qs42__s42,ember_m2,gpc,zz_r2_full__as2,entangling_zz,full_115,500,115,-0.016000000000000014,adaptive_bottleneck_cover,0.01,33,16
post-unlock exploratory,01_ember_m2,m2_hist_byteent__ms42__q1000_id500_ood500__qs42__s42,ember_m2,gpc,zz_r2_full__as2,entangling_zz,full_115,500,115,-0.016000000000000014,adaptive_bottleneck_cover,0.02,23,14
post-unlock exploratory,02_toniot_scanning_m2_centroid,toniot_scanning__m2_centroid__ms42__q1000_id500_ood500__qs42__s42,toniot_scanning_m2_centroid,gpc,zz_r1_full__as2,entangling_zz,customary_30,500,30,0.027999999999999914,adaptive_bottleneck_cover,0.005,-1,-1
post-unlock exploratory,02_toniot_scanning_m2_centroid,toniot_scanning__m2_centroid__ms42__q1000_id500_ood500__qs42__s42,toniot_scanning_m2_centroid,gpc,zz_r1_full__as2,entangling_zz,customary_30,500,30,0.027999999999999914,adaptive_bottleneck_cover,0.01,-1,-1
post-unlock exploratory,02_toniot_scanning_m2_centroid,toniot_scanning__m2_centroid__ms42__q1000_id500_ood500__qs42__s42,toniot_scanning_m2_centroid,gpc,zz_r1_full__as2,entangling_zz,customary_30,500,30,0.027999999999999914,adaptive_bottleneck_cover,0.02,-1,-1
post-unlock exploratory,02_toniot_scanning_m2_centroid,toniot_scanning__m2_centroid__ms42__q1000_id500_ood500__qs42__s42,toniot_scanning_m2_centroid,gpc,zz_r1_full__as2,entangling_zz,full_115,500,115,-0.014000000000000012,adaptive_bottleneck_cover,0.005,4,3
post-unlock exploratory,02_toniot_scanning_m2_centroid,toniot_scanning__m2_centroid__ms42__q1000_id500_ood500__qs42__s42,toniot_scanning_m2_centroid,gpc,zz_r1_full__as2,entangling_zz,full_115,500,115,-0.014000000000000012,adaptive_bottleneck_cover,0.01,3,2
post-unlock exploratory,02_toniot_scanning_m2_centroid,toniot_scanning__m2_centroid__ms42__q1000_id500_ood500__qs42__s42,toniot_scanning_m2_centroid,gpc,zz_r1_full__as2,entangling_zz,full_115,500,115,-0.014000000000000012,adaptive_bottleneck_cover,0.02,0,0
post-unlock exploratory,03_toniot_scanning_natural_cur,toniot_scanning__natural_cur__ms42__q1000_id500_ood500__qs42__s42,toniot_scanning_natural_cur,gpc,zz_r2_full__as0.5,entangling_zz,customary_30,500,30,-0.010000000000000009,adaptive_bottleneck_cover,0.005,1,1
post-unlock exploratory,03_toniot_scanning_natural_cur,toniot_scanning__natural_cur__ms42__q1000_id500_ood500__qs42__s42,toniot_scanning_natural_cur,gpc,zz_r2_full__as0.5,entangling_zz,customary_30,500,30,-0.010000000000000009,adaptive_bottleneck_cover,0.01,0,0
post-unlock exploratory,03_toniot_scanning_natural_cur,toniot_scanning__natural_cur__ms42__q1000_id500_ood500__qs42__s42,toniot_scanning_natural_cur,gpc,zz_r2_full__as0.5,entangling_zz,customary_30,500,30,-0.010000000000000009,adaptive_bottleneck_cover,0.02,0,0
post-unlock exploratory,03_toniot_scanning_natural_cur,toniot_scanning__natural_cur__ms42__q1000_id500_ood500__qs42__s42,toniot_scanning_natural_cur,gpc,zz_r2_full__as0.5,entangling_zz,full_115,500,115,-0.01200000000000001,adaptive_bottleneck_cover,0.005,1,1
post-unlock exploratory,03_toniot_scanning_natural_cur,toniot_scanning__natural_cur__ms42__q1000_id500_ood500__qs42__s42,toniot_scanning_natural_cur,gpc,zz_r2_full__as0.5,entangling_zz,full_115,500,115,-0.01200000000000001,adaptive_bottleneck_cover,0.01,0,0
post-unlock exploratory,03_toniot_scanning_natural_cur,toniot_scanning__natural_cur__ms42__q1000_id500_ood500__qs42__s42,toniot_scanning_natural_cur,gpc,zz_r2_full__as0.5,entangling_zz,full_115,500,115,-0.01200000000000001,adaptive_bottleneck_cover,0.02,0,0
post-unlock exploratory,04_unsw_dos_m2_centroid,unsw_dos__m2_centroid__ms42__q1000_id500_ood500__qs42__s42,unsw_dos_m2_centroid,gpc,zz_r1_full,entangling_zz,customary_30,500,30,-0.052000000000000046,adaptive_bottleneck_cover,0.005,22,18
post-unlock exploratory,04_unsw_dos_m2_centroid,unsw_dos__m2_centroid__ms42__q1000_id500_ood500__qs42__s42,unsw_dos_m2_centroid,gpc,zz_r1_full,entangling_zz,customary_30,500,30,-0.052000000000000046,adaptive_bottleneck_cover,0.01,21,17
post-unlock exploratory,04_unsw_dos_m2_centroid,unsw_dos__m2_centroid__ms42__q1000_id500_ood500__qs42__s42,unsw_dos_m2_centroid,gpc,zz_r1_full,entangling_zz,customary_30,500,30,-0.052000000000000046,adaptive_bottleneck_cover,0.02,18,14
post-unlock exploratory,04_unsw_dos_m2_centroid,unsw_dos__m2_centroid__ms42__q1000_id500_ood500__qs42__s42,unsw_dos_m2_centroid,gpc,zz_r1_full,entangling_zz,full_115,500,115,-0.052000000000000046,adaptive_bottleneck_cover,0.005,24,16
post-unlock exploratory,04_unsw_dos_m2_centroid,unsw_dos__m2_centroid__ms42__q1000_id500_ood500__qs42__s42,unsw_dos_m2_centroid,gpc,zz_r1_full,entangling_zz,full_115,500,115,-0.052000000000000046,adaptive_bottleneck_cover,0.01,22,14
post-unlock exploratory,04_unsw_dos_m2_centroid,unsw_dos__m2_centroid__ms42__q1000_id500_ood500__qs42__s42,unsw_dos_m2_centroid,gpc,zz_r1_full,entangling_zz,full_115,500,115,-0.052000000000000046,adaptive_bottleneck_cover,0.02,20,12
post-unlock exploratory,05_unsw_dos_natural_cur,unsw_dos__natural_cur__ms42__q1000_id500_ood500__qs42__s42,unsw_dos_natural_cur,gpc,zz_r1_full__as0.5,entangling_zz,customary_30,500,30,-0.02199999999999991,adaptive_bottleneck_cover,0.005,11,6
post-unlock exploratory,05_unsw_dos_natural_cur,unsw_dos__natural_cur__ms42__q1000_id500_ood500__qs42__s42,unsw_dos_natural_cur,gpc,zz_r1_full__as0.5,entangling_zz,customary_30,500,30,-0.02199999999999991,adaptive_bottleneck_cover,0.01,9,5
post-unlock exploratory,05_unsw_dos_natural_cur,unsw_dos__natural_cur__ms42__q1000_id500_ood500__qs42__s42,unsw_dos_natural_cur,gpc,zz_r1_full__as0.5,entangling_zz,customary_30,500,30,-0.02199999999999991,adaptive_bottleneck_cover,0.02,4,2
post-unlock exploratory,05_unsw_dos_natural_cur,unsw_dos__natural_cur__ms42__q1000_id500_ood500__qs42__s42,unsw_dos_natural_cur,gpc,zz_r1_full__as0.5,entangling_zz,full_115,500,115,-0.03199999999999992,adaptive_bottleneck_cover,0.005,14,6
post-unlock exploratory,05_unsw_dos_natural_cur,unsw_dos__natural_cur__ms42__q1000_id500_ood500__qs42__s42,unsw_dos_natural_cur,gpc,zz_r1_full__as0.5,entangling_zz,full_115,500,115,-0.03199999999999992,adaptive_bottleneck_cover,0.01,12,5
post-unlock exploratory,05_unsw_dos_natural_cur,unsw_dos__natural_cur__ms42__q1000_id500_ood500__qs42__s42,unsw_dos_natural_cur,gpc,zz_r1_full__as0.5,entangling_zz,full_115,500,115,-0.03199999999999992,adaptive_bottleneck_cover,0.02,5,2
post-unlock exploratory,06_unsw_recon_m2_centroid,unsw_recon__m2_centroid__ms42__q1000_id500_ood500__qs42__s42,unsw_recon_m2_centroid,gpc,zz_r2_full__as0.5,entangling_zz,customary_30,500,30,-0.062000000000000055,adaptive_bottleneck_cover,0.005,24,21
post-unlock exploratory,06_unsw_recon_m2_centroid,unsw_recon__m2_centroid__ms42__q1000_id500_ood500__qs42__s42,unsw_recon_m2_centroid,gpc,zz_r2_full__as0.5,entangling_zz,customary_30,500,30,-0.062000000000000055,adaptive_bottleneck_cover,0.01,23,20
post-unlock exploratory,06_unsw_recon_m2_centroid,unsw_recon__m2_centroid__ms42__q1000_id500_ood500__qs42__s42,unsw_recon_m2_centroid,gpc,zz_r2_full__as0.5,entangling_zz,customary_30,500,30,-0.062000000000000055,adaptive_bottleneck_cover,0.02,20,17
post-unlock exploratory,06_unsw_recon_m2_centroid,unsw_recon__m2_centroid__ms42__q1000_id500_ood500__qs42__s42,unsw_recon_m2_centroid,gpc,zz_r2_full__as0.5,entangling_zz,full_115,500,115,-0.06600000000000006,adaptive_bottleneck_cover,0.005,23,21
post-unlock exploratory,06_unsw_recon_m2_centroid,unsw_recon__m2_centroid__ms42__q1000_id500_ood500__qs42__s42,unsw_recon_m2_centroid,gpc,zz_r2_full__as0.5,entangling_zz,full_115,500,115,-0.06600000000000006,adaptive_bottleneck_cover,0.01,22,20
post-unlock exploratory,06_unsw_recon_m2_centroid,unsw_recon__m2_centroid__ms42__q1000_id500_ood500__qs42__s42,unsw_recon_m2_centroid,gpc,zz_r2_full__as0.5,entangling_zz,full_115,500,115,-0.06600000000000006,adaptive_bottleneck_cover,0.02,19,17
post-unlock exploratory,07_unsw_recon_natural_cur,unsw_recon__natural_cur__ms42__q1000_id500_ood500__qs42__s42,unsw_recon_natural_cur,gpc,zz_r2_full__as0.5,entangling_zz,customary_30,500,30,0.0020000000000000018,adaptive_bottleneck_cover,0.005,37,18
post-unlock exploratory,07_unsw_recon_natural_cur,unsw_recon__natural_cur__ms42__q1000_id500_ood500__qs42__s42,unsw_recon_natural_cur,gpc,zz_r2_full__as0.5,entangling_zz,customary_30,500,30,0.0020000000000000018,adaptive_bottleneck_cover,0.01,11,5
post-unlock exploratory,07_unsw_recon_natural_cur,unsw_recon__natural_cur__ms42__q1000_id500_ood500__qs42__s42,unsw_recon_natural_cur,gpc,zz_r2_full__as0.5,entangling_zz,customary_30,500,30,0.0020000000000000018,adaptive_bottleneck_cover,0.02,7,3
post-unlock exploratory,07_unsw_recon_natural_cur,unsw_recon__natural_cur__ms42__q1000_id500_ood500__qs42__s42,unsw_recon_natural_cur,gpc,zz_r2_full__as0.5,entangling_zz,full_115,500,115,0.0020000000000000018,adaptive_bottleneck_cover,0.005,54,25
post-unlock exploratory,07_unsw_recon_natural_cur,unsw_recon__natural_cur__ms42__q1000_id500_ood500__qs42__s42,unsw_recon_natural_cur,gpc,zz_r2_full__as0.5,entangling_zz,full_115,500,115,0.0020000000000000018,adaptive_bottleneck_cover,0.01,14,5
post-unlock exploratory,07_unsw_recon_natural_cur,unsw_recon__natural_cur__ms42__q1000_id500_ood500__qs42__s42,unsw_recon_natural_cur,gpc,zz_r2_full__as0.5,entangling_zz,full_115,500,115,0.0020000000000000018,adaptive_bottleneck_cover,0.02,10,3
