case,group,model,quantum_stratum,tier,n_observed,median_lower,q025_lower,q975_lower,median_upper,q025_upper,q975_upper
00_ember_m1,ember_m1,gpc,entangling_zz,customary_30,0,-0.366,-0.366,-0.366,0.14,0.14,0.14
00_ember_m1,ember_m1,gpc,entangling_zz,customary_30,5,-0.362,-0.366,-0.354,0.14,0.132,0.14
00_ember_m1,ember_m1,gpc,entangling_zz,customary_30,10,-0.356,-0.366,-0.346,0.136,0.128,0.14
00_ember_m1,ember_m1,gpc,entangling_zz,customary_30,20,-0.346,-0.358,-0.332,0.136,0.124,0.14
00_ember_m1,ember_m1,gpc,entangling_zz,customary_30,30,-0.338,-0.352,-0.32195,0.132,0.11989999999999999,0.14
00_ember_m1,ember_m1,gpc,entangling_zz,customary_30,40,-0.328,-0.344,-0.31,0.128,0.1159,0.13610000000000003
00_ember_m1,ember_m1,gpc,entangling_zz,customary_30,50,-0.32,-0.34,-0.29795,0.124,0.1119,0.136
00_ember_m1,ember_m1,gpc,entangling_zz,customary_30,75,-0.296,-0.32005,-0.272,0.11699999999999999,0.1,0.132
00_ember_m1,ember_m1,gpc,entangling_zz,customary_30,100,-0.276,-0.296,-0.248,0.112,0.0919,0.128
00_ember_m1,ember_m1,gpc,entangling_zz,customary_30,150,-0.232,-0.26005,-0.198,0.096,0.072,0.116
00_ember_m1,ember_m1,gpc,entangling_zz,customary_30,200,-0.186,-0.22005,-0.15394999999999998,0.08,0.06,0.10605
00_ember_m1,ember_m1,gpc,entangling_zz,customary_30,300,-0.108,-0.136,-0.078,0.052,0.032,0.07610000000000001
00_ember_m1,ember_m1,gpc,entangling_zz,customary_30,400,-0.052,-0.07005,-0.028,0.022,0.004,0.040100000000000025
00_ember_m1,ember_m1,gpc,entangling_zz,customary_30,500,-0.008,-0.008,-0.008,-0.008,-0.008,-0.008
00_ember_m1,ember_m1,gpc,entangling_zz,full_115,0,-0.394,-0.394,-0.394,0.08,0.08,0.08
00_ember_m1,ember_m1,gpc,entangling_zz,full_115,5,-0.386,-0.394,-0.382,0.08,0.072,0.08
00_ember_m1,ember_m1,gpc,entangling_zz,full_115,10,-0.382,-0.39,-0.37389999999999995,0.08,0.072,0.08
00_ember_m1,ember_m1,gpc,entangling_zz,full_115,20,-0.37,-0.3821,-0.358,0.076,0.068,0.08
00_ember_m1,ember_m1,gpc,entangling_zz,full_115,30,-0.362,-0.378,-0.346,0.076,0.064,0.08
00_ember_m1,ember_m1,gpc,entangling_zz,full_115,40,-0.35,-0.366,-0.334,0.072,0.064,0.08
00_ember_m1,ember_m1,gpc,entangling_zz,full_115,50,-0.342,-0.358,-0.322,0.072,0.06,0.08
00_ember_m1,ember_m1,gpc,entangling_zz,full_115,75,-0.314,-0.3341,-0.29,0.068,0.052,0.07610000000000001
00_ember_m1,ember_m1,gpc,entangling_zz,full_115,100,-0.29,-0.314,-0.266,0.064,0.048,0.076
00_ember_m1,ember_m1,gpc,entangling_zz,full_115,150,-0.242,-0.27,-0.21194999999999997,0.056,0.036,0.068
00_ember_m1,ember_m1,gpc,entangling_zz,full_115,200,-0.191,-0.228,-0.162,0.044,0.028,0.06
00_ember_m1,ember_m1,gpc,entangling_zz,full_115,300,-0.118,-0.14805,-0.09194999999999999,0.028,0.012,0.044050000000000006
00_ember_m1,ember_m1,gpc,entangling_zz,full_115,400,-0.068,-0.088,-0.048,0.002,-0.014,0.018
00_ember_m1,ember_m1,gpc,entangling_zz,full_115,500,-0.03,-0.03,-0.03,-0.03,-0.03,-0.03
01_ember_m2,ember_m2,gpc,entangling_zz,customary_30,0,-0.322,-0.322,-0.322,0.122,0.122,0.122
01_ember_m2,ember_m2,gpc,entangling_zz,customary_30,5,-0.318,-0.322,-0.31,0.122,0.114,0.122
01_ember_m2,ember_m2,gpc,entangling_zz,customary_30,10,-0.314,-0.322,-0.302,0.122,0.11,0.122
01_ember_m2,ember_m2,gpc,entangling_zz,customary_30,20,-0.306,-0.318,-0.29,0.118,0.106,0.122
01_ember_m2,ember_m2,gpc,entangling_zz,customary_30,30,-0.294,-0.31,-0.278,0.114,0.102,0.122
01_ember_m2,ember_m2,gpc,entangling_zz,customary_30,40,-0.286,-0.302,-0.266,0.114,0.098,0.122
01_ember_m2,ember_m2,gpc,entangling_zz,customary_30,50,-0.274,-0.294,-0.25389999999999996,0.11,0.094,0.11810000000000001
01_ember_m2,ember_m2,gpc,entangling_zz,customary_30,75,-0.254,-0.2741,-0.22794999999999999,0.106,0.0899,0.118
01_ember_m2,ember_m2,gpc,entangling_zz,customary_30,100,-0.23,-0.254,-0.202,0.098,0.082,0.114
01_ember_m2,ember_m2,gpc,entangling_zz,customary_30,150,-0.188,-0.21605,-0.15794999999999998,0.086,0.066,0.102
01_ember_m2,ember_m2,gpc,entangling_zz,customary_30,200,-0.146,-0.18005,-0.11994999999999999,0.074,0.054,0.094
01_ember_m2,ember_m2,gpc,entangling_zz,customary_30,300,-0.078,-0.11,-0.057949999999999995,0.05,0.03,0.074
01_ember_m2,ember_m2,gpc,entangling_zz,customary_30,400,-0.028,-0.048,-0.013949999999999988,0.026,0.01,0.04610000000000002
01_ember_m2,ember_m2,gpc,entangling_zz,customary_30,500,0.002,0.002,0.002,0.002,0.002,0.002
01_ember_m2,ember_m2,gpc,entangling_zz,full_115,0,-0.322,-0.322,-0.322,0.074,0.074,0.074
01_ember_m2,ember_m2,gpc,entangling_zz,full_115,5,-0.318,-0.322,-0.31,0.074,0.07,0.074
01_ember_m2,ember_m2,gpc,entangling_zz,full_115,10,-0.314,-0.322,-0.302,0.074,0.066,0.074
01_ember_m2,ember_m2,gpc,entangling_zz,full_115,20,-0.306,-0.318,-0.29,0.07100000000000001,0.062,0.074
01_ember_m2,ember_m2,gpc,entangling_zz,full_115,30,-0.294,-0.314,-0.278,0.07,0.06195,0.074
01_ember_m2,ember_m2,gpc,entangling_zz,full_115,40,-0.286,-0.306,-0.266,0.069,0.058,0.074
01_ember_m2,ember_m2,gpc,entangling_zz,full_115,50,-0.278,-0.298,-0.25389999999999996,0.066,0.05595,0.074
01_ember_m2,ember_m2,gpc,entangling_zz,full_115,75,-0.254,-0.278,-0.23,0.062,0.05,0.074
01_ember_m2,ember_m2,gpc,entangling_zz,full_115,100,-0.23,-0.2541,-0.202,0.058,0.043949999999999996,0.07
01_ember_m2,ember_m2,gpc,entangling_zz,full_115,150,-0.19,-0.21605,-0.162,0.05,0.036,0.06405000000000001
01_ember_m2,ember_m2,gpc,entangling_zz,full_115,200,-0.15,-0.182,-0.12589999999999998,0.042,0.02595,0.058
01_ember_m2,ember_m2,gpc,entangling_zz,full_115,300,-0.082,-0.11205,-0.06,0.024,0.007900000000000003,0.04005000000000001
01_ember_m2,ember_m2,gpc,entangling_zz,full_115,400,-0.036,-0.054,-0.024,0.004,-0.008099999999999998,0.024
01_ember_m2,ember_m2,gpc,entangling_zz,full_115,500,-0.016,-0.016,-0.016,-0.016,-0.016,-0.016
02_toniot_scanning_m2_centroid,toniot_scanning_m2_centroid,gpc,entangling_zz,customary_30,0,-0.376,-0.376,-0.376,0.054,0.054,0.054
02_toniot_scanning_m2_centroid,toniot_scanning_m2_centroid,gpc,entangling_zz,customary_30,5,-0.372,-0.376,-0.364,0.054,0.05,0.054
02_toniot_scanning_m2_centroid,toniot_scanning_m2_centroid,gpc,entangling_zz,customary_30,10,-0.364,-0.376,-0.352,0.054,0.04995,0.054
02_toniot_scanning_m2_centroid,toniot_scanning_m2_centroid,gpc,entangling_zz,customary_30,20,-0.348,-0.368,-0.336,0.054,0.046,0.054
02_toniot_scanning_m2_centroid,toniot_scanning_m2_centroid,gpc,entangling_zz,customary_30,30,-0.336,-0.356,-0.316,0.054,0.046,0.054
02_toniot_scanning_m2_centroid,toniot_scanning_m2_centroid,gpc,entangling_zz,customary_30,40,-0.324,-0.344,-0.29989999999999994,0.054,0.04595,0.054
02_toniot_scanning_m2_centroid,toniot_scanning_m2_centroid,gpc,entangling_zz,customary_30,50,-0.312,-0.336,-0.28,0.052,0.044,0.054
02_toniot_scanning_m2_centroid,toniot_scanning_m2_centroid,gpc,entangling_zz,customary_30,75,-0.276,-0.308,-0.244,0.05,0.042,0.054
02_toniot_scanning_m2_centroid,toniot_scanning_m2_centroid,gpc,entangling_zz,customary_30,100,-0.24,-0.28,-0.2,0.05,0.04,0.054
02_toniot_scanning_m2_centroid,toniot_scanning_m2_centroid,gpc,entangling_zz,customary_30,150,-0.172,-0.21209999999999998,-0.1359,0.046,0.036,0.054
02_toniot_scanning_m2_centroid,toniot_scanning_m2_centroid,gpc,entangling_zz,customary_30,200,-0.1,-0.1482,-0.07194999999999999,0.044,0.032,0.052050000000000006
02_toniot_scanning_m2_centroid,toniot_scanning_m2_centroid,gpc,entangling_zz,customary_30,300,-0.014,-0.038,0.008,0.04,0.02995,0.05
02_toniot_scanning_m2_centroid,toniot_scanning_m2_centroid,gpc,entangling_zz,customary_30,400,0.01,-0.004,0.024,0.032,0.028,0.044
02_toniot_scanning_m2_centroid,toniot_scanning_m2_centroid,gpc,entangling_zz,customary_30,500,0.028,0.028,0.028,0.028,0.028,0.028
02_toniot_scanning_m2_centroid,toniot_scanning_m2_centroid,gpc,entangling_zz,full_115,0,-0.38,-0.38,-0.38,0.016,0.016,0.016
02_toniot_scanning_m2_centroid,toniot_scanning_m2_centroid,gpc,entangling_zz,full_115,5,-0.374,-0.38,-0.368,0.016,0.012,0.016
02_toniot_scanning_m2_centroid,toniot_scanning_m2_centroid,gpc,entangling_zz,full_115,10,-0.368,-0.38,-0.356,0.016,0.011900000000000003,0.016
02_toniot_scanning_m2_centroid,toniot_scanning_m2_centroid,gpc,entangling_zz,full_115,20,-0.352,-0.372,-0.34,0.016,0.008,0.016
02_toniot_scanning_m2_centroid,toniot_scanning_m2_centroid,gpc,entangling_zz,full_115,30,-0.34,-0.36,-0.32,0.016,0.008,0.016
02_toniot_scanning_m2_centroid,toniot_scanning_m2_centroid,gpc,entangling_zz,full_115,40,-0.328,-0.348,-0.3,0.016,0.007900000000000003,0.016
02_toniot_scanning_m2_centroid,toniot_scanning_m2_centroid,gpc,entangling_zz,full_115,50,-0.312,-0.33605,-0.284,0.012,0.004,0.016
02_toniot_scanning_m2_centroid,toniot_scanning_m2_centroid,gpc,entangling_zz,full_115,75,-0.278,-0.312,-0.248,0.012,0.004,0.016
02_toniot_scanning_m2_centroid,toniot_scanning_m2_centroid,gpc,entangling_zz,full_115,100,-0.244,-0.28204999999999997,-0.204,0.012,0.0,0.016
02_toniot_scanning_m2_centroid,toniot_scanning_m2_centroid,gpc,entangling_zz,full_115,150,-0.176,-0.216,-0.136,0.008,-0.006,0.016
02_toniot_scanning_m2_centroid,toniot_scanning_m2_centroid,gpc,entangling_zz,full_115,200,-0.104,-0.15209999999999999,-0.072,0.004,-0.008,0.012050000000000012
02_toniot_scanning_m2_centroid,toniot_scanning_m2_centroid,gpc,entangling_zz,full_115,300,-0.018,-0.04,-0.014,-0.002,-0.01005,0.012
02_toniot_scanning_m2_centroid,toniot_scanning_m2_centroid,gpc,entangling_zz,full_115,400,-0.014,-0.018,-0.014,-0.008,-0.014,0.002
02_toniot_scanning_m2_centroid,toniot_scanning_m2_centroid,gpc,entangling_zz,full_115,500,-0.014,-0.014,-0.014,-0.014,-0.014,-0.014
03_toniot_scanning_natural_cur,toniot_scanning_natural_cur,gpc,entangling_zz,customary_30,0,-0.54,-0.54,-0.54,0.006,0.006,0.006
03_toniot_scanning_natural_cur,toniot_scanning_natural_cur,gpc,entangling_zz,customary_30,5,-0.528,-0.536,-0.52,0.006,0.006,0.006
03_toniot_scanning_natural_cur,toniot_scanning_natural_cur,gpc,entangling_zz,customary_30,10,-0.52,-0.528,-0.504,0.006,0.002,0.006
03_toniot_scanning_natural_cur,toniot_scanning_natural_cur,gpc,entangling_zz,customary_30,20,-0.496,-0.512,-0.48,0.006,0.002,0.006
03_toniot_scanning_natural_cur,toniot_scanning_natural_cur,gpc,entangling_zz,customary_30,30,-0.476,-0.496,-0.456,0.006,0.002,0.006
03_toniot_scanning_natural_cur,toniot_scanning_natural_cur,gpc,entangling_zz,customary_30,40,-0.456,-0.48,-0.432,0.006,0.002,0.006
03_toniot_scanning_natural_cur,toniot_scanning_natural_cur,gpc,entangling_zz,customary_30,50,-0.436,-0.46,-0.408,0.006,0.002,0.006
03_toniot_scanning_natural_cur,toniot_scanning_natural_cur,gpc,entangling_zz,customary_30,75,-0.38,-0.416,-0.352,0.006,0.002,0.006
03_toniot_scanning_natural_cur,toniot_scanning_natural_cur,gpc,entangling_zz,customary_30,100,-0.328,-0.3641,-0.296,0.006,-0.002,0.006
03_toniot_scanning_natural_cur,toniot_scanning_natural_cur,gpc,entangling_zz,customary_30,150,-0.224,-0.268,-0.192,0.002,-0.006,0.006
03_toniot_scanning_natural_cur,toniot_scanning_natural_cur,gpc,entangling_zz,customary_30,200,-0.116,-0.16,-0.084,0.002,-0.006,0.006
03_toniot_scanning_natural_cur,toniot_scanning_natural_cur,gpc,entangling_zz,customary_30,300,-0.012,-0.02,-0.01,-0.002,-0.01,0.006
03_toniot_scanning_natural_cur,toniot_scanning_natural_cur,gpc,entangling_zz,customary_30,400,-0.01,-0.014,-0.01,-0.006,-0.01,0.002
03_toniot_scanning_natural_cur,toniot_scanning_natural_cur,gpc,entangling_zz,customary_30,500,-0.01,-0.01,-0.01,-0.01,-0.01,-0.01
03_toniot_scanning_natural_cur,toniot_scanning_natural_cur,gpc,entangling_zz,full_115,0,-0.54,-0.54,-0.54,0.006,0.006,0.006
03_toniot_scanning_natural_cur,toniot_scanning_natural_cur,gpc,entangling_zz,full_115,5,-0.528,-0.536,-0.52,0.006,0.003950000000000001,0.006
03_toniot_scanning_natural_cur,toniot_scanning_natural_cur,gpc,entangling_zz,full_115,10,-0.52,-0.528,-0.504,0.006,0.002,0.006
03_toniot_scanning_natural_cur,toniot_scanning_natural_cur,gpc,entangling_zz,full_115,20,-0.496,-0.512,-0.48,0.006,0.002,0.006
03_toniot_scanning_natural_cur,toniot_scanning_natural_cur,gpc,entangling_zz,full_115,30,-0.476,-0.496,-0.456,0.006,0.002,0.006
03_toniot_scanning_natural_cur,toniot_scanning_natural_cur,gpc,entangling_zz,full_115,40,-0.456,-0.48,-0.432,0.006,0.0,0.006
03_toniot_scanning_natural_cur,toniot_scanning_natural_cur,gpc,entangling_zz,full_115,50,-0.436,-0.46,-0.408,0.006,-0.002,0.006
03_toniot_scanning_natural_cur,toniot_scanning_natural_cur,gpc,entangling_zz,full_115,75,-0.38,-0.416,-0.352,0.004,-0.002,0.006
03_toniot_scanning_natural_cur,toniot_scanning_natural_cur,gpc,entangling_zz,full_115,100,-0.328,-0.3641,-0.296,0.002,-0.002049999999999999,0.006
03_toniot_scanning_natural_cur,toniot_scanning_natural_cur,gpc,entangling_zz,full_115,150,-0.224,-0.268,-0.1959,0.002,-0.006,0.006
03_toniot_scanning_natural_cur,toniot_scanning_natural_cur,gpc,entangling_zz,full_115,200,-0.12,-0.16205,-0.08594999999999998,0.0,-0.008,0.006
03_toniot_scanning_natural_cur,toniot_scanning_natural_cur,gpc,entangling_zz,full_115,300,-0.012,-0.024,-0.012,-0.004,-0.012,0.004
03_toniot_scanning_natural_cur,toniot_scanning_natural_cur,gpc,entangling_zz,full_115,400,-0.012,-0.014,-0.012,-0.008,-0.012,0.0
03_toniot_scanning_natural_cur,toniot_scanning_natural_cur,gpc,entangling_zz,full_115,500,-0.012,-0.012,-0.012,-0.012,-0.012,-0.012
04_unsw_dos_m2_centroid,unsw_dos_m2_centroid,gpc,entangling_zz,customary_30,0,-0.342,-0.342,-0.342,0.076,0.076,0.076
04_unsw_dos_m2_centroid,unsw_dos_m2_centroid,gpc,entangling_zz,customary_30,5,-0.334,-0.342,-0.326,0.076,0.068,0.076
04_unsw_dos_m2_centroid,unsw_dos_m2_centroid,gpc,entangling_zz,customary_30,10,-0.33,-0.342,-0.314,0.072,0.0679,0.076
04_unsw_dos_m2_centroid,unsw_dos_m2_centroid,gpc,entangling_zz,customary_30,20,-0.316,-0.3301,-0.30189999999999995,0.072,0.06,0.076
04_unsw_dos_m2_centroid,unsw_dos_m2_centroid,gpc,entangling_zz,customary_30,30,-0.302,-0.3181,-0.282,0.068,0.06,0.076
04_unsw_dos_m2_centroid,unsw_dos_m2_centroid,gpc,entangling_zz,customary_30,40,-0.29,-0.31,-0.266,0.068,0.056,0.076
04_unsw_dos_m2_centroid,unsw_dos_m2_centroid,gpc,entangling_zz,customary_30,50,-0.278,-0.298,-0.254,0.064,0.052,0.076
04_unsw_dos_m2_centroid,unsw_dos_m2_centroid,gpc,entangling_zz,customary_30,75,-0.246,-0.278,-0.214,0.056,0.0439,0.068
04_unsw_dos_m2_centroid,unsw_dos_m2_centroid,gpc,entangling_zz,customary_30,100,-0.214,-0.2422,-0.178,0.052,0.0359,0.068
04_unsw_dos_m2_centroid,unsw_dos_m2_centroid,gpc,entangling_zz,customary_30,150,-0.146,-0.186,-0.106,0.04,0.0199,0.05605000000000001
04_unsw_dos_m2_centroid,unsw_dos_m2_centroid,gpc,entangling_zz,customary_30,200,-0.086,-0.122,-0.064,0.028,0.004,0.044
04_unsw_dos_m2_centroid,unsw_dos_m2_centroid,gpc,entangling_zz,customary_30,300,-0.064,-0.076,-0.05589999999999998,0.0,-0.02,0.02
04_unsw_dos_m2_centroid,unsw_dos_m2_centroid,gpc,entangling_zz,customary_30,400,-0.056,-0.0641,-0.052,-0.024,-0.04,-0.011899999999999978
04_unsw_dos_m2_centroid,unsw_dos_m2_centroid,gpc,entangling_zz,customary_30,500,-0.052,-0.052,-0.052,-0.052,-0.052,-0.052
04_unsw_dos_m2_centroid,unsw_dos_m2_centroid,gpc,entangling_zz,full_115,0,-0.342,-0.342,-0.342,0.066,0.066,0.066
04_unsw_dos_m2_centroid,unsw_dos_m2_centroid,gpc,entangling_zz,full_115,5,-0.334,-0.342,-0.326,0.066,0.06,0.066
04_unsw_dos_m2_centroid,unsw_dos_m2_centroid,gpc,entangling_zz,full_115,10,-0.33,-0.342,-0.314,0.064,0.056,0.066
04_unsw_dos_m2_centroid,unsw_dos_m2_centroid,gpc,entangling_zz,full_115,20,-0.316,-0.3301,-0.30189999999999995,0.062,0.052,0.066
04_unsw_dos_m2_centroid,unsw_dos_m2_centroid,gpc,entangling_zz,full_115,30,-0.302,-0.3181,-0.282,0.06,0.048,0.066
04_unsw_dos_m2_centroid,unsw_dos_m2_centroid,gpc,entangling_zz,full_115,40,-0.29,-0.31,-0.266,0.056,0.046,0.066
04_unsw_dos_m2_centroid,unsw_dos_m2_centroid,gpc,entangling_zz,full_115,50,-0.278,-0.298,-0.254,0.054,0.04,0.06405000000000001
04_unsw_dos_m2_centroid,unsw_dos_m2_centroid,gpc,entangling_zz,full_115,75,-0.246,-0.278,-0.214,0.049,0.036,0.06
04_unsw_dos_m2_centroid,unsw_dos_m2_centroid,gpc,entangling_zz,full_115,100,-0.214,-0.2422,-0.178,0.044,0.0279,0.058
04_unsw_dos_m2_centroid,unsw_dos_m2_centroid,gpc,entangling_zz,full_115,150,-0.146,-0.186,-0.106,0.032,0.0159,0.048
04_unsw_dos_m2_centroid,unsw_dos_m2_centroid,gpc,entangling_zz,full_115,200,-0.086,-0.122,-0.064,0.02,-9.999999999999788e-05,0.036
04_unsw_dos_m2_centroid,unsw_dos_m2_centroid,gpc,entangling_zz,full_115,300,-0.064,-0.076,-0.05589999999999998,-0.004,-0.022,0.016
04_unsw_dos_m2_centroid,unsw_dos_m2_centroid,gpc,entangling_zz,full_115,400,-0.056,-0.0641,-0.052,-0.028,-0.04005,-0.012
04_unsw_dos_m2_centroid,unsw_dos_m2_centroid,gpc,entangling_zz,full_115,500,-0.052,-0.052,-0.052,-0.052,-0.052,-0.052
05_unsw_dos_natural_cur,unsw_dos_natural_cur,gpc,entangling_zz,customary_30,0,-0.354,-0.354,-0.354,0.028,0.028,0.028
05_unsw_dos_natural_cur,unsw_dos_natural_cur,gpc,entangling_zz,customary_30,5,-0.35,-0.354,-0.342,0.028,0.024,0.028
05_unsw_dos_natural_cur,unsw_dos_natural_cur,gpc,entangling_zz,customary_30,10,-0.346,-0.354,-0.334,0.028,0.024,0.028
05_unsw_dos_natural_cur,unsw_dos_natural_cur,gpc,entangling_zz,customary_30,20,-0.338,-0.35,-0.32189999999999996,0.028,0.024,0.028
05_unsw_dos_natural_cur,unsw_dos_natural_cur,gpc,entangling_zz,customary_30,30,-0.326,-0.342,-0.31,0.028,0.02,0.028
05_unsw_dos_natural_cur,unsw_dos_natural_cur,gpc,entangling_zz,customary_30,40,-0.318,-0.338,-0.302,0.028,0.02,0.028
05_unsw_dos_natural_cur,unsw_dos_natural_cur,gpc,entangling_zz,customary_30,50,-0.31,-0.334,-0.286,0.028,0.02,0.028
05_unsw_dos_natural_cur,unsw_dos_natural_cur,gpc,entangling_zz,customary_30,75,-0.29,-0.3141,-0.266,0.024,0.016,0.028
05_unsw_dos_natural_cur,unsw_dos_natural_cur,gpc,entangling_zz,customary_30,100,-0.27,-0.2981,-0.24589999999999998,0.024,0.012,0.028
05_unsw_dos_natural_cur,unsw_dos_natural_cur,gpc,entangling_zz,customary_30,150,-0.226,-0.262,-0.2019,0.02,0.012,0.028
05_unsw_dos_natural_cur,unsw_dos_natural_cur,gpc,entangling_zz,customary_30,200,-0.186,-0.222,-0.15389999999999998,0.016,0.007900000000000003,0.028
05_unsw_dos_natural_cur,unsw_dos_natural_cur,gpc,entangling_zz,customary_30,300,-0.104,-0.138,-0.07,0.01,-0.004,0.02
05_unsw_dos_natural_cur,unsw_dos_natural_cur,gpc,entangling_zz,customary_30,400,-0.034,-0.046099999999999995,-0.026,-0.004,-0.014099999999999998,0.012
05_unsw_dos_natural_cur,unsw_dos_natural_cur,gpc,entangling_zz,customary_30,500,-0.022,-0.022,-0.022,-0.022,-0.022,-0.022
05_unsw_dos_natural_cur,unsw_dos_natural_cur,gpc,entangling_zz,full_115,0,-0.354,-0.354,-0.354,0.028,0.028,0.028
05_unsw_dos_natural_cur,unsw_dos_natural_cur,gpc,entangling_zz,full_115,5,-0.35,-0.354,-0.342,0.028,0.024,0.028
05_unsw_dos_natural_cur,unsw_dos_natural_cur,gpc,entangling_zz,full_115,10,-0.346,-0.354,-0.334,0.028,0.024,0.028
05_unsw_dos_natural_cur,unsw_dos_natural_cur,gpc,entangling_zz,full_115,20,-0.338,-0.35,-0.32189999999999996,0.028,0.024,0.028
05_unsw_dos_natural_cur,unsw_dos_natural_cur,gpc,entangling_zz,full_115,30,-0.326,-0.342,-0.31,0.028,0.02,0.028
05_unsw_dos_natural_cur,unsw_dos_natural_cur,gpc,entangling_zz,full_115,40,-0.318,-0.338,-0.302,0.028,0.02,0.028
05_unsw_dos_natural_cur,unsw_dos_natural_cur,gpc,entangling_zz,full_115,50,-0.31,-0.334,-0.286,0.028,0.02,0.028
05_unsw_dos_natural_cur,unsw_dos_natural_cur,gpc,entangling_zz,full_115,75,-0.29,-0.3141,-0.266,0.024,0.016,0.028
05_unsw_dos_natural_cur,unsw_dos_natural_cur,gpc,entangling_zz,full_115,100,-0.27,-0.2981,-0.24589999999999998,0.024,0.012,0.028
05_unsw_dos_natural_cur,unsw_dos_natural_cur,gpc,entangling_zz,full_115,150,-0.226,-0.262,-0.2019,0.02,0.008,0.028
05_unsw_dos_natural_cur,unsw_dos_natural_cur,gpc,entangling_zz,full_115,200,-0.186,-0.222,-0.15389999999999998,0.016,0.002,0.026
05_unsw_dos_natural_cur,unsw_dos_natural_cur,gpc,entangling_zz,full_115,300,-0.104,-0.138,-0.07,0.004,-0.012,0.018
05_unsw_dos_natural_cur,unsw_dos_natural_cur,gpc,entangling_zz,full_115,400,-0.044,-0.056,-0.036,-0.012,-0.024,0.002
05_unsw_dos_natural_cur,unsw_dos_natural_cur,gpc,entangling_zz,full_115,500,-0.032,-0.032,-0.032,-0.032,-0.032,-0.032
06_unsw_recon_m2_centroid,unsw_recon_m2_centroid,gpc,entangling_zz,customary_30,0,-0.364,-0.364,-0.364,0.088,0.088,0.088
06_unsw_recon_m2_centroid,unsw_recon_m2_centroid,gpc,entangling_zz,customary_30,5,-0.356,-0.364,-0.348,0.088,0.08,0.088
06_unsw_recon_m2_centroid,unsw_recon_m2_centroid,gpc,entangling_zz,customary_30,10,-0.348,-0.36,-0.3399,0.084,0.076,0.088
06_unsw_recon_m2_centroid,unsw_recon_m2_centroid,gpc,entangling_zz,customary_30,20,-0.336,-0.352,-0.32,0.084,0.072,0.088
06_unsw_recon_m2_centroid,unsw_recon_m2_centroid,gpc,entangling_zz,customary_30,30,-0.324,-0.3401,-0.304,0.08,0.068,0.088
06_unsw_recon_m2_centroid,unsw_recon_m2_centroid,gpc,entangling_zz,customary_30,40,-0.308,-0.332,-0.288,0.076,0.064,0.088
06_unsw_recon_m2_centroid,unsw_recon_m2_centroid,gpc,entangling_zz,customary_30,50,-0.296,-0.316,-0.276,0.076,0.056,0.084
06_unsw_recon_m2_centroid,unsw_recon_m2_centroid,gpc,entangling_zz,customary_30,75,-0.26,-0.28809999999999997,-0.236,0.068,0.048,0.08
06_unsw_recon_m2_centroid,unsw_recon_m2_centroid,gpc,entangling_zz,customary_30,100,-0.224,-0.256,-0.192,0.06,0.0439,0.08
06_unsw_recon_m2_centroid,unsw_recon_m2_centroid,gpc,entangling_zz,customary_30,150,-0.156,-0.192,-0.124,0.048,0.024,0.068
06_unsw_recon_m2_centroid,unsw_recon_m2_centroid,gpc,entangling_zz,customary_30,200,-0.11,-0.1281,-0.09389999999999998,0.032,0.011900000000000003,0.05210000000000002
06_unsw_recon_m2_centroid,unsw_recon_m2_centroid,gpc,entangling_zz,customary_30,300,-0.09,-0.102,-0.074,0.003,-0.02,0.024
06_unsw_recon_m2_centroid,unsw_recon_m2_centroid,gpc,entangling_zz,customary_30,400,-0.074,-0.09,-0.066,-0.028,-0.044,-0.011899999999999978
06_unsw_recon_m2_centroid,unsw_recon_m2_centroid,gpc,entangling_zz,customary_30,500,-0.062,-0.062,-0.062,-0.062,-0.062,-0.062
06_unsw_recon_m2_centroid,unsw_recon_m2_centroid,gpc,entangling_zz,full_115,0,-0.364,-0.364,-0.364,0.088,0.088,0.088
06_unsw_recon_m2_centroid,unsw_recon_m2_centroid,gpc,entangling_zz,full_115,5,-0.356,-0.364,-0.348,0.088,0.08,0.088
06_unsw_recon_m2_centroid,unsw_recon_m2_centroid,gpc,entangling_zz,full_115,10,-0.348,-0.36,-0.3399,0.084,0.076,0.088
06_unsw_recon_m2_centroid,unsw_recon_m2_centroid,gpc,entangling_zz,full_115,20,-0.336,-0.352,-0.32,0.084,0.072,0.088
06_unsw_recon_m2_centroid,unsw_recon_m2_centroid,gpc,entangling_zz,full_115,30,-0.324,-0.3401,-0.304,0.08,0.068,0.088
06_unsw_recon_m2_centroid,unsw_recon_m2_centroid,gpc,entangling_zz,full_115,40,-0.308,-0.332,-0.288,0.076,0.064,0.088
06_unsw_recon_m2_centroid,unsw_recon_m2_centroid,gpc,entangling_zz,full_115,50,-0.296,-0.316,-0.276,0.076,0.056,0.084
06_unsw_recon_m2_centroid,unsw_recon_m2_centroid,gpc,entangling_zz,full_115,75,-0.26,-0.28809999999999997,-0.236,0.068,0.048,0.08
06_unsw_recon_m2_centroid,unsw_recon_m2_centroid,gpc,entangling_zz,full_115,100,-0.224,-0.256,-0.192,0.06,0.04195,0.07805000000000001
06_unsw_recon_m2_centroid,unsw_recon_m2_centroid,gpc,entangling_zz,full_115,150,-0.157,-0.192,-0.124,0.044,0.023950000000000003,0.068
06_unsw_recon_m2_centroid,unsw_recon_m2_centroid,gpc,entangling_zz,full_115,200,-0.11,-0.13005,-0.09394999999999999,0.028,0.009900000000000003,0.052
06_unsw_recon_m2_centroid,unsw_recon_m2_centroid,gpc,entangling_zz,full_115,300,-0.09,-0.104,-0.076,-0.001,-0.022,0.020050000000000012
06_unsw_recon_m2_centroid,unsw_recon_m2_centroid,gpc,entangling_zz,full_115,400,-0.078,-0.092,-0.066,-0.034,-0.05,-0.014
06_unsw_recon_m2_centroid,unsw_recon_m2_centroid,gpc,entangling_zz,full_115,500,-0.066,-0.066,-0.066,-0.066,-0.066,-0.066
07_unsw_recon_natural_cur,unsw_recon_natural_cur,gpc,entangling_zz,customary_30,0,-0.496,-0.496,-0.496,0.03,0.03,0.03
07_unsw_recon_natural_cur,unsw_recon_natural_cur,gpc,entangling_zz,customary_30,5,-0.488,-0.496,-0.48,0.03,0.026,0.03
07_unsw_recon_natural_cur,unsw_recon_natural_cur,gpc,entangling_zz,customary_30,10,-0.48,-0.4921,-0.468,0.03,0.026,0.03
07_unsw_recon_natural_cur,unsw_recon_natural_cur,gpc,entangling_zz,customary_30,20,-0.468,-0.484,-0.452,0.03,0.024,0.03
07_unsw_recon_natural_cur,unsw_recon_natural_cur,gpc,entangling_zz,customary_30,30,-0.452,-0.472,-0.43589999999999995,0.03,0.022,0.03
07_unsw_recon_natural_cur,unsw_recon_natural_cur,gpc,entangling_zz,customary_30,40,-0.44,-0.464,-0.416,0.028,0.022,0.03
07_unsw_recon_natural_cur,unsw_recon_natural_cur,gpc,entangling_zz,customary_30,50,-0.424,-0.448,-0.4,0.026,0.02195,0.03
07_unsw_recon_natural_cur,unsw_recon_natural_cur,gpc,entangling_zz,customary_30,75,-0.388,-0.416,-0.36,0.026,0.018,0.03
07_unsw_recon_natural_cur,unsw_recon_natural_cur,gpc,entangling_zz,customary_30,100,-0.352,-0.388,-0.316,0.024,0.01795,0.03
07_unsw_recon_natural_cur,unsw_recon_natural_cur,gpc,entangling_zz,customary_30,150,-0.284,-0.3241,-0.24,0.022,0.014,0.03
07_unsw_recon_natural_cur,unsw_recon_natural_cur,gpc,entangling_zz,customary_30,200,-0.214,-0.252,-0.17189999999999997,0.018,0.01,0.026
07_unsw_recon_natural_cur,unsw_recon_natural_cur,gpc,entangling_zz,customary_30,300,-0.076,-0.108,-0.048,0.014,0.006,0.022
07_unsw_recon_natural_cur,unsw_recon_natural_cur,gpc,entangling_zz,customary_30,400,-0.022,-0.042,-0.008,0.01,0.002,0.018
07_unsw_recon_natural_cur,unsw_recon_natural_cur,gpc,entangling_zz,customary_30,500,0.002,0.002,0.002,0.002,0.002,0.002
07_unsw_recon_natural_cur,unsw_recon_natural_cur,gpc,entangling_zz,full_115,0,-0.496,-0.496,-0.496,0.03,0.03,0.03
07_unsw_recon_natural_cur,unsw_recon_natural_cur,gpc,entangling_zz,full_115,5,-0.488,-0.496,-0.48,0.03,0.026,0.03
07_unsw_recon_natural_cur,unsw_recon_natural_cur,gpc,entangling_zz,full_115,10,-0.48,-0.4921,-0.468,0.03,0.026,0.03
07_unsw_recon_natural_cur,unsw_recon_natural_cur,gpc,entangling_zz,full_115,20,-0.468,-0.484,-0.452,0.03,0.024,0.03
07_unsw_recon_natural_cur,unsw_recon_natural_cur,gpc,entangling_zz,full_115,30,-0.452,-0.472,-0.43589999999999995,0.03,0.022,0.03
07_unsw_recon_natural_cur,unsw_recon_natural_cur,gpc,entangling_zz,full_115,40,-0.44,-0.464,-0.416,0.028,0.022,0.03
07_unsw_recon_natural_cur,unsw_recon_natural_cur,gpc,entangling_zz,full_115,50,-0.424,-0.448,-0.4,0.026,0.02195,0.03
07_unsw_recon_natural_cur,unsw_recon_natural_cur,gpc,entangling_zz,full_115,75,-0.388,-0.416,-0.36,0.026,0.018,0.03
07_unsw_recon_natural_cur,unsw_recon_natural_cur,gpc,entangling_zz,full_115,100,-0.352,-0.388,-0.316,0.024,0.01795,0.03
07_unsw_recon_natural_cur,unsw_recon_natural_cur,gpc,entangling_zz,full_115,150,-0.284,-0.3241,-0.24,0.022,0.014,0.03
07_unsw_recon_natural_cur,unsw_recon_natural_cur,gpc,entangling_zz,full_115,200,-0.214,-0.252,-0.17189999999999997,0.018,0.01,0.026
07_unsw_recon_natural_cur,unsw_recon_natural_cur,gpc,entangling_zz,full_115,300,-0.076,-0.108,-0.048,0.014,0.006,0.022
07_unsw_recon_natural_cur,unsw_recon_natural_cur,gpc,entangling_zz,full_115,400,-0.026,-0.042050000000000004,-0.009949999999999988,0.01,0.002,0.016
07_unsw_recon_natural_cur,unsw_recon_natural_cur,gpc,entangling_zz,full_115,500,0.002,0.002,0.002,0.002,0.002,0.002
