regularization,selection,reference,budget_mode,group,qs,cluster_effect
fixed_c1,id_val,customary,equal_count,ember_m1,7,-0.035867198832187426
fixed_c1,id_val,customary,equal_count,ember_m1,42,-0.020069843607695776
fixed_c1,id_val,customary,equal_count,ember_m1,123,-0.035593912027029155
fixed_c1,id_val,customary,equal_count,ember_m1,999,-0.027780819668589474
fixed_c1,id_val,customary,equal_count,ember_m1,2024,-0.05241080355806441
fixed_c1,id_val,customary,equal_count,ember_m2,7,0.019402575304177105
fixed_c1,id_val,customary,equal_count,ember_m2,42,0.010532450335837851
fixed_c1,id_val,customary,equal_count,ember_m2,123,0.030705075445816257
fixed_c1,id_val,customary,equal_count,ember_m2,999,0.02154865512995013
fixed_c1,id_val,customary,equal_count,ember_m2,2024,0.01293144810086877
fixed_c1,id_val,customary,equal_count,toniot_scanning_m2_centroid,7,0.10447201967875042
fixed_c1,id_val,customary,equal_count,toniot_scanning_m2_centroid,42,0.010222140965142722
fixed_c1,id_val,customary,equal_count,toniot_scanning_m2_centroid,123,0.0591765740707197
fixed_c1,id_val,customary,equal_count,toniot_scanning_m2_centroid,999,0.09591229110285926
fixed_c1,id_val,customary,equal_count,toniot_scanning_m2_centroid,2024,0.11830512115500469
fixed_c1,id_val,customary,equal_count,toniot_scanning_natural_cur,7,-0.022218543959276235
fixed_c1,id_val,customary,equal_count,toniot_scanning_natural_cur,42,-0.01034325059489432
fixed_c1,id_val,customary,equal_count,toniot_scanning_natural_cur,123,0.08731698272252153
fixed_c1,id_val,customary,equal_count,toniot_scanning_natural_cur,999,-0.02572881814218142
fixed_c1,id_val,customary,equal_count,toniot_scanning_natural_cur,2024,-0.020218765983300264
fixed_c1,id_val,customary,equal_count,unsw_dos_m2_centroid,7,-0.007851150551080864
fixed_c1,id_val,customary,equal_count,unsw_dos_m2_centroid,42,-0.017839434638225016
fixed_c1,id_val,customary,equal_count,unsw_dos_m2_centroid,123,-0.017920538128697056
fixed_c1,id_val,customary,equal_count,unsw_dos_m2_centroid,999,0.05441284356140078
fixed_c1,id_val,customary,equal_count,unsw_dos_m2_centroid,2024,-0.0040396201514298164
fixed_c1,id_val,customary,equal_count,unsw_dos_natural_cur,7,0.011710344678671577
fixed_c1,id_val,customary,equal_count,unsw_dos_natural_cur,42,0.012564467242453291
fixed_c1,id_val,customary,equal_count,unsw_dos_natural_cur,123,0.009480520436958647
fixed_c1,id_val,customary,equal_count,unsw_dos_natural_cur,999,-0.004026582665474843
fixed_c1,id_val,customary,equal_count,unsw_dos_natural_cur,2024,0.007113119135478185
fixed_c1,id_val,customary,equal_count,unsw_recon_m2_centroid,7,0.04043055348904278
fixed_c1,id_val,customary,equal_count,unsw_recon_m2_centroid,42,-0.015082114069175897
fixed_c1,id_val,customary,equal_count,unsw_recon_m2_centroid,123,-0.027703899664980856
fixed_c1,id_val,customary,equal_count,unsw_recon_m2_centroid,999,-0.016383355144106642
fixed_c1,id_val,customary,equal_count,unsw_recon_m2_centroid,2024,-0.016965204922951876
fixed_c1,id_val,customary,equal_count,unsw_recon_natural_cur,7,0.007793325302952687
fixed_c1,id_val,customary,equal_count,unsw_recon_natural_cur,42,0.004893929012151737
fixed_c1,id_val,customary,equal_count,unsw_recon_natural_cur,123,0.0020025148567847464
fixed_c1,id_val,customary,equal_count,unsw_recon_natural_cur,999,0.02793285924468082
fixed_c1,id_val,customary,equal_count,unsw_recon_natural_cur,2024,0.016333692580230482
fixed_c1,id_val,customary,native,ember_m1,7,-0.05163410197735141
fixed_c1,id_val,customary,native,ember_m1,42,-0.009111025728597455
fixed_c1,id_val,customary,native,ember_m1,123,-0.042481305343389196
fixed_c1,id_val,customary,native,ember_m1,999,-0.034183464039579135
fixed_c1,id_val,customary,native,ember_m1,2024,-0.08223747514272879
fixed_c1,id_val,customary,native,ember_m2,7,0.016373024382177654
fixed_c1,id_val,customary,native,ember_m2,42,0.014009847449908902
fixed_c1,id_val,customary,native,ember_m2,123,0.03126451137691951
fixed_c1,id_val,customary,native,ember_m2,999,0.021717760926394065
fixed_c1,id_val,customary,native,ember_m2,2024,0.011783593844662507
fixed_c1,id_val,customary,native,toniot_scanning_m2_centroid,7,0.10762152754423855
fixed_c1,id_val,customary,native,toniot_scanning_m2_centroid,42,0.014196555335569084
fixed_c1,id_val,customary,native,toniot_scanning_m2_centroid,123,0.05977262731639348
fixed_c1,id_val,customary,native,toniot_scanning_m2_centroid,999,0.09550123168251272
fixed_c1,id_val,customary,native,toniot_scanning_m2_centroid,2024,0.1197960011096173
fixed_c1,id_val,customary,native,toniot_scanning_natural_cur,7,-0.011096987438322251
fixed_c1,id_val,customary,native,toniot_scanning_natural_cur,42,-0.006690192051408799
fixed_c1,id_val,customary,native,toniot_scanning_natural_cur,123,0.07842988779224976
fixed_c1,id_val,customary,native,toniot_scanning_natural_cur,999,-0.013225970730140498
fixed_c1,id_val,customary,native,toniot_scanning_natural_cur,2024,-0.014644286248624053
fixed_c1,id_val,customary,native,unsw_dos_m2_centroid,7,0.000549266502580951
fixed_c1,id_val,customary,native,unsw_dos_m2_centroid,42,-0.0221711847440762
fixed_c1,id_val,customary,native,unsw_dos_m2_centroid,123,-0.014259080551190332
fixed_c1,id_val,customary,native,unsw_dos_m2_centroid,999,0.0625440440613535
fixed_c1,id_val,customary,native,unsw_dos_m2_centroid,2024,-0.013934198075661578
fixed_c1,id_val,customary,native,unsw_dos_natural_cur,7,0.02247499842382536
fixed_c1,id_val,customary,native,unsw_dos_natural_cur,42,0.011747851026857962
fixed_c1,id_val,customary,native,unsw_dos_natural_cur,123,0.0038034318542922905
fixed_c1,id_val,customary,native,unsw_dos_natural_cur,999,0.0010852285803605681
fixed_c1,id_val,customary,native,unsw_dos_natural_cur,2024,0.003162672299455956
fixed_c1,id_val,customary,native,unsw_recon_m2_centroid,7,0.049657443863006
fixed_c1,id_val,customary,native,unsw_recon_m2_centroid,42,-0.02298166929401028
fixed_c1,id_val,customary,native,unsw_recon_m2_centroid,123,-0.01957301069073679
fixed_c1,id_val,customary,native,unsw_recon_m2_centroid,999,-0.013936125077783967
fixed_c1,id_val,customary,native,unsw_recon_m2_centroid,2024,-0.015637935043148143
fixed_c1,id_val,customary,native,unsw_recon_natural_cur,7,0.019589779694618392
fixed_c1,id_val,customary,native,unsw_recon_natural_cur,42,0.004277128314457713
fixed_c1,id_val,customary,native,unsw_recon_natural_cur,123,0.0029744116144079236
fixed_c1,id_val,customary,native,unsw_recon_natural_cur,999,0.01918425199281622
fixed_c1,id_val,customary,native,unsw_recon_natural_cur,2024,0.016781591725066783
fixed_c1,id_val,extended,equal_count,ember_m1,7,-0.0391083201314323
fixed_c1,id_val,extended,equal_count,ember_m1,42,0.0074936952128870455
fixed_c1,id_val,extended,equal_count,ember_m1,123,-0.047684705876073506
fixed_c1,id_val,extended,equal_count,ember_m1,999,-0.029150059411929875
fixed_c1,id_val,extended,equal_count,ember_m1,2024,-0.0558911828853678
fixed_c1,id_val,extended,equal_count,ember_m2,7,0.0018312311639541907
fixed_c1,id_val,extended,equal_count,ember_m2,42,0.004820552282559152
fixed_c1,id_val,extended,equal_count,ember_m2,123,-0.0029167203087220686
fixed_c1,id_val,extended,equal_count,ember_m2,999,0.007985092286531128
fixed_c1,id_val,extended,equal_count,ember_m2,2024,-0.005517508071931039
fixed_c1,id_val,extended,equal_count,toniot_scanning_m2_centroid,7,0.01618901942936916
fixed_c1,id_val,extended,equal_count,toniot_scanning_m2_centroid,42,0.006648194076595867
fixed_c1,id_val,extended,equal_count,toniot_scanning_m2_centroid,123,-0.0046012485113694985
fixed_c1,id_val,extended,equal_count,toniot_scanning_m2_centroid,999,-0.00022302200205507697
fixed_c1,id_val,extended,equal_count,toniot_scanning_m2_centroid,2024,0.0006754640234348305
fixed_c1,id_val,extended,equal_count,toniot_scanning_natural_cur,7,-0.011506513818655417
fixed_c1,id_val,extended,equal_count,toniot_scanning_natural_cur,42,-0.007877831237255693
fixed_c1,id_val,extended,equal_count,toniot_scanning_natural_cur,123,-0.027478936742880045
fixed_c1,id_val,extended,equal_count,toniot_scanning_natural_cur,999,-0.01165926606479147
fixed_c1,id_val,extended,equal_count,toniot_scanning_natural_cur,2024,-0.013034070296240374
fixed_c1,id_val,extended,equal_count,unsw_dos_m2_centroid,7,0.0068520154263186734
fixed_c1,id_val,extended,equal_count,unsw_dos_m2_centroid,42,-0.010857425354238356
fixed_c1,id_val,extended,equal_count,unsw_dos_m2_centroid,123,-0.013696216076972419
fixed_c1,id_val,extended,equal_count,unsw_dos_m2_centroid,999,0.07697026532113446
fixed_c1,id_val,extended,equal_count,unsw_dos_m2_centroid,2024,-0.00600392119787791
fixed_c1,id_val,extended,equal_count,unsw_dos_natural_cur,7,0.005732788655681511
fixed_c1,id_val,extended,equal_count,unsw_dos_natural_cur,42,-0.024374934222450417
fixed_c1,id_val,extended,equal_count,unsw_dos_natural_cur,123,-0.008549792811432274
fixed_c1,id_val,extended,equal_count,unsw_dos_natural_cur,999,-0.0031064371158233315
fixed_c1,id_val,extended,equal_count,unsw_dos_natural_cur,2024,-0.008170934632416582
fixed_c1,id_val,extended,equal_count,unsw_recon_m2_centroid,7,0.03243300618455599
fixed_c1,id_val,extended,equal_count,unsw_recon_m2_centroid,42,-0.021545674938069987
fixed_c1,id_val,extended,equal_count,unsw_recon_m2_centroid,123,-0.010297327315792864
fixed_c1,id_val,extended,equal_count,unsw_recon_m2_centroid,999,-0.009339078544446969
fixed_c1,id_val,extended,equal_count,unsw_recon_m2_centroid,2024,-0.01772035120484324
fixed_c1,id_val,extended,equal_count,unsw_recon_natural_cur,7,0.013275400881615274
fixed_c1,id_val,extended,equal_count,unsw_recon_natural_cur,42,0.005502198004348073
fixed_c1,id_val,extended,equal_count,unsw_recon_natural_cur,123,-0.0034499637204853995
fixed_c1,id_val,extended,equal_count,unsw_recon_natural_cur,999,0.002193206677421733
fixed_c1,id_val,extended,equal_count,unsw_recon_natural_cur,2024,0.009241162306202545
fixed_c1,id_val,extended,native,ember_m1,7,-0.033756860987982286
fixed_c1,id_val,extended,native,ember_m1,42,0.007300204918032775
fixed_c1,id_val,extended,native,ember_m1,123,-0.04321254530218358
fixed_c1,id_val,extended,native,ember_m1,999,-0.03558234493486293
fixed_c1,id_val,extended,native,ember_m1,2024,-0.059930078901789696
fixed_c1,id_val,extended,native,ember_m2,7,0.007310386028921497
fixed_c1,id_val,extended,native,ember_m2,42,0.0029314663023678965
fixed_c1,id_val,extended,native,ember_m2,123,0.00046169530245040075
fixed_c1,id_val,extended,native,ember_m2,999,0.006407486623313968
fixed_c1,id_val,extended,native,ember_m2,2024,-0.006297175358693119
fixed_c1,id_val,extended,native,toniot_scanning_m2_centroid,7,0.0004818974357012988
fixed_c1,id_val,extended,native,toniot_scanning_m2_centroid,42,-6.716578881930484e-05
fixed_c1,id_val,extended,native,toniot_scanning_m2_centroid,123,-0.011133541537513066
fixed_c1,id_val,extended,native,toniot_scanning_m2_centroid,999,-0.007087487489293591
fixed_c1,id_val,extended,native,toniot_scanning_m2_centroid,2024,-0.0038894226047552338
fixed_c1,id_val,extended,native,toniot_scanning_natural_cur,7,-0.011109704367477677
fixed_c1,id_val,extended,native,toniot_scanning_natural_cur,42,-0.009167196926533018
fixed_c1,id_val,extended,native,toniot_scanning_natural_cur,123,-0.02675878002503555
fixed_c1,id_val,extended,native,toniot_scanning_natural_cur,999,-0.01192011962171032
fixed_c1,id_val,extended,native,toniot_scanning_natural_cur,2024,-0.013995777818014421
fixed_c1,id_val,extended,native,unsw_dos_m2_centroid,7,-0.002019861782495432
fixed_c1,id_val,extended,native,unsw_dos_m2_centroid,42,-0.02009908451417967
fixed_c1,id_val,extended,native,unsw_dos_m2_centroid,123,-0.017131157309388783
fixed_c1,id_val,extended,native,unsw_dos_m2_centroid,999,0.1263837664812473
fixed_c1,id_val,extended,native,unsw_dos_m2_centroid,2024,-0.013088185750304385
fixed_c1,id_val,extended,native,unsw_dos_natural_cur,7,-0.002776953122746161
fixed_c1,id_val,extended,native,unsw_dos_natural_cur,42,-0.032372735547110294
fixed_c1,id_val,extended,native,unsw_dos_natural_cur,123,-0.0057143050344040285
fixed_c1,id_val,extended,native,unsw_dos_natural_cur,999,-0.007739247393791874
fixed_c1,id_val,extended,native,unsw_dos_natural_cur,2024,-0.007989214352064048
fixed_c1,id_val,extended,native,unsw_recon_m2_centroid,7,0.06141804474076514
fixed_c1,id_val,extended,native,unsw_recon_m2_centroid,42,-0.02028019545086916
fixed_c1,id_val,extended,native,unsw_recon_m2_centroid,123,-0.010343981392569819
fixed_c1,id_val,extended,native,unsw_recon_m2_centroid,999,-0.011447818732386317
fixed_c1,id_val,extended,native,unsw_recon_m2_centroid,2024,-0.018877665434249884
fixed_c1,id_val,extended,native,unsw_recon_natural_cur,7,0.0032564463612850445
fixed_c1,id_val,extended,native,unsw_recon_natural_cur,42,0.009040944720184982
fixed_c1,id_val,extended,native,unsw_recon_natural_cur,123,-0.007104991233134498
fixed_c1,id_val,extended,native,unsw_recon_natural_cur,999,-0.001549683744011136
fixed_c1,id_val,extended,native,unsw_recon_natural_cur,2024,0.002326658007953064
fixed_c1,ood_test,customary,equal_count,ember_m1,7,0.015651815994836647
fixed_c1,ood_test,customary,equal_count,ember_m1,42,0.007401444387522845
fixed_c1,ood_test,customary,equal_count,ember_m1,123,0.001118463897918204
fixed_c1,ood_test,customary,equal_count,ember_m1,999,0.0025298842007475245
fixed_c1,ood_test,customary,equal_count,ember_m1,2024,0.009107133591350033
fixed_c1,ood_test,customary,equal_count,ember_m2,7,0.027875420993956495
fixed_c1,ood_test,customary,equal_count,ember_m2,42,0.021110713370901684
fixed_c1,ood_test,customary,equal_count,ember_m2,123,0.023750694144208977
fixed_c1,ood_test,customary,equal_count,ember_m2,999,0.03045737248039404
fixed_c1,ood_test,customary,equal_count,ember_m2,2024,0.017128272072187627
fixed_c1,ood_test,customary,equal_count,toniot_scanning_m2_centroid,7,0.009420308647644192
fixed_c1,ood_test,customary,equal_count,toniot_scanning_m2_centroid,42,0.015032956562949304
fixed_c1,ood_test,customary,equal_count,toniot_scanning_m2_centroid,123,0.010837545896701162
fixed_c1,ood_test,customary,equal_count,toniot_scanning_m2_centroid,999,0.011661721297566005
fixed_c1,ood_test,customary,equal_count,toniot_scanning_m2_centroid,2024,0.00628632473096169
fixed_c1,ood_test,customary,equal_count,toniot_scanning_natural_cur,7,0.0016752910701299066
fixed_c1,ood_test,customary,equal_count,toniot_scanning_natural_cur,42,0.0028475316427595755
fixed_c1,ood_test,customary,equal_count,toniot_scanning_natural_cur,123,-0.0005926675704593931
fixed_c1,ood_test,customary,equal_count,toniot_scanning_natural_cur,999,0.002183656269348133
fixed_c1,ood_test,customary,equal_count,toniot_scanning_natural_cur,2024,0.0008441485930097784
fixed_c1,ood_test,customary,equal_count,unsw_dos_m2_centroid,7,0.005922863554742697
fixed_c1,ood_test,customary,equal_count,unsw_dos_m2_centroid,42,0.0005908119885780216
fixed_c1,ood_test,customary,equal_count,unsw_dos_m2_centroid,123,-0.002794393414604758
fixed_c1,ood_test,customary,equal_count,unsw_dos_m2_centroid,999,-4.688378285129987e-05
fixed_c1,ood_test,customary,equal_count,unsw_dos_m2_centroid,2024,0.002497902461402283
fixed_c1,ood_test,customary,equal_count,unsw_dos_natural_cur,7,0.017368167209072107
fixed_c1,ood_test,customary,equal_count,unsw_dos_natural_cur,42,0.01927691934537812
fixed_c1,ood_test,customary,equal_count,unsw_dos_natural_cur,123,0.025841610625775464
fixed_c1,ood_test,customary,equal_count,unsw_dos_natural_cur,999,0.01929671824635039
fixed_c1,ood_test,customary,equal_count,unsw_dos_natural_cur,2024,0.010293461949449195
fixed_c1,ood_test,customary,equal_count,unsw_recon_m2_centroid,7,-0.004650920267145679
fixed_c1,ood_test,customary,equal_count,unsw_recon_m2_centroid,42,0.00133263900384205
fixed_c1,ood_test,customary,equal_count,unsw_recon_m2_centroid,123,-0.003195749311823907
fixed_c1,ood_test,customary,equal_count,unsw_recon_m2_centroid,999,-0.00022408155712786795
fixed_c1,ood_test,customary,equal_count,unsw_recon_m2_centroid,2024,0.004398261616175107
fixed_c1,ood_test,customary,equal_count,unsw_recon_natural_cur,7,0.015547675576693343
fixed_c1,ood_test,customary,equal_count,unsw_recon_natural_cur,42,0.00403712515576693
fixed_c1,ood_test,customary,equal_count,unsw_recon_natural_cur,123,0.009037374890739561
fixed_c1,ood_test,customary,equal_count,unsw_recon_natural_cur,999,0.002219620671970457
fixed_c1,ood_test,customary,equal_count,unsw_recon_natural_cur,2024,0.006831573420444899
fixed_c1,ood_test,customary,native,ember_m1,7,0.023976785990516003
fixed_c1,ood_test,customary,native,ember_m1,42,0.014550603369763179
fixed_c1,ood_test,customary,native,ember_m1,123,0.0064343778855956435
fixed_c1,ood_test,customary,native,ember_m1,999,0.007772160649858491
fixed_c1,ood_test,customary,native,ember_m1,2024,0.014625697607287158
fixed_c1,ood_test,customary,native,ember_m2,7,0.03039904412902128
fixed_c1,ood_test,customary,native,ember_m2,42,0.024910348360655792
fixed_c1,ood_test,customary,native,ember_m2,123,0.02659952069088826
fixed_c1,ood_test,customary,native,ember_m2,999,0.03266575928446428
fixed_c1,ood_test,customary,native,ember_m2,2024,0.019009130369705123
fixed_c1,ood_test,customary,native,toniot_scanning_m2_centroid,7,0.011064083396231328
fixed_c1,ood_test,customary,native,toniot_scanning_m2_centroid,42,0.016643624597718287
fixed_c1,ood_test,customary,native,toniot_scanning_m2_centroid,123,0.011724783794295387
fixed_c1,ood_test,customary,native,toniot_scanning_m2_centroid,999,0.014088370040466073
fixed_c1,ood_test,customary,native,toniot_scanning_m2_centroid,2024,0.008152076002494815
fixed_c1,ood_test,customary,native,toniot_scanning_natural_cur,7,0.0026287464812055164
fixed_c1,ood_test,customary,native,toniot_scanning_natural_cur,42,0.003168567807351049
fixed_c1,ood_test,customary,native,toniot_scanning_natural_cur,123,0.0007095529798505362
fixed_c1,ood_test,customary,native,toniot_scanning_natural_cur,999,0.003529220846306802
fixed_c1,ood_test,customary,native,toniot_scanning_natural_cur,2024,0.0014423076923077243
fixed_c1,ood_test,customary,native,unsw_dos_m2_centroid,7,0.009050760692216183
fixed_c1,ood_test,customary,native,unsw_dos_m2_centroid,42,0.006733603385375653
fixed_c1,ood_test,customary,native,unsw_dos_m2_centroid,123,0.0012431495792501652
fixed_c1,ood_test,customary,native,unsw_dos_m2_centroid,999,0.0034323823995586755
fixed_c1,ood_test,customary,native,unsw_dos_m2_centroid,2024,0.00674198656181683
fixed_c1,ood_test,customary,native,unsw_dos_natural_cur,7,0.023221349923320218
fixed_c1,ood_test,customary,native,unsw_dos_natural_cur,42,0.023802893046464473
fixed_c1,ood_test,customary,native,unsw_dos_natural_cur,123,0.033881254307254006
fixed_c1,ood_test,customary,native,unsw_dos_natural_cur,999,0.03259509210472893
fixed_c1,ood_test,customary,native,unsw_dos_natural_cur,2024,0.013930463200948063
fixed_c1,ood_test,customary,native,unsw_recon_m2_centroid,7,-0.0018832102438989622
fixed_c1,ood_test,customary,native,unsw_recon_m2_centroid,42,0.003946857312543369
fixed_c1,ood_test,customary,native,unsw_recon_m2_centroid,123,0.0019685039370078337
fixed_c1,ood_test,customary,native,unsw_recon_m2_centroid,999,0.005021066262168768
fixed_c1,ood_test,customary,native,unsw_recon_m2_centroid,2024,0.010434575803260718
fixed_c1,ood_test,customary,native,unsw_recon_natural_cur,7,0.019562825764438647
fixed_c1,ood_test,customary,native,unsw_recon_natural_cur,42,0.009241307262782087
fixed_c1,ood_test,customary,native,unsw_recon_natural_cur,123,0.01199625843256876
fixed_c1,ood_test,customary,native,unsw_recon_natural_cur,999,0.009939288653053565
fixed_c1,ood_test,customary,native,unsw_recon_natural_cur,2024,0.011768302772122449
fixed_c1,ood_test,extended,equal_count,ember_m1,7,-0.0034597620279542946
fixed_c1,ood_test,extended,equal_count,ember_m1,42,-0.0006481543146629928
fixed_c1,ood_test,extended,equal_count,ember_m1,123,-0.007630597321633441
fixed_c1,ood_test,extended,equal_count,ember_m1,999,0.00103219226420665
fixed_c1,ood_test,extended,equal_count,ember_m1,2024,0.011877838005431074
fixed_c1,ood_test,extended,equal_count,ember_m2,7,0.0001451990419954289
fixed_c1,ood_test,extended,equal_count,ember_m2,42,0.006598046875000059
fixed_c1,ood_test,extended,equal_count,ember_m2,123,-0.006326287809642876
fixed_c1,ood_test,extended,equal_count,ember_m2,999,0.0009570689394430781
fixed_c1,ood_test,extended,equal_count,ember_m2,2024,-0.00013323711163863253
fixed_c1,ood_test,extended,equal_count,toniot_scanning_m2_centroid,7,0.005227319470570017
fixed_c1,ood_test,extended,equal_count,toniot_scanning_m2_centroid,42,0.003383439623798945
fixed_c1,ood_test,extended,equal_count,toniot_scanning_m2_centroid,123,-0.0037999237586057166
fixed_c1,ood_test,extended,equal_count,toniot_scanning_m2_centroid,999,0.004612469185512354
fixed_c1,ood_test,extended,equal_count,toniot_scanning_m2_centroid,2024,0.0011372643630375033
fixed_c1,ood_test,extended,equal_count,toniot_scanning_natural_cur,7,0.0010665367043352452
fixed_c1,ood_test,extended,equal_count,toniot_scanning_natural_cur,42,0.0004243394678948853
fixed_c1,ood_test,extended,equal_count,toniot_scanning_natural_cur,123,-0.0005331175744098804
fixed_c1,ood_test,extended,equal_count,toniot_scanning_natural_cur,999,0.0008837361010331687
fixed_c1,ood_test,extended,equal_count,toniot_scanning_natural_cur,2024,0.0010191504955269215
fixed_c1,ood_test,extended,equal_count,unsw_dos_m2_centroid,7,0.0036961148899737153
fixed_c1,ood_test,extended,equal_count,unsw_dos_m2_centroid,42,7.466480446779074e-05
fixed_c1,ood_test,extended,equal_count,unsw_dos_m2_centroid,123,-0.0022149575799380226
fixed_c1,ood_test,extended,equal_count,unsw_dos_m2_centroid,999,0.003693991242117963
fixed_c1,ood_test,extended,equal_count,unsw_dos_m2_centroid,2024,0.0023006060127745975
fixed_c1,ood_test,extended,equal_count,unsw_dos_natural_cur,7,0.019318167214858573
fixed_c1,ood_test,extended,equal_count,unsw_dos_natural_cur,42,0.003003293790660148
fixed_c1,ood_test,extended,equal_count,unsw_dos_natural_cur,123,0.013893684069743636
fixed_c1,ood_test,extended,equal_count,unsw_dos_natural_cur,999,0.023761078955532266
fixed_c1,ood_test,extended,equal_count,unsw_dos_natural_cur,2024,0.0070334430702408
fixed_c1,ood_test,extended,equal_count,unsw_recon_m2_centroid,7,-0.0024633933752888915
fixed_c1,ood_test,extended,equal_count,unsw_recon_m2_centroid,42,-0.00015231364807832826
fixed_c1,ood_test,extended,equal_count,unsw_recon_m2_centroid,123,0.003814429293899265
fixed_c1,ood_test,extended,equal_count,unsw_recon_m2_centroid,999,0.0002654357731513013
fixed_c1,ood_test,extended,equal_count,unsw_recon_m2_centroid,2024,0.0017113450723225492
fixed_c1,ood_test,extended,equal_count,unsw_recon_natural_cur,7,-0.0006715394845099434
fixed_c1,ood_test,extended,equal_count,unsw_recon_natural_cur,42,0.0030534118204864503
fixed_c1,ood_test,extended,equal_count,unsw_recon_natural_cur,123,0.006205729715707579
fixed_c1,ood_test,extended,equal_count,unsw_recon_natural_cur,999,0.0035783783958372637
fixed_c1,ood_test,extended,equal_count,unsw_recon_natural_cur,2024,0.0025593261295366876
fixed_c1,ood_test,extended,native,ember_m1,7,-0.010889568097806132
fixed_c1,ood_test,extended,native,ember_m1,42,-0.00552851775956283
fixed_c1,ood_test,extended,native,ember_m1,123,-0.009927783382171596
fixed_c1,ood_test,extended,native,ember_m1,999,-0.0037645559228293526
fixed_c1,ood_test,extended,native,ember_m1,2024,0.00933885004383428
fixed_c1,ood_test,extended,native,ember_m2,7,-0.0028430760696207167
fixed_c1,ood_test,extended,native,ember_m2,42,0.0030630976775956422
fixed_c1,ood_test,extended,native,ember_m2,123,-0.010325428469253292
fixed_c1,ood_test,extended,native,ember_m2,999,-0.0033216669907317384
fixed_c1,ood_test,extended,native,ember_m2,2024,-0.003442598413411213
fixed_c1,ood_test,extended,native,toniot_scanning_m2_centroid,7,0.0032937767183449282
fixed_c1,ood_test,extended,native,toniot_scanning_m2_centroid,42,0.0012960053721526865
fixed_c1,ood_test,extended,native,toniot_scanning_m2_centroid,123,-0.00700372499486801
fixed_c1,ood_test,extended,native,toniot_scanning_m2_centroid,999,0.0005669584845165628
fixed_c1,ood_test,extended,native,toniot_scanning_m2_centroid,2024,-0.0017659937610695743
fixed_c1,ood_test,extended,native,toniot_scanning_natural_cur,7,0.0006313131313131493
fixed_c1,ood_test,extended,native,toniot_scanning_natural_cur,42,0.0
fixed_c1,ood_test,extended,native,toniot_scanning_natural_cur,123,-0.0007149484446508092
fixed_c1,ood_test,extended,native,toniot_scanning_natural_cur,999,4.806228872615096e-05
fixed_c1,ood_test,extended,native,toniot_scanning_natural_cur,2024,0.0007478632478632452
fixed_c1,ood_test,extended,native,unsw_dos_m2_centroid,7,0.0011977148583010762
fixed_c1,ood_test,extended,native,unsw_dos_m2_centroid,42,-0.0027174111181067495
fixed_c1,ood_test,extended,native,unsw_dos_m2_centroid,123,-0.004618053206775404
fixed_c1,ood_test,extended,native,unsw_dos_m2_centroid,999,0.0005959191757714718
fixed_c1,ood_test,extended,native,unsw_dos_m2_centroid,2024,-0.002797026758725507
fixed_c1,ood_test,extended,native,unsw_dos_natural_cur,7,0.016082077449181886
fixed_c1,ood_test,extended,native,unsw_dos_natural_cur,42,-0.001706166450300454
fixed_c1,ood_test,extended,native,unsw_dos_natural_cur,123,0.006521748128761422
fixed_c1,ood_test,extended,native,unsw_dos_natural_cur,999,0.021196839546391438
fixed_c1,ood_test,extended,native,unsw_dos_natural_cur,2024,0.0004094048297448554
fixed_c1,ood_test,extended,native,unsw_recon_m2_centroid,7,-0.003478524382023266
fixed_c1,ood_test,extended,native,unsw_recon_m2_centroid,42,-0.0033947235424072555
fixed_c1,ood_test,extended,native,unsw_recon_m2_centroid,123,0.0019685039370078337
fixed_c1,ood_test,extended,native,unsw_recon_m2_centroid,999,-0.0021321380273087534
fixed_c1,ood_test,extended,native,unsw_recon_m2_centroid,2024,-0.002107446416741987
fixed_c1,ood_test,extended,native,unsw_recon_natural_cur,7,-0.005410476321766648
fixed_c1,ood_test,extended,native,unsw_recon_natural_cur,42,0.0008436088819443835
fixed_c1,ood_test,extended,native,unsw_recon_natural_cur,123,0.00419050102063175
fixed_c1,ood_test,extended,native,unsw_recon_natural_cur,999,-0.0005038497633259587
fixed_c1,ood_test,extended,native,unsw_recon_natural_cur,2024,-0.0019308090802415319
train_cv,id_val,customary,equal_count,ember_m1,7,-0.06735909242041968
train_cv,id_val,customary,equal_count,ember_m1,42,0.006870125369990963
train_cv,id_val,customary,equal_count,ember_m1,123,-0.002459683236101587
train_cv,id_val,customary,equal_count,ember_m1,999,-0.01949915527037828
train_cv,id_val,customary,equal_count,ember_m1,2024,-0.026455691691434816
train_cv,id_val,customary,equal_count,ember_m2,7,-0.003151695444143917
train_cv,id_val,customary,equal_count,ember_m2,42,0.009914644524134745
train_cv,id_val,customary,equal_count,ember_m2,123,0.025041401347545348
train_cv,id_val,customary,equal_count,ember_m2,999,0.004281571499557176
train_cv,id_val,customary,equal_count,ember_m2,2024,0.017412929701142523
train_cv,id_val,customary,equal_count,toniot_scanning_m2_centroid,7,0.0022140559528219805
train_cv,id_val,customary,equal_count,toniot_scanning_m2_centroid,42,-0.0016447213262063738
train_cv,id_val,customary,equal_count,toniot_scanning_m2_centroid,123,0.0037460446852208592
train_cv,id_val,customary,equal_count,toniot_scanning_m2_centroid,999,-0.001679465209841154
train_cv,id_val,customary,equal_count,toniot_scanning_m2_centroid,2024,-0.010173974627941907
train_cv,id_val,customary,equal_count,toniot_scanning_natural_cur,7,-0.047389753665616124
train_cv,id_val,customary,equal_count,toniot_scanning_natural_cur,42,-0.0077633941164097315
train_cv,id_val,customary,equal_count,toniot_scanning_natural_cur,123,-0.025708616321970218
train_cv,id_val,customary,equal_count,toniot_scanning_natural_cur,999,-0.02164903581400694
train_cv,id_val,customary,equal_count,toniot_scanning_natural_cur,2024,-0.011806790963089528
train_cv,id_val,customary,equal_count,unsw_dos_m2_centroid,7,0.008336713847948861
train_cv,id_val,customary,equal_count,unsw_dos_m2_centroid,42,-0.011113592298173028
train_cv,id_val,customary,equal_count,unsw_dos_m2_centroid,123,-0.028938790451299854
train_cv,id_val,customary,equal_count,unsw_dos_m2_centroid,999,-0.007327193770144186
train_cv,id_val,customary,equal_count,unsw_dos_m2_centroid,2024,-0.005224416657973574
train_cv,id_val,customary,equal_count,unsw_dos_natural_cur,7,2.7363668252585367e-05
train_cv,id_val,customary,equal_count,unsw_dos_natural_cur,42,-0.010623840307550566
train_cv,id_val,customary,equal_count,unsw_dos_natural_cur,123,-0.010814191345093612
train_cv,id_val,customary,equal_count,unsw_dos_natural_cur,999,0.0023764892703868425
train_cv,id_val,customary,equal_count,unsw_dos_natural_cur,2024,-0.018473179283169765
train_cv,id_val,customary,equal_count,unsw_recon_m2_centroid,7,0.005755837834513018
train_cv,id_val,customary,equal_count,unsw_recon_m2_centroid,42,0.0043657979225055765
train_cv,id_val,customary,equal_count,unsw_recon_m2_centroid,123,-0.030129824168320357
train_cv,id_val,customary,equal_count,unsw_recon_m2_centroid,999,-0.025530798669896788
train_cv,id_val,customary,equal_count,unsw_recon_m2_centroid,2024,-0.0016789542249619667
train_cv,id_val,customary,equal_count,unsw_recon_natural_cur,7,-0.004112340627174533
train_cv,id_val,customary,equal_count,unsw_recon_natural_cur,42,-0.012306106764603912
train_cv,id_val,customary,equal_count,unsw_recon_natural_cur,123,-0.002325152710383841
train_cv,id_val,customary,equal_count,unsw_recon_natural_cur,999,0.009305646259538372
train_cv,id_val,customary,equal_count,unsw_recon_natural_cur,2024,-0.013860708828238004
train_cv,id_val,customary,native,ember_m1,7,-0.09039790618737988
train_cv,id_val,customary,native,ember_m1,42,0.012476519808743203
train_cv,id_val,customary,native,ember_m1,123,-0.01357063938127497
train_cv,id_val,customary,native,ember_m1,999,-0.03421046946226806
train_cv,id_val,customary,native,ember_m1,2024,-0.036601663566189845
train_cv,id_val,customary,native,ember_m2,7,-0.006584948232545444
train_cv,id_val,customary,native,ember_m2,42,0.01303150614754093
train_cv,id_val,customary,native,ember_m2,123,0.026874402865179652
train_cv,id_val,customary,native,ember_m2,999,0.0076479357054896795
train_cv,id_val,customary,native,ember_m2,2024,0.01893250939052471
train_cv,id_val,customary,native,toniot_scanning_m2_centroid,7,0.002494777549349273
train_cv,id_val,customary,native,toniot_scanning_m2_centroid,42,0.0006743522530506807
train_cv,id_val,customary,native,toniot_scanning_m2_centroid,123,0.0025485882045353085
train_cv,id_val,customary,native,toniot_scanning_m2_centroid,999,-0.006823037109534654
train_cv,id_val,customary,native,toniot_scanning_m2_centroid,2024,-0.010033306914548254
train_cv,id_val,customary,native,toniot_scanning_natural_cur,7,-0.013130915678940399
train_cv,id_val,customary,native,toniot_scanning_natural_cur,42,0.0021920135771641668
train_cv,id_val,customary,native,toniot_scanning_natural_cur,123,-0.01868662965481079
train_cv,id_val,customary,native,toniot_scanning_natural_cur,999,0.008477243463770212
train_cv,id_val,customary,native,toniot_scanning_natural_cur,2024,-0.012901099077061162
train_cv,id_val,customary,native,unsw_dos_m2_centroid,7,0.005756731986693908
train_cv,id_val,customary,native,unsw_dos_m2_centroid,42,-0.01410416217453129
train_cv,id_val,customary,native,unsw_dos_m2_centroid,123,-0.01764032073243634
train_cv,id_val,customary,native,unsw_dos_m2_centroid,999,-0.01181718929078981
train_cv,id_val,customary,native,unsw_dos_m2_centroid,2024,-0.005211984941165222
train_cv,id_val,customary,native,unsw_dos_natural_cur,7,0.001463519001809262
train_cv,id_val,customary,native,unsw_dos_natural_cur,42,-0.012284325618537947
train_cv,id_val,customary,native,unsw_dos_natural_cur,123,-0.0033161808116162947
train_cv,id_val,customary,native,unsw_dos_natural_cur,999,0.006703417276584263
train_cv,id_val,customary,native,unsw_dos_natural_cur,2024,-0.02264641520513533
train_cv,id_val,customary,native,unsw_recon_m2_centroid,7,0.00907658453460262
train_cv,id_val,customary,native,unsw_recon_m2_centroid,42,0.003637768393746299
train_cv,id_val,customary,native,unsw_recon_m2_centroid,123,-0.03927405415786431
train_cv,id_val,customary,native,unsw_recon_m2_centroid,999,-0.020373045675550355
train_cv,id_val,customary,native,unsw_recon_m2_centroid,2024,-0.002000606888755622
train_cv,id_val,customary,native,unsw_recon_natural_cur,7,-0.0192240143369176
train_cv,id_val,customary,native,unsw_recon_natural_cur,42,-0.012210794736881211
train_cv,id_val,customary,native,unsw_recon_natural_cur,123,-0.006261311046157607
train_cv,id_val,customary,native,unsw_recon_natural_cur,999,0.026506498045953213
train_cv,id_val,customary,native,unsw_recon_natural_cur,2024,-0.018378650674242724
train_cv,id_val,extended,equal_count,ember_m1,7,-0.04038547701980202
train_cv,id_val,extended,equal_count,ember_m1,42,0.018090264258879767
train_cv,id_val,extended,equal_count,ember_m1,123,-0.029916652700161254
train_cv,id_val,extended,equal_count,ember_m1,999,-0.03195857548195678
train_cv,id_val,extended,equal_count,ember_m1,2024,-0.006886871797064857
train_cv,id_val,extended,equal_count,ember_m2,7,-0.005950663651121253
train_cv,id_val,extended,equal_count,ember_m2,42,0.0072336755749089375
train_cv,id_val,extended,equal_count,ember_m2,123,0.0004699209513593372
train_cv,id_val,extended,equal_count,ember_m2,999,0.012844222999978424
train_cv,id_val,extended,equal_count,ember_m2,2024,-0.00230701563067971
train_cv,id_val,extended,equal_count,toniot_scanning_m2_centroid,7,0.0035620224896618026
train_cv,id_val,extended,equal_count,toniot_scanning_m2_centroid,42,-0.0007234881880124518
train_cv,id_val,extended,equal_count,toniot_scanning_m2_centroid,123,-0.008466457644352375
train_cv,id_val,extended,equal_count,toniot_scanning_m2_centroid,999,-0.0005953324083082245
train_cv,id_val,extended,equal_count,toniot_scanning_m2_centroid,2024,-0.008569550515314347
train_cv,id_val,extended,equal_count,toniot_scanning_natural_cur,7,0.000946435019844618
train_cv,id_val,extended,equal_count,toniot_scanning_natural_cur,42,-0.0015268019537808047
train_cv,id_val,extended,equal_count,toniot_scanning_natural_cur,123,0.0061044960698041955
train_cv,id_val,extended,equal_count,toniot_scanning_natural_cur,999,0.005361063806895605
train_cv,id_val,extended,equal_count,toniot_scanning_natural_cur,2024,-0.01470270176946927
train_cv,id_val,extended,equal_count,unsw_dos_m2_centroid,7,0.0008788027526483508
train_cv,id_val,extended,equal_count,unsw_dos_m2_centroid,42,-0.007297433114587785
train_cv,id_val,extended,equal_count,unsw_dos_m2_centroid,123,-0.007828578698764077
train_cv,id_val,extended,equal_count,unsw_dos_m2_centroid,999,0.020804974177059645
train_cv,id_val,extended,equal_count,unsw_dos_m2_centroid,2024,2.902181122014606e-05
train_cv,id_val,extended,equal_count,unsw_dos_natural_cur,7,-0.00045915059392595835
train_cv,id_val,extended,equal_count,unsw_dos_natural_cur,42,-0.011139738173621424
train_cv,id_val,extended,equal_count,unsw_dos_natural_cur,123,0.019275735627397966
train_cv,id_val,extended,equal_count,unsw_dos_natural_cur,999,0.0034461479997695862
train_cv,id_val,extended,equal_count,unsw_dos_natural_cur,2024,-0.0210302084388105
train_cv,id_val,extended,equal_count,unsw_recon_m2_centroid,7,-0.012361200901583769
train_cv,id_val,extended,equal_count,unsw_recon_m2_centroid,42,-0.0017843858450021048
train_cv,id_val,extended,equal_count,unsw_recon_m2_centroid,123,-0.033076696967757106
train_cv,id_val,extended,equal_count,unsw_recon_m2_centroid,999,-0.012487709239317435
train_cv,id_val,extended,equal_count,unsw_recon_m2_centroid,2024,-0.00888597045206152
train_cv,id_val,extended,equal_count,unsw_recon_natural_cur,7,-0.02021113992936578
train_cv,id_val,extended,equal_count,unsw_recon_natural_cur,42,-0.002640872603317135
train_cv,id_val,extended,equal_count,unsw_recon_natural_cur,123,-0.006017586243845925
train_cv,id_val,extended,equal_count,unsw_recon_natural_cur,999,0.030413481305591888
train_cv,id_val,extended,equal_count,unsw_recon_natural_cur,2024,-0.015077835477192214
train_cv,id_val,extended,native,ember_m1,7,-0.0548665674523798
train_cv,id_val,extended,native,ember_m1,42,0.024728910519125662
train_cv,id_val,extended,native,ember_m1,123,-0.03249747802276981
train_cv,id_val,extended,native,ember_m1,999,-0.035101648411000975
train_cv,id_val,extended,native,ember_m1,2024,-0.008312485299463343
train_cv,id_val,extended,native,ember_m2,7,0.0004640668256229811
train_cv,id_val,extended,native,ember_m2,42,0.021110826502732254
train_cv,id_val,extended,native,ember_m2,123,-0.0050252731474809504
train_cv,id_val,extended,native,ember_m2,999,0.01742929980340054
train_cv,id_val,extended,native,ember_m2,2024,0.0010370560437916235
train_cv,id_val,extended,native,toniot_scanning_m2_centroid,7,0.00022996872886815733
train_cv,id_val,extended,native,toniot_scanning_m2_centroid,42,-0.0013863841308048297
train_cv,id_val,extended,native,toniot_scanning_m2_centroid,123,-0.009113205405089335
train_cv,id_val,extended,native,toniot_scanning_m2_centroid,999,-0.0031009272153481224
train_cv,id_val,extended,native,toniot_scanning_m2_centroid,2024,-0.01147924948021665
train_cv,id_val,extended,native,toniot_scanning_natural_cur,7,-0.0068715992845806
train_cv,id_val,extended,native,toniot_scanning_natural_cur,42,-0.0003819889968384021
train_cv,id_val,extended,native,toniot_scanning_natural_cur,123,0.02010774511249865
train_cv,id_val,extended,native,toniot_scanning_natural_cur,999,0.023681636555765422
train_cv,id_val,extended,native,toniot_scanning_natural_cur,2024,-0.01994028189895754
train_cv,id_val,extended,native,unsw_dos_m2_centroid,7,-0.004869988453738834
train_cv,id_val,extended,native,unsw_dos_m2_centroid,42,0.000605468980898527
train_cv,id_val,extended,native,unsw_dos_m2_centroid,123,-0.004681022525632394
train_cv,id_val,extended,native,unsw_dos_m2_centroid,999,0.03976546653160654
train_cv,id_val,extended,native,unsw_dos_m2_centroid,2024,0.0018149964735132047
train_cv,id_val,extended,native,unsw_dos_natural_cur,7,-0.0016773151673766435
train_cv,id_val,extended,native,unsw_dos_natural_cur,42,-0.01846388504476748
train_cv,id_val,extended,native,unsw_dos_natural_cur,123,0.026214578350982027
train_cv,id_val,extended,native,unsw_dos_natural_cur,999,-0.0021622949086300323
train_cv,id_val,extended,native,unsw_dos_natural_cur,2024,-0.027956766815166012
train_cv,id_val,extended,native,unsw_recon_m2_centroid,7,-0.01444165539711495
train_cv,id_val,extended,native,unsw_recon_m2_centroid,42,-0.004762391098411256
train_cv,id_val,extended,native,unsw_recon_m2_centroid,123,-0.033507244521264044
train_cv,id_val,extended,native,unsw_recon_m2_centroid,999,-0.013202654068662093
train_cv,id_val,extended,native,unsw_recon_m2_centroid,2024,-0.007460579584383657
train_cv,id_val,extended,native,unsw_recon_natural_cur,7,-0.01705443958669765
train_cv,id_val,extended,native,unsw_recon_natural_cur,42,-0.007103025435858501
train_cv,id_val,extended,native,unsw_recon_natural_cur,123,-0.00914045183290709
train_cv,id_val,extended,native,unsw_recon_natural_cur,999,0.03496642084433151
train_cv,id_val,extended,native,unsw_recon_natural_cur,2024,-0.02077380750446568
train_cv,ood_test,customary,equal_count,ember_m1,7,-0.019570240514634133
train_cv,ood_test,customary,equal_count,ember_m1,42,-0.0004028923326503027
train_cv,ood_test,customary,equal_count,ember_m1,123,-0.010226138537057462
train_cv,ood_test,customary,equal_count,ember_m1,999,-0.0103392302374316
train_cv,ood_test,customary,equal_count,ember_m1,2024,-0.020782990142621985
train_cv,ood_test,customary,equal_count,ember_m2,7,-0.0014998298421639393
train_cv,ood_test,customary,equal_count,ember_m2,42,0.00645546448087432
train_cv,ood_test,customary,equal_count,ember_m2,123,0.011257759060881556
train_cv,ood_test,customary,equal_count,ember_m2,999,0.007305020848186443
train_cv,ood_test,customary,equal_count,ember_m2,2024,0.013118462804969385
train_cv,ood_test,customary,equal_count,toniot_scanning_m2_centroid,7,0.010205003470490174
train_cv,ood_test,customary,equal_count,toniot_scanning_m2_centroid,42,0.0032654513577353096
train_cv,ood_test,customary,equal_count,toniot_scanning_m2_centroid,123,-0.0007487225934194411
train_cv,ood_test,customary,equal_count,toniot_scanning_m2_centroid,999,0.0053735282889091724
train_cv,ood_test,customary,equal_count,toniot_scanning_m2_centroid,2024,0.002277154671586771
train_cv,ood_test,customary,equal_count,toniot_scanning_natural_cur,7,0.001778858282556565
train_cv,ood_test,customary,equal_count,toniot_scanning_natural_cur,42,0.002866469922870972
train_cv,ood_test,customary,equal_count,toniot_scanning_natural_cur,123,-0.0028062251998547763
train_cv,ood_test,customary,equal_count,toniot_scanning_natural_cur,999,-0.00109650027603773
train_cv,ood_test,customary,equal_count,toniot_scanning_natural_cur,2024,-0.001862022860281402
train_cv,ood_test,customary,equal_count,unsw_dos_m2_centroid,7,-0.0027165733157100322
train_cv,ood_test,customary,equal_count,unsw_dos_m2_centroid,42,-0.005523108911985375
train_cv,ood_test,customary,equal_count,unsw_dos_m2_centroid,123,-0.0032507338373037506
train_cv,ood_test,customary,equal_count,unsw_dos_m2_centroid,999,-0.005362317786457201
train_cv,ood_test,customary,equal_count,unsw_dos_m2_centroid,2024,-0.006573872168766715
train_cv,ood_test,customary,equal_count,unsw_dos_natural_cur,7,-0.0036500857830189526
train_cv,ood_test,customary,equal_count,unsw_dos_natural_cur,42,-0.0046921219561764345
train_cv,ood_test,customary,equal_count,unsw_dos_natural_cur,123,-0.00022005497574451027
train_cv,ood_test,customary,equal_count,unsw_dos_natural_cur,999,0.0022079485890093504
train_cv,ood_test,customary,equal_count,unsw_dos_natural_cur,2024,0.0007322404499415664
train_cv,ood_test,customary,equal_count,unsw_recon_m2_centroid,7,-0.013568066477750365
train_cv,ood_test,customary,equal_count,unsw_recon_m2_centroid,42,0.008660322501155905
train_cv,ood_test,customary,equal_count,unsw_recon_m2_centroid,123,-0.007354211922696709
train_cv,ood_test,customary,equal_count,unsw_recon_m2_centroid,999,-0.003871791242442746
train_cv,ood_test,customary,equal_count,unsw_recon_m2_centroid,2024,0.0037860527615760273
train_cv,ood_test,customary,equal_count,unsw_recon_natural_cur,7,-0.0005854965792272283
train_cv,ood_test,customary,equal_count,unsw_recon_natural_cur,42,0.003075018657232266
train_cv,ood_test,customary,equal_count,unsw_recon_natural_cur,123,-0.010872311196881689
train_cv,ood_test,customary,equal_count,unsw_recon_natural_cur,999,-0.013729927705568912
train_cv,ood_test,customary,equal_count,unsw_recon_natural_cur,2024,0.00047292238730167746
train_cv,ood_test,customary,native,ember_m1,7,-0.014710562765482696
train_cv,ood_test,customary,native,ember_m1,42,0.005603227459016313
train_cv,ood_test,customary,native,ember_m1,123,-0.006087439219014372
train_cv,ood_test,customary,native,ember_m1,999,-0.006061817212896312
train_cv,ood_test,customary,native,ember_m1,2024,-0.017040149393090582
train_cv,ood_test,customary,native,ember_m2,7,0.0016402361940119532
train_cv,ood_test,customary,native,ember_m2,42,0.008324795081967188
train_cv,ood_test,customary,native,ember_m2,123,0.013060016830973242
train_cv,ood_test,customary,native,ember_m2,999,0.009446496856568842
train_cv,ood_test,customary,native,ember_m2,2024,0.015325977719332085
train_cv,ood_test,customary,native,toniot_scanning_m2_centroid,7,0.011268442882582108
train_cv,ood_test,customary,native,toniot_scanning_m2_centroid,42,0.0045285128889569854
train_cv,ood_test,customary,native,toniot_scanning_m2_centroid,123,0.0012193770203338856
train_cv,ood_test,customary,native,toniot_scanning_m2_centroid,999,0.008182696057241534
train_cv,ood_test,customary,native,toniot_scanning_m2_centroid,2024,0.0032223768410395426
train_cv,ood_test,customary,native,toniot_scanning_natural_cur,7,0.0026587276412309104
train_cv,ood_test,customary,native,toniot_scanning_natural_cur,42,0.0033523095113939436
train_cv,ood_test,customary,native,toniot_scanning_natural_cur,123,0.0005890945940853302
train_cv,ood_test,customary,native,toniot_scanning_natural_cur,999,1.1671948223268558e-05
train_cv,ood_test,customary,native,toniot_scanning_natural_cur,2024,-0.0012895340716351604
train_cv,ood_test,customary,native,unsw_dos_m2_centroid,7,0.0014057950175781302
train_cv,ood_test,customary,native,unsw_dos_m2_centroid,42,-0.0027199810516989422
train_cv,ood_test,customary,native,unsw_dos_m2_centroid,123,0.0007526763532506772
train_cv,ood_test,customary,native,unsw_dos_m2_centroid,999,-0.0012704275776320346
train_cv,ood_test,customary,native,unsw_dos_m2_centroid,2024,-0.004139349526189107
train_cv,ood_test,customary,native,unsw_dos_natural_cur,7,0.0012775190528514502
train_cv,ood_test,customary,native,unsw_dos_natural_cur,42,-0.0010669869725497365
train_cv,ood_test,customary,native,unsw_dos_natural_cur,123,0.003452857758328894
train_cv,ood_test,customary,native,unsw_dos_natural_cur,999,0.009470792546881128
train_cv,ood_test,customary,native,unsw_dos_natural_cur,2024,0.005511668474598548
train_cv,ood_test,customary,native,unsw_recon_m2_centroid,7,-0.011226498983739841
train_cv,ood_test,customary,native,unsw_recon_m2_centroid,42,0.015938953435953418
train_cv,ood_test,customary,native,unsw_recon_m2_centroid,123,-0.0028665116047486374
train_cv,ood_test,customary,native,unsw_recon_m2_centroid,999,-0.0012819943996491185
train_cv,ood_test,customary,native,unsw_recon_m2_centroid,2024,0.007165525054824447
train_cv,ood_test,customary,native,unsw_recon_natural_cur,7,0.003997945304396899
train_cv,ood_test,customary,native,unsw_recon_natural_cur,42,0.00796644652834988
train_cv,ood_test,customary,native,unsw_recon_natural_cur,123,-0.007359246486513649
train_cv,ood_test,customary,native,unsw_recon_natural_cur,999,-0.010331421400755788
train_cv,ood_test,customary,native,unsw_recon_natural_cur,2024,0.0058442667527646526
train_cv,ood_test,extended,equal_count,ember_m1,7,-0.016838693571874334
train_cv,ood_test,extended,equal_count,ember_m1,42,-0.0060201011782787806
train_cv,ood_test,extended,equal_count,ember_m1,123,-0.013733739874283675
train_cv,ood_test,extended,equal_count,ember_m1,999,-0.02142761286466319
train_cv,ood_test,extended,equal_count,ember_m1,2024,-0.018174836957683873
train_cv,ood_test,extended,equal_count,ember_m2,7,-0.007927443774125699
train_cv,ood_test,extended,equal_count,ember_m2,42,0.0003421199055099559
train_cv,ood_test,extended,equal_count,ember_m2,123,-0.0035140579547699633
train_cv,ood_test,extended,equal_count,ember_m2,999,-0.0035413733877760847
train_cv,ood_test,extended,equal_count,ember_m2,2024,-0.004746341437338282
train_cv,ood_test,extended,equal_count,toniot_scanning_m2_centroid,7,0.004992283826501804
train_cv,ood_test,extended,equal_count,toniot_scanning_m2_centroid,42,0.0005353271532376747
train_cv,ood_test,extended,equal_count,toniot_scanning_m2_centroid,123,-0.0031125883906067595
train_cv,ood_test,extended,equal_count,toniot_scanning_m2_centroid,999,0.00254911261971813
train_cv,ood_test,extended,equal_count,toniot_scanning_m2_centroid,2024,3.968332259181769e-05
train_cv,ood_test,extended,equal_count,toniot_scanning_natural_cur,7,-1.2325881605601552e-05
train_cv,ood_test,extended,equal_count,toniot_scanning_natural_cur,42,0.0005021274109465365
train_cv,ood_test,extended,equal_count,toniot_scanning_natural_cur,123,-0.0016622721224656134
train_cv,ood_test,extended,equal_count,toniot_scanning_natural_cur,999,-0.0006521755817501992
train_cv,ood_test,extended,equal_count,toniot_scanning_natural_cur,2024,-0.0017167882466006719
train_cv,ood_test,extended,equal_count,unsw_dos_m2_centroid,7,-0.0017544498623979592
train_cv,ood_test,extended,equal_count,unsw_dos_m2_centroid,42,-0.005956877227598523
train_cv,ood_test,extended,equal_count,unsw_dos_m2_centroid,123,-0.0057480479048122035
train_cv,ood_test,extended,equal_count,unsw_dos_m2_centroid,999,-0.006137212565573843
train_cv,ood_test,extended,equal_count,unsw_dos_m2_centroid,2024,-0.005991992489216558
train_cv,ood_test,extended,equal_count,unsw_dos_natural_cur,7,-0.0030740154757581163
train_cv,ood_test,extended,equal_count,unsw_dos_natural_cur,42,-0.00489802941483423
train_cv,ood_test,extended,equal_count,unsw_dos_natural_cur,123,-0.0008532535204048471
train_cv,ood_test,extended,equal_count,unsw_dos_natural_cur,999,-0.004881433297005781
train_cv,ood_test,extended,equal_count,unsw_dos_natural_cur,2024,0.0034398287356846523
train_cv,ood_test,extended,equal_count,unsw_recon_m2_centroid,7,-0.015028499833252421
train_cv,ood_test,extended,equal_count,unsw_recon_m2_centroid,42,0.007920919374136502
train_cv,ood_test,extended,equal_count,unsw_recon_m2_centroid,123,-0.006087342537467529
train_cv,ood_test,extended,equal_count,unsw_recon_m2_centroid,999,-0.006063741701871332
train_cv,ood_test,extended,equal_count,unsw_recon_m2_centroid,2024,0.0006173660650029555
train_cv,ood_test,extended,equal_count,unsw_recon_natural_cur,7,0.0017951774390483715
train_cv,ood_test,extended,equal_count,unsw_recon_natural_cur,42,0.006397761148621672
train_cv,ood_test,extended,equal_count,unsw_recon_natural_cur,123,-0.00473913855067196
train_cv,ood_test,extended,equal_count,unsw_recon_natural_cur,999,-0.005900491303501639
train_cv,ood_test,extended,equal_count,unsw_recon_natural_cur,2024,0.005281210269475774
train_cv,ood_test,extended,native,ember_m1,7,-0.01916187042045166
train_cv,ood_test,extended,native,ember_m1,42,-0.011227800546448155
train_cv,ood_test,extended,native,ember_m1,123,-0.018521187277492263
train_cv,ood_test,extended,native,ember_m1,999,-0.027637349579795578
train_cv,ood_test,extended,native,ember_m1,2024,-0.021044041026079634
train_cv,ood_test,extended,native,ember_m2,7,-0.009993439055223948
train_cv,ood_test,extended,native,ember_m2,42,-0.0018143784153005216
train_cv,ood_test,extended,native,ember_m2,123,-0.005785869454986122
train_cv,ood_test,extended,native,ember_m2,999,-0.0061410331194503565
train_cv,ood_test,extended,native,ember_m2,2024,-0.008467509141061017
train_cv,ood_test,extended,native,toniot_scanning_m2_centroid,7,0.0025717181871441896
train_cv,ood_test,extended,native,toniot_scanning_m2_centroid,42,-0.0016029176510355587
train_cv,ood_test,extended,native,toniot_scanning_m2_centroid,123,-0.006700163506006514
train_cv,ood_test,extended,native,toniot_scanning_m2_centroid,999,0.0009018650968224406
train_cv,ood_test,extended,native,toniot_scanning_m2_centroid,2024,-0.0015628686736153623
train_cv,ood_test,extended,native,toniot_scanning_natural_cur,7,-0.0006261868189772665
train_cv,ood_test,extended,native,toniot_scanning_natural_cur,42,0.0
train_cv,ood_test,extended,native,toniot_scanning_natural_cur,123,-0.002038864930425821
train_cv,ood_test,extended,native,toniot_scanning_natural_cur,999,-0.0013831258644536233
train_cv,ood_test,extended,native,toniot_scanning_natural_cur,2024,-0.002669849572321118
train_cv,ood_test,extended,native,unsw_dos_m2_centroid,7,-0.003371917872840191
train_cv,ood_test,extended,native,unsw_dos_m2_centroid,42,-0.009957583796507205
train_cv,ood_test,extended,native,unsw_dos_m2_centroid,123,-0.007891786145113136
train_cv,ood_test,extended,native,unsw_dos_m2_centroid,999,-0.009696441009835688
train_cv,ood_test,extended,native,unsw_dos_m2_centroid,2024,-0.007762136796299372
train_cv,ood_test,extended,native,unsw_dos_natural_cur,7,-0.005961667512242548
train_cv,ood_test,extended,native,unsw_dos_natural_cur,42,-0.006586665079215163
train_cv,ood_test,extended,native,unsw_dos_natural_cur,123,-0.0033610766447343954
train_cv,ood_test,extended,native,unsw_dos_natural_cur,999,-0.011035864345331485
train_cv,ood_test,extended,native,unsw_dos_natural_cur,2024,0.0008100844453196159
train_cv,ood_test,extended,native,unsw_recon_m2_centroid,7,-0.016502734946047776
train_cv,ood_test,extended,native,unsw_recon_m2_centroid,42,0.004864077313204213
train_cv,ood_test,extended,native,unsw_recon_m2_centroid,123,-0.008686668231511763
train_cv,ood_test,extended,native,unsw_recon_m2_centroid,999,-0.007726334838897138
train_cv,ood_test,extended,native,unsw_recon_m2_centroid,2024,-0.0007688932657948788
train_cv,ood_test,extended,native,unsw_recon_natural_cur,7,-0.000896352751191487
train_cv,ood_test,extended,native,unsw_recon_natural_cur,42,0.0030212319099715743
train_cv,ood_test,extended,native,unsw_recon_natural_cur,123,-0.007359246486513649
train_cv,ood_test,extended,native,unsw_recon_natural_cur,999,-0.010331421400755788
train_cv,ood_test,extended,native,unsw_recon_natural_cur,2024,0.0019027194230070155
