setting,qs,seed,group,quantum_ood_original,classical_ood_original,delta_original,quantum_ood_ablated,classical_ood_ablated,delta_ablated,delta,ablation_change,ms,size,dataset
toniot_scanning__m2_centroid__ms123__q1000_id500_ood500,7,42,toniot_scanning_m2_centroid,0.9431984084965748,0.9475300669009,-0.004331658404325256,0.9309573085623526,0.9375380565047889,-0.006580747942436349,-0.006580747942436349,-0.002249089538111093,123,1000,toniot
toniot_scanning__m2_centroid__ms123__q1000_id500_ood500,7,123,toniot_scanning_m2_centroid,0.9431984084965748,0.9475300669009,-0.004331658404325256,0.9309573085623526,0.9375380565047889,-0.006580747942436349,-0.006580747942436349,-0.002249089538111093,123,1000,toniot
toniot_scanning__m2_centroid__ms123__q1000_id500_ood500,7,999,toniot_scanning_m2_centroid,0.9431984084965748,0.9475300669009,-0.004331658404325256,0.9309573085623526,0.9375380565047889,-0.006580747942436349,-0.006580747942436349,-0.002249089538111093,123,1000,toniot
toniot_scanning__m2_centroid__ms123__q1000_id500_ood500,42,42,toniot_scanning_m2_centroid,0.9539272628362054,0.9560085409366551,-0.0020812781004496683,0.9498951983231732,0.9445192819085109,0.005375916414662285,0.005375916414662285,0.007457194515111953,123,1000,toniot
toniot_scanning__m2_centroid__ms123__q1000_id500_ood500,42,123,toniot_scanning_m2_centroid,0.9539272628362054,0.9560085409366551,-0.0020812781004496683,0.9538952623241972,0.9445192819085109,0.009375980415686325,0.009375980415686325,0.011457258516135993,123,1000,toniot
toniot_scanning__m2_centroid__ms123__q1000_id500_ood500,42,999,toniot_scanning_m2_centroid,0.9539272628362054,0.9560085409366551,-0.0020812781004496683,0.9498951983231732,0.9445192819085109,0.005375916414662285,0.005375916414662285,0.007457194515111953,123,1000,toniot
toniot_scanning__m2_centroid__ms123__q1000_id500_ood500,123,42,toniot_scanning_m2_centroid,0.9336310095384418,0.947093908840663,-0.01346289930222122,0.9245566865117468,0.9195690992894179,0.004987587222328949,0.004987587222328949,0.01845048652455017,123,1000,toniot
toniot_scanning__m2_centroid__ms123__q1000_id500_ood500,123,123,toniot_scanning_m2_centroid,0.9336310095384418,0.947093908840663,-0.01346289930222122,0.9245566865117468,0.9195690992894179,0.004987587222328949,0.004987587222328949,0.01845048652455017,123,1000,toniot
toniot_scanning__m2_centroid__ms123__q1000_id500_ood500,123,999,toniot_scanning_m2_centroid,0.9336310095384418,0.947093908840663,-0.01346289930222122,0.9245566865117468,0.9195690992894179,0.004987587222328949,0.004987587222328949,0.01845048652455017,123,1000,toniot
toniot_scanning__m2_centroid__ms123__q1000_id500_ood500,999,42,toniot_scanning_m2_centroid,0.9591037493579866,0.9687576784797124,-0.009653929121725802,0.8663007190549563,0.9078400808936825,-0.041539361838726196,-0.041539361838726196,-0.031885432717000395,123,1000,toniot
toniot_scanning__m2_centroid__ms123__q1000_id500_ood500,999,123,toniot_scanning_m2_centroid,0.9591037493579866,0.9687576784797124,-0.009653929121725802,0.8663007190549563,0.9078400808936825,-0.041539361838726196,-0.041539361838726196,-0.031885432717000395,123,1000,toniot
toniot_scanning__m2_centroid__ms123__q1000_id500_ood500,999,999,toniot_scanning_m2_centroid,0.9591037493579866,0.9687576784797124,-0.009653929121725802,0.8663007190549563,0.9078400808936825,-0.041539361838726196,-0.041539361838726196,-0.031885432717000395,123,1000,toniot
toniot_scanning__m2_centroid__ms123__q1000_id500_ood500,2024,42,toniot_scanning_m2_centroid,0.9719288137763268,0.9717344216119327,0.00019439216439409712,0.8692465271109404,0.8762424460661928,-0.006995918955252423,-0.006995918955252423,-0.00719031111964652,123,1000,toniot
toniot_scanning__m2_centroid__ms123__q1000_id500_ood500,2024,123,toniot_scanning_m2_centroid,0.9719288137763268,0.9717344216119327,0.00019439216439409712,0.8692465271109404,0.8762424460661928,-0.006995918955252423,-0.006995918955252423,-0.00719031111964652,123,1000,toniot
toniot_scanning__m2_centroid__ms123__q1000_id500_ood500,2024,999,toniot_scanning_m2_centroid,0.9719288137763268,0.9717344216119327,0.00019439216439409712,0.8692465271109404,0.8762424460661928,-0.006995918955252423,-0.006995918955252423,-0.00719031111964652,123,1000,toniot
toniot_scanning__m2_centroid__ms42__q1000_id500_ood500,7,42,toniot_scanning_m2_centroid,0.967402649538338,0.9529627458851868,0.014439903653151176,0.9728623042954636,0.9697429706945004,0.00311933360096317,0.00311933360096317,-0.011320570052188006,42,1000,toniot
toniot_scanning__m2_centroid__ms42__q1000_id500_ood500,7,123,toniot_scanning_m2_centroid,0.967402649538338,0.9529627458851868,0.014439903653151176,0.9728623042954636,0.9697429706945004,0.00311933360096317,0.00311933360096317,-0.011320570052188006,42,1000,toniot
toniot_scanning__m2_centroid__ms42__q1000_id500_ood500,7,999,toniot_scanning_m2_centroid,0.967402649538338,0.9529627458851868,0.014439903653151176,0.9728623042954636,0.9699182898434364,0.0029440144520271883,0.0029440144520271883,-0.011495889201123988,42,1000,toniot
toniot_scanning__m2_centroid__ms42__q1000_id500_ood500,42,42,toniot_scanning_m2_centroid,0.9641188144164906,0.9638076339542923,0.00031118046219835716,0.9423372383330132,0.9400626656424047,0.0022745726906084895,0.0022745726906084895,0.0019633922284101324,42,1000,toniot
toniot_scanning__m2_centroid__ms42__q1000_id500_ood500,42,123,toniot_scanning_m2_centroid,0.9641188144164906,0.9638076339542923,0.00031118046219835716,0.9423372383330132,0.9400626656424047,0.0022745726906084895,0.0022745726906084895,0.0019633922284101324,42,1000,toniot
toniot_scanning__m2_centroid__ms42__q1000_id500_ood500,42,999,toniot_scanning_m2_centroid,0.9641188144164906,0.9638076339542923,0.00031118046219835716,0.9423372383330132,0.9400626656424047,0.0022745726906084895,0.0022745726906084895,0.0019633922284101324,42,1000,toniot
toniot_scanning__m2_centroid__ms42__q1000_id500_ood500,123,42,toniot_scanning_m2_centroid,0.935934396822346,0.9505555256582741,-0.014621128835928032,0.8398199756550708,0.8749429559869306,-0.03512298033185979,-0.03512298033185979,-0.020501851495931755,42,1000,toniot
toniot_scanning__m2_centroid__ms42__q1000_id500_ood500,123,123,toniot_scanning_m2_centroid,0.9489877634697932,0.9505555256582741,-0.0015677621884808701,0.8398199756550708,0.8750208629636749,-0.035200887308604045,-0.035200887308604045,-0.033633125120123175,42,1000,toniot
toniot_scanning__m2_centroid__ms42__q1000_id500_ood500,123,999,toniot_scanning_m2_centroid,0.935934396822346,0.9505555256582741,-0.014621128835928032,0.8398199756550708,0.8750208629636749,-0.035200887308604045,-0.035200887308604045,-0.020579758472676013,42,1000,toniot
toniot_scanning__m2_centroid__ms42__q1000_id500_ood500,999,42,toniot_scanning_m2_centroid,0.9591328783621036,0.9237936089923725,0.035339269369731086,0.8466479325572059,0.8769972862304294,-0.030349353673223445,-0.030349353673223445,-0.06568862304295453,42,1000,toniot
toniot_scanning__m2_centroid__ms42__q1000_id500_ood500,999,123,toniot_scanning_m2_centroid,0.9591328783621036,0.9237936089923725,0.035339269369731086,0.8466479325572059,0.8769972862304294,-0.030349353673223445,-0.030349353673223445,-0.06568862304295453,42,1000,toniot
toniot_scanning__m2_centroid__ms42__q1000_id500_ood500,999,999,toniot_scanning_m2_centroid,0.9591328783621036,0.9237936089923725,0.035339269369731086,0.8466479325572059,0.8769972862304294,-0.030349353673223445,-0.030349353673223445,-0.06568862304295453,42,1000,toniot
toniot_scanning__m2_centroid__ms42__q1000_id500_ood500,2024,42,toniot_scanning_m2_centroid,0.9434874487704918,0.9632026447233606,-0.019715195952868747,0.940061475409836,0.9460129610655739,-0.005951485655737887,-0.005951485655737887,0.01376371029713086,42,1000,toniot
toniot_scanning__m2_centroid__ms42__q1000_id500_ood500,2024,123,toniot_scanning_m2_centroid,0.9454405737704918,0.9632026447233606,-0.017762070952868747,0.940061475409836,0.9460129610655739,-0.005951485655737887,-0.005951485655737887,0.01181058529713086,42,1000,toniot
toniot_scanning__m2_centroid__ms42__q1000_id500_ood500,2024,999,toniot_scanning_m2_centroid,0.9434874487704918,0.9634387102971311,-0.019951261526639286,0.940061475409836,0.9460129610655739,-0.005951485655737887,-0.005951485655737887,0.013999775870901399,42,1000,toniot
toniot_scanning__m2_centroid__ms999__q1000_id500_ood500,7,42,toniot_scanning_m2_centroid,0.9529111239637555,0.9523793586530428,0.0005317653107127507,0.9301780091253776,0.9368719940877837,-0.00669398496240603,-0.00669398496240603,-0.007225750273118781,999,1000,toniot
toniot_scanning__m2_centroid__ms999__q1000_id500_ood500,7,123,toniot_scanning_m2_centroid,0.9529111239637555,0.9521789827131932,0.0007321412505623126,0.9301780091253776,0.9368719940877837,-0.00669398496240603,-0.00669398496240603,-0.0074261262129683425,999,1000,toniot
toniot_scanning__m2_centroid__ms999__q1000_id500_ood500,7,999,toniot_scanning_m2_centroid,0.9529111239637555,0.9523793586530428,0.0005317653107127507,0.9301780091253776,0.9368719940877837,-0.00669398496240603,-0.00669398496240603,-0.007225750273118781,999,1000,toniot
toniot_scanning__m2_centroid__ms999__q1000_id500_ood500,42,42,toniot_scanning_m2_centroid,0.9516676269124896,0.9519152423020292,-0.0002476153895395461,0.9141380193329492,0.8399593719992318,0.07417864733371748,0.07417864733371748,0.07442626272325703,999,1000,toniot
toniot_scanning__m2_centroid__ms999__q1000_id500_ood500,42,123,toniot_scanning_m2_centroid,0.9516676269124896,0.9519152423020292,-0.0002476153895395461,0.9141380193329492,0.8399593719992318,0.07417864733371748,0.07417864733371748,0.07442626272325703,999,1000,toniot
toniot_scanning__m2_centroid__ms999__q1000_id500_ood500,42,999,toniot_scanning_m2_centroid,0.9516676269124896,0.9519152423020292,-0.0002476153895395461,0.9141380193329492,0.8399593719992318,0.07417864733371748,0.07417864733371748,0.07442626272325703,999,1000,toniot
toniot_scanning__m2_centroid__ms999__q1000_id500_ood500,123,42,toniot_scanning_m2_centroid,0.957623049219688,0.9588969507803122,-0.0012739015606242354,0.797078831532613,0.9399579351740697,-0.14287910364145662,-0.14287910364145662,-0.14160520208083238,999,1000,toniot
toniot_scanning__m2_centroid__ms999__q1000_id500_ood500,123,123,toniot_scanning_m2_centroid,0.957623049219688,0.9588969507803122,-0.0012739015606242354,0.797078831532613,0.9399579351740697,-0.14287910364145662,-0.14287910364145662,-0.14160520208083238,999,1000,toniot
toniot_scanning__m2_centroid__ms999__q1000_id500_ood500,123,999,toniot_scanning_m2_centroid,0.957623049219688,0.9588969507803122,-0.0012739015606242354,0.797078831532613,0.9399579351740697,-0.14287910364145662,-0.14287910364145662,-0.14160520208083238,999,1000,toniot
toniot_scanning__m2_centroid__ms999__q1000_id500_ood500,999,42,toniot_scanning_m2_centroid,0.930357975277684,0.957456506084133,-0.027098530806448973,0.9397212711578338,0.939501477230715,0.0002197939271187943,0.0002197939271187943,0.027318324733567767,999,1000,toniot
toniot_scanning__m2_centroid__ms999__q1000_id500_ood500,999,123,toniot_scanning_m2_centroid,0.930357975277684,0.957456506084133,-0.027098530806448973,0.9397212711578338,0.939501477230715,0.0002197939271187943,0.0002197939271187943,0.027318324733567767,999,1000,toniot
toniot_scanning__m2_centroid__ms999__q1000_id500_ood500,999,999,toniot_scanning_m2_centroid,0.930357975277684,0.957456506084133,-0.027098530806448973,0.9397212711578338,0.939501477230715,0.0002197939271187943,0.0002197939271187943,0.027318324733567767,999,1000,toniot
toniot_scanning__m2_centroid__ms999__q1000_id500_ood500,2024,42,toniot_scanning_m2_centroid,0.9416970744510594,0.9478102074130976,-0.0061131329620381925,0.92950195249984,0.9376188208181294,-0.008116868318289394,-0.008116868318289394,-0.0020037353562512017,999,1000,toniot
toniot_scanning__m2_centroid__ms999__q1000_id500_ood500,2024,123,toniot_scanning_m2_centroid,0.9397285705140516,0.9478102074130976,-0.008081636899046063,0.92950195249984,0.9376188208181294,-0.008116868318289394,-0.008116868318289394,-3.5231419243331175e-05,999,1000,toniot
toniot_scanning__m2_centroid__ms999__q1000_id500_ood500,2024,999,toniot_scanning_m2_centroid,0.9416970744510594,0.9478102074130976,-0.0061131329620381925,0.92950195249984,0.9376188208181294,-0.008116868318289394,-0.008116868318289394,-0.0020037353562512017,999,1000,toniot
toniot_scanning__natural_cur__ms123__q1000_id500_ood500,7,42,toniot_scanning_natural_cur,0.9740253504897254,0.9864057198642853,-0.012380369374559885,0.5938800332885219,0.5929320017924589,0.0009480314960630398,0.0009480314960630398,0.013328400870622925,123,1000,toniot
toniot_scanning__natural_cur__ms123__q1000_id500_ood500,7,123,toniot_scanning_natural_cur,0.9740253504897254,0.9864057198642853,-0.012380369374559885,0.5938800332885219,0.5929320017924589,0.0009480314960630398,0.0009480314960630398,0.013328400870622925,123,1000,toniot
toniot_scanning__natural_cur__ms123__q1000_id500_ood500,7,999,toniot_scanning_natural_cur,0.9740253504897254,0.9864057198642853,-0.012380369374559885,0.5938800332885219,0.5929320017924589,0.0009480314960630398,0.0009480314960630398,0.013328400870622925,123,1000,toniot
toniot_scanning__natural_cur__ms123__q1000_id500_ood500,42,42,toniot_scanning_natural_cur,0.9846153846153848,0.9811088782051284,0.0035065064102564047,0.5927884615384615,0.806136923076923,-0.21334846153846143,-0.21334846153846143,-0.21685496794871784,123,1000,toniot
toniot_scanning__natural_cur__ms123__q1000_id500_ood500,42,123,toniot_scanning_natural_cur,0.9846153846153848,0.9811088782051284,0.0035065064102564047,0.5927884615384615,0.806136923076923,-0.21334846153846143,-0.21334846153846143,-0.21685496794871784,123,1000,toniot
toniot_scanning__natural_cur__ms123__q1000_id500_ood500,42,999,toniot_scanning_natural_cur,0.9942307692307693,0.9811151282051284,0.01311564102564089,0.5927884615384615,0.806136923076923,-0.21334846153846143,-0.21334846153846143,-0.22646410256410232,123,1000,toniot
toniot_scanning__natural_cur__ms123__q1000_id500_ood500,123,42,toniot_scanning_natural_cur,0.9900873979821349,0.9885215795900006,0.0015658183921342106,0.5889402994666152,0.5874750144592248,0.0014652850073904045,0.0014652850073904045,-0.00010053338474380613,123,1000,toniot
toniot_scanning__natural_cur__ms123__q1000_id500_ood500,123,123,toniot_scanning_natural_cur,0.9900873979821349,0.9885215795900006,0.0015658183921342106,0.5889402994666152,0.5874750144592248,0.0014652850073904045,0.0014652850073904045,-0.00010053338474380613,123,1000,toniot
toniot_scanning__natural_cur__ms123__q1000_id500_ood500,123,999,toniot_scanning_natural_cur,0.9900873979821349,0.9885215795900006,0.0015658183921342106,0.5889402994666152,0.5874750144592248,0.0014652850073904045,0.0014652850073904045,-0.00010053338474380613,123,1000,toniot
toniot_scanning__natural_cur__ms123__q1000_id500_ood500,999,42,toniot_scanning_natural_cur,0.9738762381782976,0.9868527499959995,-0.012976511817701875,0.9644268774703556,0.984219866860828,-0.01979298939047236,-0.01979298939047236,-0.006816477572770485,123,1000,toniot
toniot_scanning__natural_cur__ms123__q1000_id500_ood500,999,123,toniot_scanning_natural_cur,0.9738762381782976,0.9868527499959995,-0.012976511817701875,0.9644268774703556,0.984219866860828,-0.01979298939047236,-0.01979298939047236,-0.006816477572770485,123,1000,toniot
toniot_scanning__natural_cur__ms123__q1000_id500_ood500,999,999,toniot_scanning_natural_cur,0.9738762381782976,0.9868527499959995,-0.012976511817701875,0.9644268774703556,0.984219866860828,-0.01979298939047236,-0.01979298939047236,-0.006816477572770485,123,1000,toniot
toniot_scanning__natural_cur__ms123__q1000_id500_ood500,2024,42,toniot_scanning_natural_cur,0.9707050327456724,0.995902880658436,-0.025197847912763582,0.9835390946502058,0.9835308641975312,8.230452674617972e-06,8.230452674617972e-06,0.0252060783654382,123,1000,toniot
toniot_scanning__natural_cur__ms123__q1000_id500_ood500,2024,123,toniot_scanning_natural_cur,0.9707050327456724,0.995902880658436,-0.025197847912763582,0.9835390946502058,0.9835308641975312,8.230452674617972e-06,8.230452674617972e-06,0.0252060783654382,123,1000,toniot
toniot_scanning__natural_cur__ms123__q1000_id500_ood500,2024,999,toniot_scanning_natural_cur,0.9707050327456724,0.995902880658436,-0.025197847912763582,0.9835390946502058,0.9835308641975312,8.230452674617972e-06,8.230452674617972e-06,0.0252060783654382,123,1000,toniot
toniot_scanning__natural_cur__ms42__q1000_id500_ood500,7,42,toniot_scanning_natural_cur,0.9762743340163936,0.978074449282787,-0.0018001152663933428,0.6305712090163935,0.9118532658811477,-0.28128205686475416,-0.28128205686475416,-0.2794819415983608,42,1000,toniot
toniot_scanning__natural_cur__ms42__q1000_id500_ood500,7,123,toniot_scanning_natural_cur,0.9762743340163936,0.978074449282787,-0.0018001152663933428,0.6305712090163935,0.9118532658811477,-0.28128205686475416,-0.28128205686475416,-0.2794819415983608,42,1000,toniot
toniot_scanning__natural_cur__ms42__q1000_id500_ood500,7,999,toniot_scanning_natural_cur,0.9762743340163936,0.978074449282787,-0.0018001152663933428,0.6305712090163935,0.9118532658811477,-0.28128205686475416,-0.28128205686475416,-0.2794819415983608,42,1000,toniot
toniot_scanning__natural_cur__ms42__q1000_id500_ood500,42,42,toniot_scanning_natural_cur,0.9762572293692624,0.983701459491501,-0.007444230122238604,0.5977346641247057,0.598014413880389,-0.00027974975568334504,-0.00027974975568334504,0.007164480366555259,42,1000,toniot
toniot_scanning__natural_cur__ms42__q1000_id500_ood500,42,123,toniot_scanning_natural_cur,0.9762572293692624,0.983701459491501,-0.007444230122238604,0.5977346641247057,0.598014413880389,-0.00027974975568334504,-0.00027974975568334504,0.007164480366555259,42,1000,toniot
toniot_scanning__natural_cur__ms42__q1000_id500_ood500,42,999,toniot_scanning_natural_cur,0.9762572293692624,0.983701459491501,-0.007444230122238604,0.5977346641247057,0.598014413880389,-0.00027974975568334504,-0.00027974975568334504,0.007164480366555259,42,1000,toniot
toniot_scanning__natural_cur__ms42__q1000_id500_ood500,123,42,toniot_scanning_natural_cur,0.9780263747519364,0.9537271973625248,0.024299177389411675,0.5742910185007362,0.8794868126240318,-0.30519579412329567,-0.30519579412329567,-0.32949497151270735,42,1000,toniot
toniot_scanning__natural_cur__ms42__q1000_id500_ood500,123,123,toniot_scanning_natural_cur,0.9780263747519364,0.9537271973625248,0.024299177389411675,0.5742910185007362,0.8794868126240318,-0.30519579412329567,-0.30519579412329567,-0.32949497151270735,42,1000,toniot
toniot_scanning__natural_cur__ms42__q1000_id500_ood500,123,999,toniot_scanning_natural_cur,0.9780263747519364,0.9537271973625248,0.024299177389411675,0.5742910185007362,0.8794868126240318,-0.30519579412329567,-0.30519579412329567,-0.32949497151270735,42,1000,toniot
toniot_scanning__natural_cur__ms42__q1000_id500_ood500,999,42,toniot_scanning_natural_cur,0.9835466764927344,0.9864753248209679,-0.002928648328233474,0.9688796680497924,0.9714558467774236,-0.002576178727631162,-0.002576178727631162,0.00035246960060231203,42,1000,toniot
toniot_scanning__natural_cur__ms42__q1000_id500_ood500,999,123,toniot_scanning_natural_cur,0.9835466764927344,0.9864753248209679,-0.002928648328233474,0.9688796680497924,0.9714558467774236,-0.002576178727631162,-0.002576178727631162,0.00035246960060231203,42,1000,toniot
toniot_scanning__natural_cur__ms42__q1000_id500_ood500,999,999,toniot_scanning_natural_cur,0.9835466764927344,0.9864753248209679,-0.002928648328233474,0.9688796680497924,0.9714558467774236,-0.002576178727631162,-0.002576178727631162,0.00035246960060231203,42,1000,toniot
toniot_scanning__natural_cur__ms42__q1000_id500_ood500,2024,42,toniot_scanning_natural_cur,0.990272373540856,0.9808597412371298,0.009412632303726132,0.6141775151718948,0.6206545579734513,-0.006477042801556476,-0.006477042801556476,-0.015889675105282608,42,1000,toniot
toniot_scanning__natural_cur__ms42__q1000_id500_ood500,2024,123,toniot_scanning_natural_cur,0.990272373540856,0.9808597412371298,0.009412632303726132,0.6141775151718948,0.6206545579734513,-0.006477042801556476,-0.006477042801556476,-0.015889675105282608,42,1000,toniot
toniot_scanning__natural_cur__ms42__q1000_id500_ood500,2024,999,toniot_scanning_natural_cur,0.990272373540856,0.9808597412371298,0.009412632303726132,0.6141775151718948,0.6206545579734513,-0.006477042801556476,-0.006477042801556476,-0.015889675105282608,42,1000,toniot
toniot_scanning__natural_cur__ms999__q1000_id500_ood500,7,42,toniot_scanning_natural_cur,0.981060606060606,0.9558270480225987,0.02523355803800731,0.5742809450436569,0.5879305662557782,-0.013649621212121321,-0.013649621212121321,-0.03888317925012863,999,1000,toniot
toniot_scanning__natural_cur__ms999__q1000_id500_ood500,7,123,toniot_scanning_natural_cur,0.9551874678993324,0.9558270480225987,-0.000639580123266259,0.5742809450436569,0.5879305662557782,-0.013649621212121321,-0.013649621212121321,-0.013010041088855062,999,1000,toniot
toniot_scanning__natural_cur__ms999__q1000_id500_ood500,7,999,toniot_scanning_natural_cur,0.981060606060606,0.9558270480225987,0.02523355803800731,0.5742809450436569,0.5879305662557782,-0.013649621212121321,-0.013649621212121321,-0.03888317925012863,999,1000,toniot
toniot_scanning__natural_cur__ms999__q1000_id500_ood500,42,42,toniot_scanning_natural_cur,0.988593155893536,0.9920334600760456,-0.0034403041825096237,0.5811875310840513,0.8731048354751246,-0.29191730439107333,-0.29191730439107333,-0.2884770002085637,999,1000,toniot
toniot_scanning__natural_cur__ms999__q1000_id500_ood500,42,123,toniot_scanning_natural_cur,0.988593155893536,0.9920334600760456,-0.0034403041825096237,0.5811875310840513,0.8731048354751246,-0.29191730439107333,-0.29191730439107333,-0.2884770002085637,999,1000,toniot
toniot_scanning__natural_cur__ms999__q1000_id500_ood500,42,999,toniot_scanning_natural_cur,0.988593155893536,0.9920334600760456,-0.0034403041825096237,0.5811875310840513,0.8731048354751246,-0.29191730439107333,-0.29191730439107333,-0.2884770002085637,999,1000,toniot
toniot_scanning__natural_cur__ms999__q1000_id500_ood500,123,42,toniot_scanning_natural_cur,0.9315394603953252,0.9390115295211529,-0.007472069125827652,0.5185318777152568,0.591933928084772,-0.07340205036951519,-0.07340205036951519,-0.06592998124368754,999,1000,toniot
toniot_scanning__natural_cur__ms999__q1000_id500_ood500,123,123,toniot_scanning_natural_cur,0.9315394603953252,0.9390115295211529,-0.007472069125827652,0.5185318777152568,0.591933928084772,-0.07340205036951519,-0.07340205036951519,-0.06592998124368754,999,1000,toniot
toniot_scanning__natural_cur__ms999__q1000_id500_ood500,123,999,toniot_scanning_natural_cur,0.9315394603953252,0.9390115295211529,-0.007472069125827652,0.5185318777152568,0.591933928084772,-0.07340205036951519,-0.07340205036951519,-0.06592998124368754,999,1000,toniot
toniot_scanning__natural_cur__ms999__q1000_id500_ood500,999,42,toniot_scanning_natural_cur,0.989451476793249,0.9573019974009721,0.03214947939227686,0.5957067911633056,0.5929439219649935,0.0027628691983121456,0.0027628691983121456,-0.029386610193964713,999,1000,toniot
toniot_scanning__natural_cur__ms999__q1000_id500_ood500,999,123,toniot_scanning_natural_cur,0.989451476793249,0.9573019974009721,0.03214947939227686,0.5957067911633056,0.5929439219649935,0.0027628691983121456,0.0027628691983121456,-0.029386610193964713,999,1000,toniot
toniot_scanning__natural_cur__ms999__q1000_id500_ood500,999,999,toniot_scanning_natural_cur,0.989451476793249,0.9573019974009721,0.03214947939227686,0.5957067911633056,0.5929439219649935,0.0027628691983121456,0.0027628691983121456,-0.029386610193964713,999,1000,toniot
toniot_scanning__natural_cur__ms999__q1000_id500_ood500,2024,42,toniot_scanning_natural_cur,0.941025641025641,0.9690809615384615,-0.028055320512820447,0.5703525641025641,0.5695425641025641,0.0008099999999999774,0.0008099999999999774,0.028865320512820425,999,1000,toniot
toniot_scanning__natural_cur__ms999__q1000_id500_ood500,2024,123,toniot_scanning_natural_cur,0.941025641025641,0.9690809615384615,-0.028055320512820447,0.5703525641025641,0.5695425641025641,0.0008099999999999774,0.0008099999999999774,0.028865320512820425,999,1000,toniot
toniot_scanning__natural_cur__ms999__q1000_id500_ood500,2024,999,toniot_scanning_natural_cur,0.941025641025641,0.9690809615384615,-0.028055320512820447,0.5703525641025641,0.5695425641025641,0.0008099999999999774,0.0008099999999999774,0.028865320512820425,999,1000,toniot
unsw_dos__m2_centroid__ms123__q1000_id500_ood500,7,42,unsw_dos_m2_centroid,0.8786409320786122,0.892822380129313,-0.014181448050700873,0.8869630625440112,0.8994466263363418,-0.01248356379233051,-0.01248356379233051,0.0016978842583703635,123,1000,unsw
unsw_dos__m2_centroid__ms123__q1000_id500_ood500,7,123,unsw_dos_m2_centroid,0.8786409320786122,0.8930586870238781,-0.014417754945265981,0.8869630625440112,0.8994466263363418,-0.01248356379233051,-0.01248356379233051,0.0019341911529354716,123,1000,unsw
unsw_dos__m2_centroid__ms123__q1000_id500_ood500,7,999,unsw_dos_m2_centroid,0.8786409320786122,0.892822380129313,-0.014181448050700873,0.8869630625440112,0.8994466263363418,-0.01248356379233051,-0.01248356379233051,0.0016978842583703635,123,1000,unsw
unsw_dos__m2_centroid__ms123__q1000_id500_ood500,42,42,unsw_dos_m2_centroid,0.9025857654889912,0.9039086917562725,-0.0013229262672813658,0.8965373783922171,0.9040166922683053,-0.007479313876088134,-0.007479313876088134,-0.006156387608806768,123,1000,unsw
unsw_dos__m2_centroid__ms123__q1000_id500_ood500,42,123,unsw_dos_m2_centroid,0.9025857654889912,0.9039086917562725,-0.0013229262672813658,0.8965373783922171,0.9040000256016385,-0.007462647209421358,-0.007462647209421358,-0.006139720942139992,123,1000,unsw
unsw_dos__m2_centroid__ms123__q1000_id500_ood500,42,999,unsw_dos_m2_centroid,0.9025857654889912,0.9039086917562725,-0.0013229262672813658,0.8965373783922171,0.9040000256016385,-0.007462647209421358,-0.007462647209421358,-0.006139720942139992,123,1000,unsw
unsw_dos__m2_centroid__ms123__q1000_id500_ood500,123,42,unsw_dos_m2_centroid,0.8962785114045618,0.9137794397759103,-0.017500928371348423,0.9024809923969588,0.9277608163265307,-0.025279823929571954,-0.025279823929571954,-0.007778895558223531,123,1000,unsw
unsw_dos__m2_centroid__ms123__q1000_id500_ood500,123,123,unsw_dos_m2_centroid,0.8962785114045618,0.9113314605842338,-0.015052949179671926,0.9024809923969588,0.9275753261304522,-0.025094333733493457,-0.025094333733493457,-0.01004138455382153,123,1000,unsw
unsw_dos__m2_centroid__ms123__q1000_id500_ood500,123,999,unsw_dos_m2_centroid,0.8962785114045618,0.9113314605842338,-0.015052949179671926,0.9024809923969588,0.9275819367747099,-0.025100944377751122,-0.025100944377751122,-0.010047995198079196,123,1000,unsw
unsw_dos__m2_centroid__ms123__q1000_id500_ood500,999,42,unsw_dos_m2_centroid,0.9053671166403412,0.8369014867043363,0.06846562993600491,0.91827197081956,0.7757633876667047,0.1425085831528553,0.1425085831528553,0.0740429532168504,123,1000,unsw
unsw_dos__m2_centroid__ms123__q1000_id500_ood500,999,123,unsw_dos_m2_centroid,0.9053671166403412,0.8369014867043363,0.06846562993600491,0.91827197081956,0.7757633876667047,0.1425085831528553,0.1425085831528553,0.0740429532168504,123,1000,unsw
unsw_dos__m2_centroid__ms123__q1000_id500_ood500,999,999,unsw_dos_m2_centroid,0.9053671166403412,0.8368063343700638,0.0685607822702774,0.91827197081956,0.7757633876667047,0.1425085831528553,0.1425085831528553,0.07394780088257791,123,1000,unsw
unsw_dos__m2_centroid__ms123__q1000_id500_ood500,2024,42,unsw_dos_m2_centroid,0.8827721878224974,0.8942214460784315,-0.011449258255934014,0.8849651702786377,0.8895086042311661,-0.00454343395252832,-0.00454343395252832,0.006905824303405694,123,1000,unsw
unsw_dos__m2_centroid__ms123__q1000_id500_ood500,2024,123,unsw_dos_m2_centroid,0.8827721878224974,0.8942214460784315,-0.011449258255934014,0.8849651702786377,0.8895086042311661,-0.00454343395252832,-0.00454343395252832,0.006905824303405694,123,1000,unsw
unsw_dos__m2_centroid__ms123__q1000_id500_ood500,2024,999,unsw_dos_m2_centroid,0.8827721878224974,0.8942214460784315,-0.011449258255934014,0.8849651702786377,0.8895086042311661,-0.00454343395252832,-0.00454343395252832,0.006905824303405694,123,1000,unsw
unsw_dos__m2_centroid__ms42__q1000_id500_ood500,7,42,unsw_dos_m2_centroid,0.9133253301320527,0.9112301160464186,0.0020952140856341783,0.9236494597839136,0.9111309163665464,0.012518543417367134,0.012518543417367134,0.010423329331732956,42,1000,unsw
unsw_dos__m2_centroid__ms42__q1000_id500_ood500,7,123,unsw_dos_m2_centroid,0.9133253301320527,0.9112301160464186,0.0020952140856341783,0.9236494597839136,0.9111309163665464,0.012518543417367134,0.012518543417367134,0.010423329331732956,42,1000,unsw
unsw_dos__m2_centroid__ms42__q1000_id500_ood500,7,999,unsw_dos_m2_centroid,0.9133253301320527,0.9112301160464186,0.0020952140856341783,0.9236494597839136,0.9111309163665464,0.012518543417367134,0.012518543417367134,0.010423329331732956,42,1000,unsw
unsw_dos__m2_centroid__ms42__q1000_id500_ood500,42,42,unsw_dos_m2_centroid,0.9004416282642089,0.8957382680491551,0.004703360215053798,0.8603750640040962,0.9034095302099334,-0.043034466205837174,-0.043034466205837174,-0.04773782642089097,42,1000,unsw
unsw_dos__m2_centroid__ms42__q1000_id500_ood500,42,123,unsw_dos_m2_centroid,0.9004416282642089,0.8957382680491551,0.004703360215053798,0.8603750640040962,0.9034095302099334,-0.043034466205837174,-0.043034466205837174,-0.04773782642089097,42,1000,unsw
unsw_dos__m2_centroid__ms42__q1000_id500_ood500,42,999,unsw_dos_m2_centroid,0.9004416282642089,0.8957382680491551,0.004703360215053798,0.8603750640040962,0.9034095302099334,-0.043034466205837174,-0.043034466205837174,-0.04773782642089097,42,1000,unsw
unsw_dos__m2_centroid__ms42__q1000_id500_ood500,123,42,unsw_dos_m2_centroid,0.9137643912827658,0.9206483483050711,-0.006883957022305376,0.9015308001473156,0.9218747658164003,-0.020343965669084696,-0.020343965669084696,-0.01346000864677932,42,1000,unsw
unsw_dos__m2_centroid__ms42__q1000_id500_ood500,123,123,unsw_dos_m2_centroid,0.9137643912827658,0.9206483483050711,-0.006883957022305376,0.9015308001473156,0.9218747658164003,-0.020343965669084696,-0.020343965669084696,-0.01346000864677932,42,1000,unsw
unsw_dos__m2_centroid__ms42__q1000_id500_ood500,123,999,unsw_dos_m2_centroid,0.9137643912827658,0.9206483483050711,-0.006883957022305376,0.9015308001473156,0.9218747658164003,-0.020343965669084696,-0.020343965669084696,-0.01346000864677932,42,1000,unsw
unsw_dos__m2_centroid__ms42__q1000_id500_ood500,999,42,unsw_dos_m2_centroid,0.907394755677012,0.898573114711432,0.008821640965580024,0.869022057388249,0.9167163738694775,-0.04769431648122846,-0.04769431648122846,-0.056515957446808485,42,1000,unsw
unsw_dos__m2_centroid__ms42__q1000_id500_ood500,999,123,unsw_dos_m2_centroid,0.907394755677012,0.8985486466263257,0.00884610905068628,0.869022057388249,0.9167163738694775,-0.04769431648122846,-0.04769431648122846,-0.05654042553191474,42,1000,unsw
unsw_dos__m2_centroid__ms42__q1000_id500_ood500,999,999,unsw_dos_m2_centroid,0.907394755677012,0.8985486466263257,0.00884610905068628,0.869022057388249,0.9167163738694775,-0.04769431648122846,-0.04769431648122846,-0.05654042553191474,42,1000,unsw
unsw_dos__m2_centroid__ms42__q1000_id500_ood500,2024,42,unsw_dos_m2_centroid,0.8646046504133164,0.8860117629997262,-0.021407112586409816,0.9018434070803588,0.8877129409110687,0.014130466169290146,0.014130466169290146,0.03553757875569996,42,1000,unsw
unsw_dos__m2_centroid__ms42__q1000_id500_ood500,2024,123,unsw_dos_m2_centroid,0.8646046504133164,0.8860117629997262,-0.021407112586409816,0.9018434070803588,0.887713814273514,0.014129592806844782,0.014129592806844782,0.0355367053932546,42,1000,unsw
unsw_dos__m2_centroid__ms42__q1000_id500_ood500,2024,999,unsw_dos_m2_centroid,0.8646046504133164,0.8860117629997262,-0.021407112586409816,0.9018434070803588,0.887713814273514,0.014129592806844782,0.014129592806844782,0.0355367053932546,42,1000,unsw
unsw_dos__m2_centroid__ms999__q1000_id500_ood500,7,42,unsw_dos_m2_centroid,0.919915498367582,0.9050399046155817,0.014875593752000316,0.9218199859163946,0.8908825907432303,0.030937395173164295,0.030937395173164295,0.01606180142116398,999,1000,unsw
unsw_dos__m2_centroid__ms999__q1000_id500_ood500,7,123,unsw_dos_m2_centroid,0.919915498367582,0.9050399046155817,0.014875593752000316,0.9218199859163946,0.8908825907432303,0.030937395173164295,0.030937395173164295,0.01606180142116398,999,1000,unsw
unsw_dos__m2_centroid__ms999__q1000_id500_ood500,7,999,unsw_dos_m2_centroid,0.919915498367582,0.9050399046155817,0.014875593752000316,0.9218199859163946,0.8908825907432303,0.030937395173164295,0.030937395173164295,0.01606180142116398,999,1000,unsw
unsw_dos__m2_centroid__ms999__q1000_id500_ood500,42,42,unsw_dos_m2_centroid,0.8420374725995616,0.8675424326789228,-0.025504960079361205,0.8420534728555658,0.8590339957439319,-0.016980522888366156,-0.016980522888366156,0.008524437190995049,999,1000,unsw
unsw_dos__m2_centroid__ms999__q1000_id500_ood500,42,123,unsw_dos_m2_centroid,0.8420374725995616,0.8675424326789228,-0.025504960079361205,0.8420534728555658,0.8590339957439319,-0.016980522888366156,-0.016980522888366156,0.008524437190995049,999,1000,unsw
unsw_dos__m2_centroid__ms999__q1000_id500_ood500,42,999,unsw_dos_m2_centroid,0.8420374725995616,0.8675424326789228,-0.025504960079361205,0.8420534728555658,0.8590339957439319,-0.016980522888366156,-0.016980522888366156,0.008524437190995049,999,1000,unsw
unsw_dos__m2_centroid__ms999__q1000_id500_ood500,123,42,unsw_dos_m2_centroid,0.9355995134754496,0.9358685871583126,-0.00026907368286299693,0.9010466679469944,0.9204689104410729,-0.019422242494078534,-0.019422242494078534,-0.019153168811215537,999,1000,unsw
unsw_dos__m2_centroid__ms999__q1000_id500_ood500,123,123,unsw_dos_m2_centroid,0.9355995134754496,0.9358685871583126,-0.00026907368286299693,0.9010466679469944,0.9204689104410729,-0.019422242494078534,-0.019422242494078534,-0.019153168811215537,999,1000,unsw
unsw_dos__m2_centroid__ms999__q1000_id500_ood500,123,999,unsw_dos_m2_centroid,0.9355995134754496,0.9358685871583126,-0.00026907368286299693,0.9010466679469944,0.9204689104410729,-0.019422242494078534,-0.019422242494078534,-0.019153168811215537,999,1000,unsw
unsw_dos__m2_centroid__ms999__q1000_id500_ood500,999,42,unsw_dos_m2_centroid,0.8934533124673969,0.9069334376630152,-0.013480125195618253,0.8214332290036515,0.8838131390193011,-0.06237991001564969,-0.06237991001564969,-0.04889978482003143,999,1000,unsw
unsw_dos__m2_centroid__ms999__q1000_id500_ood500,999,123,unsw_dos_m2_centroid,0.8934533124673969,0.9069341418883672,-0.013480829420970286,0.8214332290036515,0.8838117501304121,-0.06237852112676068,-0.06237852112676068,-0.04889769170579039,999,1000,unsw
unsw_dos__m2_centroid__ms999__q1000_id500_ood500,999,999,unsw_dos_m2_centroid,0.8934533124673969,0.9069341418883672,-0.013480829420970286,0.8214332290036515,0.8838131390193011,-0.06237991001564969,-0.06237991001564969,-0.0488990805946794,999,1000,unsw
unsw_dos__m2_centroid__ms999__q1000_id500_ood500,2024,42,unsw_dos_m2_centroid,0.9152173913043478,0.88213884057971,0.03307855072463772,0.8838969404186796,0.8125274718196458,0.07136946859903381,0.07136946859903381,0.03829091787439609,999,1000,unsw
unsw_dos__m2_centroid__ms999__q1000_id500_ood500,2024,123,unsw_dos_m2_centroid,0.9152173913043478,0.88213884057971,0.03307855072463772,0.8838969404186796,0.8125274718196458,0.07136946859903381,0.07136946859903381,0.03829091787439609,999,1000,unsw
unsw_dos__m2_centroid__ms999__q1000_id500_ood500,2024,999,unsw_dos_m2_centroid,0.9152173913043478,0.88213884057971,0.03307855072463772,0.8838969404186796,0.8125274718196458,0.07136946859903381,0.07136946859903381,0.03829091787439609,999,1000,unsw
unsw_dos__natural_cur__ms123__q1000_id500_ood500,7,42,unsw_dos_natural_cur,0.7869534600857819,0.7644884162345561,0.02246504385122583,0.77285385058575,0.8035872959477626,-0.030733445362012612,-0.030733445362012612,-0.05319848921323844,123,1000,unsw
unsw_dos__natural_cur__ms123__q1000_id500_ood500,7,123,unsw_dos_natural_cur,0.7869534600857819,0.7644884162345561,0.02246504385122583,0.77285385058575,0.8035872959477626,-0.030733445362012612,-0.030733445362012612,-0.05319848921323844,123,1000,unsw
unsw_dos__natural_cur__ms123__q1000_id500_ood500,7,999,unsw_dos_natural_cur,0.7869534600857819,0.7644884162345561,0.02246504385122583,0.77285385058575,0.8035872959477626,-0.030733445362012612,-0.030733445362012612,-0.05319848921323844,123,1000,unsw
unsw_dos__natural_cur__ms123__q1000_id500_ood500,42,42,unsw_dos_natural_cur,0.823210968031264,0.8353085655711447,-0.012097597539880711,0.8252770837337433,0.8507360048689858,-0.025458921135242507,-0.025458921135242507,-0.013361323595361796,123,1000,unsw
unsw_dos__natural_cur__ms123__q1000_id500_ood500,42,123,unsw_dos_natural_cur,0.823210968031264,0.8353085655711447,-0.012097597539880711,0.8252770837337433,0.8507360048689858,-0.025458921135242507,-0.025458921135242507,-0.013361323595361796,123,1000,unsw
unsw_dos__natural_cur__ms123__q1000_id500_ood500,42,999,unsw_dos_natural_cur,0.823210968031264,0.8353085655711447,-0.012097597539880711,0.8252770837337433,0.8507360048689858,-0.025458921135242507,-0.025458921135242507,-0.013361323595361796,123,1000,unsw
unsw_dos__natural_cur__ms123__q1000_id500_ood500,123,42,unsw_dos_natural_cur,0.8648525387655823,0.800910942375702,0.06394159638988028,0.8225344449600742,0.7950558800467266,0.02747856491334766,0.02747856491334766,-0.036463031476532626,123,1000,unsw
unsw_dos__natural_cur__ms123__q1000_id500_ood500,123,123,unsw_dos_natural_cur,0.8648525387655823,0.800910942375702,0.06394159638988028,0.8225344449600742,0.7950558800467266,0.02747856491334766,0.02747856491334766,-0.036463031476532626,123,1000,unsw
unsw_dos__natural_cur__ms123__q1000_id500_ood500,123,999,unsw_dos_natural_cur,0.8648525387655823,0.800910942375702,0.06394159638988028,0.8225344449600742,0.7950558800467266,0.02747856491334766,0.02747856491334766,-0.036463031476532626,123,1000,unsw
unsw_dos__natural_cur__ms123__q1000_id500_ood500,999,42,unsw_dos_natural_cur,0.851154566257541,0.8356117168872317,0.015542849370309364,0.8214622905698421,0.8207276039749726,0.0007346865948695269,0.0007346865948695269,-0.014808162775439837,123,1000,unsw
unsw_dos__natural_cur__ms123__q1000_id500_ood500,999,123,unsw_dos_natural_cur,0.851154566257541,0.8356117168872317,0.015542849370309364,0.8214622905698421,0.8206221375878128,0.0008401529820293296,0.0008401529820293296,-0.014702696388280034,123,1000,unsw
unsw_dos__natural_cur__ms123__q1000_id500_ood500,999,999,unsw_dos_natural_cur,0.851154566257541,0.8356117168872317,0.015542849370309364,0.8214622905698421,0.8206193035797155,0.0008429869901266374,0.0008429869901266374,-0.014699862380182727,123,1000,unsw
unsw_dos__natural_cur__ms123__q1000_id500_ood500,2024,42,unsw_dos_natural_cur,0.8213971423542776,0.8364057856925712,-0.015008643338293548,0.8495895934334949,0.8350852701643228,0.01450432326917217,0.01450432326917217,0.029512966607465718,123,1000,unsw
unsw_dos__natural_cur__ms123__q1000_id500_ood500,2024,123,unsw_dos_natural_cur,0.8213971423542776,0.8364057856925712,-0.015008643338293548,0.8495895934334949,0.8350852701643228,0.01450432326917217,0.01450432326917217,0.029512966607465718,123,1000,unsw
unsw_dos__natural_cur__ms123__q1000_id500_ood500,2024,999,unsw_dos_natural_cur,0.8213971423542776,0.8364057856925712,-0.015008643338293548,0.8495895934334949,0.8350852701643228,0.01450432326917217,0.01450432326917217,0.029512966607465718,123,1000,unsw
unsw_dos__natural_cur__ms42__q1000_id500_ood500,7,42,unsw_dos_natural_cur,0.8071991711320847,0.8159846287092649,-0.008785457577180189,0.8182966116786194,0.8184788978646939,-0.0001822861860744096,-0.0001822861860744096,0.00860317139110578,42,1000,unsw
unsw_dos__natural_cur__ms42__q1000_id500_ood500,7,123,unsw_dos_natural_cur,0.8071991711320847,0.815521451813958,-0.00832228068187324,0.8182966116786194,0.8184788978646939,-0.0001822861860744096,-0.0001822861860744096,0.00813999449579883,42,1000,unsw
unsw_dos__natural_cur__ms42__q1000_id500_ood500,7,999,unsw_dos_natural_cur,0.8071991711320847,0.815521451813958,-0.00832228068187324,0.8182966116786194,0.8184788978646939,-0.0001822861860744096,-0.0001822861860744096,0.00813999449579883,42,1000,unsw
unsw_dos__natural_cur__ms42__q1000_id500_ood500,42,42,unsw_dos_natural_cur,0.8357371794871795,0.8536805769230766,-0.017943397435897124,0.8365384615384615,0.8532774679487178,-0.016739006410256385,-0.016739006410256385,0.0012043910256407386,42,1000,unsw
unsw_dos__natural_cur__ms42__q1000_id500_ood500,42,123,unsw_dos_natural_cur,0.8357371794871795,0.8536805769230766,-0.017943397435897124,0.8365384615384615,0.8532774679487178,-0.016739006410256385,-0.016739006410256385,0.0012043910256407386,42,1000,unsw
unsw_dos__natural_cur__ms42__q1000_id500_ood500,42,999,unsw_dos_natural_cur,0.8357371794871795,0.8536805769230766,-0.017943397435897124,0.8365384615384615,0.8532774679487178,-0.016739006410256385,-0.016739006410256385,0.0012043910256407386,42,1000,unsw
unsw_dos__natural_cur__ms42__q1000_id500_ood500,123,42,unsw_dos_natural_cur,0.8225568845975244,0.8241258906983076,-0.0015690061007831435,0.808489856047141,0.8323738835246836,-0.02388402747754259,-0.02388402747754259,-0.022315021376759447,42,1000,unsw
unsw_dos__natural_cur__ms42__q1000_id500_ood500,123,123,unsw_dos_natural_cur,0.8225568845975244,0.8241258906983076,-0.0015690061007831435,0.808489856047141,0.8323738835246836,-0.02388402747754259,-0.02388402747754259,-0.022315021376759447,42,1000,unsw
unsw_dos__natural_cur__ms42__q1000_id500_ood500,123,999,unsw_dos_natural_cur,0.8225568845975244,0.8241640229940272,-0.0016071383965028385,0.808489856047141,0.8323738835246836,-0.02388402747754259,-0.02388402747754259,-0.022276889081039752,42,1000,unsw
unsw_dos__natural_cur__ms42__q1000_id500_ood500,999,42,unsw_dos_natural_cur,0.8056397184950064,0.7960977267990831,0.009541991695923291,0.817662995559403,0.8040542426137003,0.01360875294570274,0.01360875294570274,0.004066761249779449,42,1000,unsw
unsw_dos__natural_cur__ms42__q1000_id500_ood500,999,123,unsw_dos_natural_cur,0.8056397184950064,0.7960977267990831,0.009541991695923291,0.817662995559403,0.8040542426137003,0.01360875294570274,0.01360875294570274,0.004066761249779449,42,1000,unsw
unsw_dos__natural_cur__ms42__q1000_id500_ood500,999,999,unsw_dos_natural_cur,0.8056397184950064,0.7960977267990831,0.009541991695923291,0.817662995559403,0.8040542426137003,0.01360875294570274,0.01360875294570274,0.004066761249779449,42,1000,unsw
unsw_dos__natural_cur__ms42__q1000_id500_ood500,2024,42,unsw_dos_natural_cur,0.7977148709414155,0.8104010561520859,-0.012686185210670442,0.7855691219535612,0.811854916708006,-0.026285794754444813,-0.026285794754444813,-0.013599609543774371,42,1000,unsw
unsw_dos__natural_cur__ms42__q1000_id500_ood500,2024,123,unsw_dos_natural_cur,0.7977148709414155,0.8104010561520859,-0.012686185210670442,0.7855691219535612,0.8119350786513257,-0.026365956697764537,-0.026365956697764537,-0.013679771487094095,42,1000,unsw
unsw_dos__natural_cur__ms42__q1000_id500_ood500,2024,999,unsw_dos_natural_cur,0.7977148709414155,0.8104010561520859,-0.012686185210670442,0.7855691219535612,0.811854916708006,-0.026285794754444813,-0.026285794754444813,-0.013599609543774371,42,1000,unsw
unsw_dos__natural_cur__ms999__q1000_id500_ood500,7,42,unsw_dos_natural_cur,0.8155513922915566,0.8308150998382731,-0.015263707546716465,0.8319002097644553,0.8288058397783862,0.0030943699860691565,0.0030943699860691565,0.01835807753278562,999,1000,unsw
unsw_dos__natural_cur__ms999__q1000_id500_ood500,7,123,unsw_dos_natural_cur,0.8155513922915566,0.8308150998382731,-0.015263707546716465,0.8319002097644553,0.8288058397783862,0.0030943699860691565,0.0030943699860691565,0.01835807753278562,999,1000,unsw
unsw_dos__natural_cur__ms999__q1000_id500_ood500,7,999,unsw_dos_natural_cur,0.8155513922915566,0.8308150998382731,-0.015263707546716465,0.8319002097644553,0.8288058397783862,0.0030943699860691565,0.0030943699860691565,0.01835807753278562,999,1000,unsw
unsw_dos__natural_cur__ms999__q1000_id500_ood500,42,42,unsw_dos_natural_cur,0.8302061987704918,0.8337371349897541,-0.0035309362192622595,0.7856685450819672,0.825530321465164,-0.03986177638319688,-0.03986177638319688,-0.03633084016393462,999,1000,unsw
unsw_dos__natural_cur__ms999__q1000_id500_ood500,42,123,unsw_dos_natural_cur,0.8302061987704918,0.8337371349897541,-0.0035309362192622595,0.7856685450819672,0.825530321465164,-0.03986177638319688,-0.03986177638319688,-0.03633084016393462,999,1000,unsw
unsw_dos__natural_cur__ms999__q1000_id500_ood500,42,999,unsw_dos_natural_cur,0.8302061987704918,0.8337371349897541,-0.0035309362192622595,0.7856685450819672,0.825530321465164,-0.03986177638319688,-0.03986177638319688,-0.03633084016393462,999,1000,unsw
unsw_dos__natural_cur__ms999__q1000_id500_ood500,123,42,unsw_dos_natural_cur,0.7792764684234947,0.784889116625866,-0.005612648202371284,0.7852525640410246,0.7920970783532536,-0.006844514312228989,-0.006844514312228989,-0.0012318661098577044,999,1000,unsw
unsw_dos__natural_cur__ms999__q1000_id500_ood500,123,123,unsw_dos_natural_cur,0.7792764684234947,0.784889116625866,-0.005612648202371284,0.7852525640410246,0.7920970783532536,-0.006844514312228989,-0.006844514312228989,-0.0012318661098577044,999,1000,unsw
unsw_dos__natural_cur__ms999__q1000_id500_ood500,123,999,unsw_dos_natural_cur,0.7792764684234947,0.784889116625866,-0.005612648202371284,0.7852525640410246,0.7920970783532536,-0.006844514312228989,-0.006844514312228989,-0.0012318661098577044,999,1000,unsw
unsw_dos__natural_cur__ms999__q1000_id500_ood500,999,42,unsw_dos_natural_cur,0.7643505983754947,0.7796350438167866,-0.015284445441291927,0.7516140918630545,0.7838929060061841,-0.03227881414312961,-0.03227881414312961,-0.01699436870183768,999,1000,unsw
unsw_dos__natural_cur__ms999__q1000_id500_ood500,999,123,unsw_dos_natural_cur,0.7643505983754947,0.7796350438167866,-0.015284445441291927,0.7516140918630545,0.7841568064211218,-0.03254271455806734,-0.03254271455806734,-0.017258269116775415,999,1000,unsw
unsw_dos__natural_cur__ms999__q1000_id500_ood500,999,999,unsw_dos_natural_cur,0.7643505983754947,0.779391060414297,-0.015040462038802271,0.7516140918630545,0.7838929060061841,-0.03227881414312961,-0.03227881414312961,-0.017238352104327337,999,1000,unsw
unsw_dos__natural_cur__ms999__q1000_id500_ood500,2024,42,unsw_dos_natural_cur,0.7986680327868853,0.8337322553790983,-0.03506422259221309,0.8241547131147541,0.8426208632172131,-0.018466150102459,-0.018466150102459,0.01659807248975409,999,1000,unsw
unsw_dos__natural_cur__ms999__q1000_id500_ood500,2024,123,unsw_dos_natural_cur,0.7986680327868853,0.8337322553790983,-0.03506422259221309,0.8241547131147541,0.8426208632172131,-0.018466150102459,-0.018466150102459,0.01659807248975409,999,1000,unsw
unsw_dos__natural_cur__ms999__q1000_id500_ood500,2024,999,unsw_dos_natural_cur,0.7986680327868853,0.8337322553790983,-0.03506422259221309,0.8241547131147541,0.8426208632172131,-0.018466150102459,-0.018466150102459,0.01659807248975409,999,1000,unsw
unsw_recon__m2_centroid__ms123__q1000_id500_ood500,7,42,unsw_recon_m2_centroid,0.9122374487704918,0.9098384349385248,0.002399013831967056,0.8881275614754098,0.9170922771516394,-0.028964715676229602,-0.028964715676229602,-0.03136372950819666,123,1000,unsw
unsw_recon__m2_centroid__ms123__q1000_id500_ood500,7,123,unsw_recon_m2_centroid,0.9122374487704918,0.9098384349385248,0.002399013831967056,0.8881275614754098,0.9170922771516394,-0.028964715676229602,-0.028964715676229602,-0.03136372950819666,123,1000,unsw
unsw_recon__m2_centroid__ms123__q1000_id500_ood500,7,999,unsw_recon_m2_centroid,0.9122374487704918,0.9098384349385248,0.002399013831967056,0.8881275614754098,0.9170922771516394,-0.028964715676229602,-0.028964715676229602,-0.03136372950819666,123,1000,unsw
unsw_recon__m2_centroid__ms123__q1000_id500_ood500,42,42,unsw_recon_m2_centroid,0.9500768049155146,0.9227447004608296,0.027332104454685036,0.9301075268817204,0.9211407578084998,0.008966769073220582,0.008966769073220582,-0.018365335381464454,123,1000,unsw
unsw_recon__m2_centroid__ms123__q1000_id500_ood500,42,123,unsw_recon_m2_centroid,0.9500768049155146,0.9227447004608296,0.027332104454685036,0.9301075268817204,0.9211407578084998,0.008966769073220582,0.008966769073220582,-0.018365335381464454,123,1000,unsw
unsw_recon__m2_centroid__ms123__q1000_id500_ood500,42,999,unsw_recon_m2_centroid,0.9500768049155146,0.9227447004608296,0.027332104454685036,0.9301075268817204,0.9211407578084998,0.008966769073220582,0.008966769073220582,-0.018365335381464454,123,1000,unsw
unsw_recon__m2_centroid__ms123__q1000_id500_ood500,123,42,unsw_recon_m2_centroid,0.8774406247999489,0.9201896773574033,-0.042749052557454426,0.9168107035401064,0.9271797132065811,-0.010369009666474693,-0.010369009666474693,0.03238004289097973,123,1000,unsw
unsw_recon__m2_centroid__ms123__q1000_id500_ood500,123,123,unsw_recon_m2_centroid,0.8774406247999489,0.9201896773574033,-0.042749052557454426,0.9168107035401064,0.9271797132065811,-0.010369009666474693,-0.010369009666474693,0.03238004289097973,123,1000,unsw
unsw_recon__m2_centroid__ms123__q1000_id500_ood500,123,999,unsw_recon_m2_centroid,0.8774406247999489,0.9201896773574033,-0.042749052557454426,0.9168107035401064,0.9271797132065811,-0.010369009666474693,-0.010369009666474693,0.03238004289097973,123,1000,unsw
unsw_recon__m2_centroid__ms123__q1000_id500_ood500,999,42,unsw_recon_m2_centroid,0.9143557343146992,0.9374235788376676,-0.023067844522968395,0.9333262770513426,0.9279346240901468,0.005391652961195814,0.005391652961195814,0.02845949748416421,123,1000,unsw
unsw_recon__m2_centroid__ms123__q1000_id500_ood500,999,123,unsw_recon_m2_centroid,0.9143557343146992,0.9374235788376676,-0.023067844522968395,0.9333262770513426,0.9279346240901468,0.005391652961195814,0.005391652961195814,0.02845949748416421,123,1000,unsw
unsw_recon__m2_centroid__ms123__q1000_id500_ood500,999,999,unsw_recon_m2_centroid,0.9143557343146992,0.9374235788376676,-0.023067844522968395,0.9333262770513426,0.9279346240901468,0.005391652961195814,0.005391652961195814,0.02845949748416421,123,1000,unsw
unsw_recon__m2_centroid__ms123__q1000_id500_ood500,2024,42,unsw_recon_m2_centroid,0.8959699640664529,0.9104501909473245,-0.014480226880871583,0.911713047261477,0.9194622166003319,-0.007749169338854944,-0.007749169338854944,0.0067310575420166385,123,1000,unsw
unsw_recon__m2_centroid__ms123__q1000_id500_ood500,2024,123,unsw_recon_m2_centroid,0.8959699640664529,0.9104501909473245,-0.014480226880871583,0.911713047261477,0.9194598366070997,-0.007746789345622784,-0.007746789345622784,0.0067334375352487985,123,1000,unsw
unsw_recon__m2_centroid__ms123__q1000_id500_ood500,2024,999,unsw_recon_m2_centroid,0.8959699640664529,0.9104501909473245,-0.014480226880871583,0.911713047261477,0.9194598366070997,-0.007746789345622784,-0.007746789345622784,0.0067334375352487985,123,1000,unsw
unsw_recon__m2_centroid__ms42__q1000_id500_ood500,7,42,unsw_recon_m2_centroid,0.8781928173612445,0.9136647109660072,-0.03547189360476266,0.835637923308367,0.8926710933999104,-0.057033170091543406,-0.057033170091543406,-0.021561276486780745,42,1000,unsw
unsw_recon__m2_centroid__ms42__q1000_id500_ood500,7,123,unsw_recon_m2_centroid,0.8781928173612445,0.9136647109660072,-0.03547189360476266,0.835637923308367,0.8926710933999104,-0.057033170091543406,-0.057033170091543406,-0.021561276486780745,42,1000,unsw
unsw_recon__m2_centroid__ms42__q1000_id500_ood500,7,999,unsw_recon_m2_centroid,0.8781928173612445,0.9136647109660072,-0.03547189360476266,0.835637923308367,0.8926710933999104,-0.057033170091543406,-0.057033170091543406,-0.021561276486780745,42,1000,unsw
unsw_recon__m2_centroid__ms42__q1000_id500_ood500,42,42,unsw_recon_m2_centroid,0.9060064961039376,0.9187962783404535,-0.012789782236515945,0.9021984351749628,0.9118395718331492,-0.009641136658186444,-0.009641136658186444,0.003148645578329501,42,1000,unsw
unsw_recon__m2_centroid__ms42__q1000_id500_ood500,42,123,unsw_recon_m2_centroid,0.9060064961039376,0.9187962783404535,-0.012789782236515945,0.9021984351749628,0.9118395718331492,-0.009641136658186444,-0.009641136658186444,0.003148645578329501,42,1000,unsw
unsw_recon__m2_centroid__ms42__q1000_id500_ood500,42,999,unsw_recon_m2_centroid,0.9060064961039376,0.9187962783404535,-0.012789782236515945,0.9021984351749628,0.9118395718331492,-0.009641136658186444,-0.009641136658186444,0.003148645578329501,42,1000,unsw
unsw_recon__m2_centroid__ms42__q1000_id500_ood500,123,42,unsw_recon_m2_centroid,0.865997695410025,0.9037815632801998,-0.03778386787017474,0.907784392804558,0.9100767204404329,-0.0022923276358748357,-0.0022923276358748357,0.0354915402342999,42,1000,unsw
unsw_recon__m2_centroid__ms42__q1000_id500_ood500,123,123,unsw_recon_m2_centroid,0.865997695410025,0.9039540042250815,-0.037956308815056516,0.907784392804558,0.9080489917418859,-0.00026459893732788675,-0.00026459893732788675,0.03769170987772863,42,1000,unsw
unsw_recon__m2_centroid__ms42__q1000_id500_ood500,123,999,unsw_recon_m2_centroid,0.865997695410025,0.9037815632801998,-0.03778386787017474,0.907784392804558,0.9100767204404329,-0.0022923276358748357,-0.0022923276358748357,0.0354915402342999,42,1000,unsw
unsw_recon__m2_centroid__ms42__q1000_id500_ood500,999,42,unsw_recon_m2_centroid,0.8713158581116327,0.8927966158059469,-0.021480757694314234,0.8958659363588941,0.8892853808033385,0.0065805555555555895,0.0065805555555555895,0.028061313249869824,42,1000,unsw
unsw_recon__m2_centroid__ms42__q1000_id500_ood500,999,123,unsw_recon_m2_centroid,0.8713158581116327,0.8927962636932707,-0.021480405581637996,0.8958659363588941,0.8892853808033385,0.0065805555555555895,0.0065805555555555895,0.028060961137193585,42,1000,unsw
unsw_recon__m2_centroid__ms42__q1000_id500_ood500,999,999,unsw_recon_m2_centroid,0.8713158581116327,0.8927966158059469,-0.021480757694314234,0.8958659363588941,0.8892853808033385,0.0065805555555555895,0.0065805555555555895,0.028061313249869824,42,1000,unsw
unsw_recon__m2_centroid__ms42__q1000_id500_ood500,2024,42,unsw_recon_m2_centroid,0.9009661835748792,0.9155008695652174,-0.014534685990338136,0.8976650563607085,0.9045386634460548,-0.006873607085346345,-0.006873607085346345,0.0076610789049917916,42,1000,unsw
unsw_recon__m2_centroid__ms42__q1000_id500_ood500,2024,123,unsw_recon_m2_centroid,0.9009661835748792,0.9155008695652174,-0.014534685990338136,0.8976650563607085,0.9045386634460548,-0.006873607085346345,-0.006873607085346345,0.0076610789049917916,42,1000,unsw
unsw_recon__m2_centroid__ms42__q1000_id500_ood500,2024,999,unsw_recon_m2_centroid,0.9009661835748792,0.9155008695652174,-0.014534685990338136,0.8976650563607085,0.9045386634460548,-0.006873607085346345,-0.006873607085346345,0.0076610789049917916,42,1000,unsw
unsw_recon__m2_centroid__ms999__q1000_id500_ood500,7,42,unsw_recon_m2_centroid,0.9251328340055054,0.9292350457717176,-0.0041022117662121715,0.9189072402535048,0.9394626976505986,-0.020555457397093857,-0.020555457397093857,-0.016453245630881685,999,1000,unsw
unsw_recon__m2_centroid__ms999__q1000_id500_ood500,7,123,unsw_recon_m2_centroid,0.9251328340055054,0.9292350457717176,-0.0041022117662121715,0.9189072402535048,0.9394626976505986,-0.020555457397093857,-0.020555457397093857,-0.016453245630881685,999,1000,unsw
unsw_recon__m2_centroid__ms999__q1000_id500_ood500,7,999,unsw_recon_m2_centroid,0.9251328340055054,0.9292350457717176,-0.0041022117662121715,0.9189072402535048,0.9394626976505986,-0.020555457397093857,-0.020555457397093857,-0.016453245630881685,999,1000,unsw
unsw_recon__m2_centroid__ms999__q1000_id500_ood500,42,42,unsw_recon_m2_centroid,0.8658938543016688,0.8864034960559369,-0.02050964175426817,0.9181346901550425,0.8825169554712875,0.035617734683754954,0.035617734683754954,0.056127376438023124,999,1000,unsw
unsw_recon__m2_centroid__ms999__q1000_id500_ood500,42,123,unsw_recon_m2_centroid,0.8658938543016688,0.8864034960559369,-0.02050964175426817,0.9181346901550425,0.882783622137954,0.03535106801708843,0.03535106801708843,0.0558607097713566,999,1000,unsw
unsw_recon__m2_centroid__ms999__q1000_id500_ood500,42,999,unsw_recon_m2_centroid,0.8658938543016688,0.8864034960559369,-0.02050964175426817,0.9181346901550425,0.882783622137954,0.03535106801708843,0.03535106801708843,0.0558607097713566,999,1000,unsw
unsw_recon__m2_centroid__ms999__q1000_id500_ood500,123,42,unsw_recon_m2_centroid,0.8848505217335638,0.9041773189936626,-0.019326797260098783,0.9207957237052686,0.9108016804301902,0.009994043275078468,0.009994043275078468,0.02932084053517725,999,1000,unsw
unsw_recon__m2_centroid__ms999__q1000_id500_ood500,123,123,unsw_recon_m2_centroid,0.8848505217335638,0.9042099961590169,-0.01935947442545305,0.9207957237052686,0.9108016804301902,0.009994043275078468,0.009994043275078468,0.029353517700531517,999,1000,unsw
unsw_recon__m2_centroid__ms999__q1000_id500_ood500,123,999,unsw_recon_m2_centroid,0.8848505217335638,0.9041773189936626,-0.019326797260098783,0.9207957237052686,0.9108016804301902,0.009994043275078468,0.009994043275078468,0.02932084053517725,999,1000,unsw
unsw_recon__m2_centroid__ms999__q1000_id500_ood500,999,42,unsw_recon_m2_centroid,0.903201617110068,0.8968945292123109,0.006307087897757024,0.8679903495044341,0.9002467983828898,-0.03225644887845569,-0.03225644887845569,-0.038563536776212715,999,1000,unsw
unsw_recon__m2_centroid__ms999__q1000_id500_ood500,999,123,unsw_recon_m2_centroid,0.903201617110068,0.8967874869587896,0.006414130151278341,0.8679903495044341,0.9002728938445487,-0.03228254434011457,-0.03228254434011457,-0.03869667449139291,999,1000,unsw
unsw_recon__m2_centroid__ms999__q1000_id500_ood500,999,999,unsw_recon_m2_centroid,0.903201617110068,0.8967874869587896,0.006414130151278341,0.8679903495044341,0.9002728938445487,-0.03228254434011457,-0.03228254434011457,-0.03869667449139291,999,1000,unsw
unsw_recon__m2_centroid__ms999__q1000_id500_ood500,2024,42,unsw_recon_m2_centroid,0.9011272141706924,0.8984903059581321,0.0026369082125603516,0.8912238325281804,0.8933568438003222,-0.002133011272141827,-0.002133011272141827,-0.004769919484702179,999,1000,unsw
unsw_recon__m2_centroid__ms999__q1000_id500_ood500,2024,123,unsw_recon_m2_centroid,0.9011272141706924,0.8984903059581321,0.0026369082125603516,0.8912238325281804,0.8933568438003222,-0.002133011272141827,-0.002133011272141827,-0.004769919484702179,999,1000,unsw
unsw_recon__m2_centroid__ms999__q1000_id500_ood500,2024,999,unsw_recon_m2_centroid,0.9011272141706924,0.8984903059581321,0.0026369082125603516,0.8912238325281804,0.8933568438003222,-0.002133011272141827,-0.002133011272141827,-0.004769919484702179,999,1000,unsw
unsw_recon__natural_cur__ms123__q1000_id500_ood500,7,42,unsw_recon_natural_cur,0.7428635432667691,0.7637490783410139,-0.020885535074244843,0.8130440348182284,0.7786814260112648,0.034362608806963624,0.034362608806963624,0.05524814388120847,123,1000,unsw
unsw_recon__natural_cur__ms123__q1000_id500_ood500,7,123,unsw_recon_natural_cur,0.7428635432667691,0.7637490783410139,-0.020885535074244843,0.8130440348182284,0.7786814260112648,0.034362608806963624,0.034362608806963624,0.05524814388120847,123,1000,unsw
unsw_recon__natural_cur__ms123__q1000_id500_ood500,7,999,unsw_recon_natural_cur,0.7428635432667691,0.7637490783410139,-0.020885535074244843,0.8130440348182284,0.7786814260112648,0.034362608806963624,0.034362608806963624,0.05524814388120847,123,1000,unsw
unsw_recon__natural_cur__ms123__q1000_id500_ood500,42,42,unsw_recon_natural_cur,0.7718483154167801,0.7777223585767156,-0.005874043159935449,0.7718483154167801,0.774192029670453,-0.0023437142536728572,-0.0023437142536728572,0.003530328906262592,123,1000,unsw
unsw_recon__natural_cur__ms123__q1000_id500_ood500,42,123,unsw_recon_natural_cur,0.7718483154167801,0.7777223585767156,-0.005874043159935449,0.7718483154167801,0.7741990323459204,-0.0023507169291402397,-0.0023507169291402397,0.0035233262307952096,123,1000,unsw
unsw_recon__natural_cur__ms123__q1000_id500_ood500,42,999,unsw_recon_natural_cur,0.7718483154167801,0.7777223585767156,-0.005874043159935449,0.7737788173472822,0.774192029670453,-0.0004132123231708196,-0.0004132123231708196,0.00546083083676463,123,1000,unsw
unsw_recon__natural_cur__ms123__q1000_id500_ood500,123,42,unsw_recon_natural_cur,0.8200000000000001,0.8179376000000002,0.0020623999999999088,0.834,0.8029808,0.031019199999999914,0.031019199999999914,0.028956800000000005,123,1000,unsw
unsw_recon__natural_cur__ms123__q1000_id500_ood500,123,123,unsw_recon_natural_cur,0.8200000000000001,0.8179376000000002,0.0020623999999999088,0.834,0.8029416000000001,0.03105839999999982,0.03105839999999982,0.02899599999999991,123,1000,unsw
unsw_recon__natural_cur__ms123__q1000_id500_ood500,123,999,unsw_recon_natural_cur,0.8200000000000001,0.8179376000000002,0.0020623999999999088,0.834,0.8030424,0.03095759999999992,0.03095759999999992,0.02889520000000001,123,1000,unsw
unsw_recon__natural_cur__ms123__q1000_id500_ood500,999,42,unsw_recon_natural_cur,0.7853462157809984,0.7620580193236715,0.023288196457326937,0.7680354267310789,0.7713299033816424,-0.0032944766505634826,-0.0032944766505634826,-0.02658267310789042,123,1000,unsw
unsw_recon__natural_cur__ms123__q1000_id500_ood500,999,123,unsw_recon_natural_cur,0.7853462157809984,0.7620580193236715,0.023288196457326937,0.7680354267310789,0.7713299033816424,-0.0032944766505634826,-0.0032944766505634826,-0.02658267310789042,123,1000,unsw
unsw_recon__natural_cur__ms123__q1000_id500_ood500,999,999,unsw_recon_natural_cur,0.7853462157809984,0.7620580193236715,0.023288196457326937,0.7680354267310789,0.7713299033816424,-0.0032944766505634826,-0.0032944766505634826,-0.02658267310789042,123,1000,unsw
unsw_recon__natural_cur__ms123__q1000_id500_ood500,2024,42,unsw_recon_natural_cur,0.8020164469978597,0.8160817522007113,-0.014065305202851652,0.8112859878659135,0.800644395629154,0.010641592236759534,0.010641592236759534,0.024706897439611186,123,1000,unsw
unsw_recon__natural_cur__ms123__q1000_id500_ood500,2024,123,unsw_recon_natural_cur,0.8118975200759587,0.8170572168847262,-0.005159696808767489,0.8112859878659135,0.800644395629154,0.010641592236759534,0.010641592236759534,0.015801289045527023,123,1000,unsw
unsw_recon__natural_cur__ms123__q1000_id500_ood500,2024,999,unsw_recon_natural_cur,0.8118975200759587,0.8170572168847262,-0.005159696808767489,0.8112859878659135,0.800644395629154,0.010641592236759534,0.010641592236759534,0.015801289045527023,123,1000,unsw
unsw_recon__natural_cur__ms42__q1000_id500_ood500,7,42,unsw_recon_natural_cur,0.76,0.7349724,0.02502760000000004,0.752,0.751654,0.00034599999999995745,0.00034599999999995745,-0.02468160000000008,42,1000,unsw
unsw_recon__natural_cur__ms42__q1000_id500_ood500,7,123,unsw_recon_natural_cur,0.76,0.7349724,0.02502760000000004,0.752,0.751654,0.00034599999999995745,0.00034599999999995745,-0.02468160000000008,42,1000,unsw
unsw_recon__natural_cur__ms42__q1000_id500_ood500,7,999,unsw_recon_natural_cur,0.76,0.7347292000000001,0.025270799999999927,0.752,0.751654,0.00034599999999995745,0.00034599999999995745,-0.02492479999999997,42,1000,unsw
unsw_recon__natural_cur__ms42__q1000_id500_ood500,42,42,unsw_recon_natural_cur,0.797551184263348,0.7882831794460056,0.009268004817342468,0.8004014452027298,0.7852551746286632,0.01514627057406659,0.01514627057406659,0.0058782657567241214,42,1000,unsw
unsw_recon__natural_cur__ms42__q1000_id500_ood500,42,123,unsw_recon_natural_cur,0.797551184263348,0.7882831794460056,0.009268004817342468,0.8004014452027298,0.7852551746286632,0.01514627057406659,0.01514627057406659,0.0058782657567241214,42,1000,unsw
unsw_recon__natural_cur__ms42__q1000_id500_ood500,42,999,unsw_recon_natural_cur,0.797551184263348,0.7882831794460056,0.009268004817342468,0.8004014452027298,0.7852551746286632,0.01514627057406659,0.01514627057406659,0.0058782657567241214,42,1000,unsw
unsw_recon__natural_cur__ms42__q1000_id500_ood500,123,42,unsw_recon_natural_cur,0.8249085893899544,0.8316665886201808,-0.0067579992302264635,0.7890339341843609,0.8147891077041503,-0.0257551735197894,-0.0257551735197894,-0.018997174289562935,42,1000,unsw
unsw_recon__natural_cur__ms42__q1000_id500_ood500,123,123,unsw_recon_natural_cur,0.8249085893899544,0.8316665886201808,-0.0067579992302264635,0.7890339341843609,0.8147891077041503,-0.0257551735197894,-0.0257551735197894,-0.018997174289562935,42,1000,unsw
unsw_recon__natural_cur__ms42__q1000_id500_ood500,123,999,unsw_recon_natural_cur,0.8249085893899544,0.8327838155109369,-0.00787522612098257,0.7890339341843609,0.8147891077041503,-0.0257551735197894,-0.0257551735197894,-0.017879947398806828,42,1000,unsw
unsw_recon__natural_cur__ms42__q1000_id500_ood500,999,42,unsw_recon_natural_cur,0.7995711725550435,0.7455229774705581,0.05404819508448544,0.755984383000512,0.7604474014336917,-0.004463018433179755,-0.004463018433179755,-0.058511213517665195,42,1000,unsw
unsw_recon__natural_cur__ms42__q1000_id500_ood500,999,123,unsw_recon_natural_cur,0.7995711725550435,0.7455229774705581,0.05404819508448544,0.755984383000512,0.7604474014336917,-0.004463018433179755,-0.004463018433179755,-0.058511213517665195,42,1000,unsw
unsw_recon__natural_cur__ms42__q1000_id500_ood500,999,999,unsw_recon_natural_cur,0.7995711725550435,0.7455229774705581,0.05404819508448544,0.755984383000512,0.7604474014336917,-0.004463018433179755,-0.004463018433179755,-0.058511213517665195,42,1000,unsw
unsw_recon__natural_cur__ms42__q1000_id500_ood500,2024,42,unsw_recon_natural_cur,0.7798319327731092,0.7781704281712686,0.0016615046018406687,0.8052420968387355,0.7878633533413365,0.017378743497398985,0.017378743497398985,0.015717238895558316,42,1000,unsw
unsw_recon__natural_cur__ms42__q1000_id500_ood500,2024,123,unsw_recon_natural_cur,0.7778711484593837,0.7781712124849941,-0.000300064025610447,0.8052420968387355,0.7878633533413365,0.017378743497398985,0.017378743497398985,0.017678807523009432,42,1000,unsw
unsw_recon__natural_cur__ms42__q1000_id500_ood500,2024,999,unsw_recon_natural_cur,0.7778711484593837,0.7781704281712686,-0.0002992797118849255,0.8052420968387355,0.7877504121648659,0.017491684673869634,0.017491684673869634,0.01779096438575456,42,1000,unsw
unsw_recon__natural_cur__ms999__q1000_id500_ood500,7,42,unsw_recon_natural_cur,0.7363782051282051,0.8021195512820511,-0.06574134615384608,0.813301282051282,0.8064483333333334,0.006852948717948615,0.006852948717948615,0.0725942948717947,999,1000,unsw
unsw_recon__natural_cur__ms999__q1000_id500_ood500,7,123,unsw_recon_natural_cur,0.7363782051282051,0.8021195512820511,-0.06574134615384608,0.813301282051282,0.8064483333333334,0.006852948717948615,0.006852948717948615,0.0725942948717947,999,1000,unsw
unsw_recon__natural_cur__ms999__q1000_id500_ood500,7,999,unsw_recon_natural_cur,0.7363782051282051,0.8021195512820511,-0.06574134615384608,0.813301282051282,0.8064483333333334,0.006852948717948615,0.006852948717948615,0.0725942948717947,999,1000,unsw
unsw_recon__natural_cur__ms999__q1000_id500_ood500,42,42,unsw_recon_natural_cur,0.796,0.8072860000000002,-0.01128600000000013,0.794,0.8287396,-0.03473959999999998,-0.03473959999999998,-0.023453599999999852,999,1000,unsw
unsw_recon__natural_cur__ms999__q1000_id500_ood500,42,123,unsw_recon_natural_cur,0.796,0.8072388,-0.011238799999999993,0.794,0.8287396,-0.03473959999999998,-0.03473959999999998,-0.02350079999999999,999,1000,unsw
unsw_recon__natural_cur__ms999__q1000_id500_ood500,42,999,unsw_recon_natural_cur,0.796,0.8072860000000002,-0.01128600000000013,0.794,0.8287396,-0.03473959999999998,-0.03473959999999998,-0.023453599999999852,999,1000,unsw
unsw_recon__natural_cur__ms999__q1000_id500_ood500,123,42,unsw_recon_natural_cur,0.7502587991718427,0.7629920483954451,-0.012733249223602416,0.8101384575569358,0.8044877135093167,0.005650744047619116,0.005650744047619116,0.018383993271221533,999,1000,unsw
unsw_recon__natural_cur__ms999__q1000_id500_ood500,123,123,unsw_recon_natural_cur,0.7502587991718427,0.7630532091097307,-0.012794409937888052,0.8101384575569358,0.8044872670807452,0.00565119047619056,0.00565119047619056,0.01844560041407861,999,1000,unsw
unsw_recon__natural_cur__ms999__q1000_id500_ood500,123,999,unsw_recon_natural_cur,0.7502587991718427,0.7629920483954451,-0.012733249223602416,0.8101384575569358,0.8044877135093167,0.005650744047619116,0.005650744047619116,0.018383993271221533,999,1000,unsw
unsw_recon__natural_cur__ms999__q1000_id500_ood500,999,42,unsw_recon_natural_cur,0.8215091441463064,0.8071414310628969,0.01436771308340945,0.8255252084033344,0.8197926894830316,0.005732518920302798,0.005732518920302798,-0.008635194163106652,999,1000,unsw
unsw_recon__natural_cur__ms999__q1000_id500_ood500,999,123,unsw_recon_natural_cur,0.8215091441463064,0.8071414310628969,0.01436771308340945,0.8255252084033344,0.8197926894830316,0.005732518920302798,0.005732518920302798,-0.008635194163106652,999,1000,unsw
unsw_recon__natural_cur__ms999__q1000_id500_ood500,999,999,unsw_recon_natural_cur,0.8215091441463064,0.8071414310628969,0.01436771308340945,0.8255252084033344,0.8197926894830316,0.005732518920302798,0.005732518920302798,-0.008635194163106652,999,1000,unsw
unsw_recon__natural_cur__ms999__q1000_id500_ood500,2024,42,unsw_recon_natural_cur,0.7826908299180328,0.8207508388831968,-0.03806000896516393,0.8550525102459017,0.8045297963627048,0.050522713883196846,0.050522713883196846,0.08858272284836077,999,1000,unsw
unsw_recon__natural_cur__ms999__q1000_id500_ood500,2024,123,unsw_recon_natural_cur,0.7826908299180328,0.8207508388831968,-0.03806000896516393,0.8550525102459017,0.8045297963627048,0.050522713883196846,0.050522713883196846,0.08858272284836077,999,1000,unsw
unsw_recon__natural_cur__ms999__q1000_id500_ood500,2024,999,unsw_recon_natural_cur,0.7826908299180328,0.8207508388831968,-0.03806000896516393,0.8550525102459017,0.8045297963627048,0.050522713883196846,0.050522713883196846,0.08858272284836077,999,1000,unsw
